#
# There is insufficient memory for the Java Runtime Environment to continue.
# Native memory allocation (malloc) failed to allocate 2097152 bytes. Error detail: AllocateHeap
# Possible reasons:
#   The system is out of physical RAM or swap space
#   This process is running with CompressedOops enabled, and the Java Heap may be blocking the growth of the native heap
# Possible solutions:
#   Reduce memory load on the system
#   Increase physical memory or swap space
#   Check if swap backing store is full
#   Decrease Java heap size (-Xmx/-Xms)
#   Decrease number of Java threads
#   Decrease Java thread stack sizes (-Xss)
#   Set larger code cache with -XX:ReservedCodeCacheSize=
#   JVM is running with Zero Based Compressed Oops mode in which the Java heap is
#     placed in the first 32GB address space. The Java Heap base address is the
#     maximum limit for the native heap growth. Please use -XX:HeapBaseMinAddress
#     to set the Java Heap base and to place the Java Heap above 32GB virtual address.
# This output file may be truncated or incomplete.
#
#  Out of Memory Error (allocation.cpp:44), pid=39184, tid=37692
#
# JRE version: OpenJDK Runtime Environment Temurin-21.0.9+10 (21.0.9+10) (build 21.0.9+10-LTS)
# Java VM: OpenJDK 64-Bit Server VM Temurin-21.0.9+10 (21.0.9+10-LTS, mixed mode, emulated-client, sharing, tiered, compressed oops, compressed class ptrs, g1 gc, windows-amd64)
# No core dump will be written. Minidumps are not enabled by default on client versions of Windows
#

---------------  S U M M A R Y ------------

Command Line: -agentlib:jdwp=transport=dt_socket,address=127.0.0.1:8830,suspend=y,server=n -javaagent:C:\Users\jmmo0722\AppData\Local\JetBrains\IntelliJIdea2025.1\captureAgent\debugger-agent.jar=file:///C:/Users/jmmo0722/AppData/Local/Temp/capture6558921320055689048.props -agentpath:C:\Users\jmmo0722\AppData\Local\Temp\idea_libasyncProfiler_dll_temp_folder\libasyncProfiler.dll=version,jfr,event=wall,interval=10ms,cstack=no,file=C:\Users\jmmo0722\IdeaSnapshots\PicngoApplication_2026_08_12_152522.jfr,dbghelppath=C:\Users\jmmo0722\AppData\Local\Temp\idea_dbghelp_dll_temp_folder\dbghelp.dll,log=C:\Users\jmmo0722\AppData\Local\Temp\PicngoApplication_2026_08_12_152522.jfr.log.txt,logLevel=DEBUG -XX:TieredStopAtLevel=1 -Dspring.output.ansi.enabled=always -Dcom.sun.management.jmxremote -Dspring.jmx.enabled=true -Dspring.liveBeansView.mbeanDomain -Dspring.application.admin.enabled=true -Dmanagement.endpoints.jmx.exposure.include=* -Dkotlinx.coroutines.debug.enable.creation.stack.trace=false -Ddebugger.agent.enable.coroutines=true -Dkotlinx.coroutines.debug.enable.flows.stack.trace=true -Dkotlinx.coroutines.debug.enable.mutable.state.flows.stack.trace=true -Dfile.encoding=UTF-8 -Dsun.stdout.encoding=UTF-8 -Dsun.stderr.encoding=UTF-8 com.project.picngo.PicngoApplication

Host: AMD Ryzen 5 7530U with Radeon Graphics         , 12 cores, 13G,  Windows 11 , 64 bit Build 26100 (10.0.26100.8875)
Time: Wed Aug 12 16:01:45 2026 elapsed time: 2182.171003 seconds (0d 0h 36m 22s)

---------------  T H R E A D  ---------------

Current thread (0x000001635a0e29c0):  VMThread "VM Thread"          [id=37692, stack(0x0000001b08f00000,0x0000001b09000000) (1024K)]

Stack: [0x0000001b08f00000,0x0000001b09000000]
Native frames: (J=compiled Java code, j=interpreted, Vv=VM code, C=native code)
V  [jvm.dll+0x6d6e29]
V  [jvm.dll+0x8b4b76]
V  [jvm.dll+0x8b712e]
V  [jvm.dll+0x8b7813]
V  [jvm.dll+0x283d86]
V  [jvm.dll+0xc1277]
V  [jvm.dll+0x34f35e]
V  [jvm.dll+0x349b4e]
V  [jvm.dll+0x332487]
V  [jvm.dll+0x3356ea]
V  [jvm.dll+0x33559d]
V  [jvm.dll+0x374676]
V  [jvm.dll+0x8bd500]
V  [jvm.dll+0x8be8a4]
V  [jvm.dll+0x8bede0]
V  [jvm.dll+0x8bf083]
V  [jvm.dll+0x85e9ad]
V  [jvm.dll+0x6d565d]
C  [ucrtbase.dll+0x2cd30]
C  [KERNEL32.DLL+0x2e957]
C  [ntdll.dll+0xaad6c]

VM_Operation (0x0000001b0cefb770): G1CollectForAllocation, mode: safepoint, requested by thread 0x000001636f4e7290


---------------  P R O C E S S  ---------------

Threads class SMR info:
_java_thread_list=0x000001636e6fd780, length=52, elements={
0x000001635a107310, 0x000001635a109f20, 0x000001635a115c90, 0x000001635a116a40,
0x000001635a118650, 0x000001635a11d1e0, 0x000001635a125850, 0x000001635a3024e0,
0x000001635a2dd020, 0x000001635a2dd6a0, 0x000001635a35c5b0, 0x000001635f55a560,
0x000001635f599f90, 0x000001635fc2a170, 0x0000016363d10cc0, 0x0000016365751b50,
0x000001636b2a9950, 0x000001636b2ab390, 0x000001636b2a7f10, 0x0000016365757730,
0x000001636d4e86f0, 0x000001636d4efd10, 0x000001636d4f03a0, 0x000001636ee56c50,
0x000001636ee537d0, 0x000001636ee5c830, 0x000001636ee5cec0, 0x000001636ee5d550,
0x000001636ee5adf0, 0x000001636ee5e900, 0x000001636ee5f620, 0x000001636ee5fcb0,
0x000001636ee61060, 0x000001636ee5ef90, 0x000001636ee60340, 0x000001636ee616f0,
0x000001636e55caa0, 0x000001636f4e7fb0, 0x000001636f4e6570, 0x000001636f4e51c0,
0x000001636f4ea080, 0x000001636f4e8cd0, 0x000001636f4e7290, 0x000001636f4e9360,
0x000001636f4e6c00, 0x000001636f4eada0, 0x000001636f4ec7e0, 0x000001636f4ea710,
0x000001636f4f1010, 0x000001636f4f3e00, 0x000001636fe3b320, 0x000001636f4f16a0
}

Java Threads: ( => current thread )
  0x000001635a107310 JavaThread "Reference Handler"          daemon [_thread_blocked, id=44668, stack(0x0000001b09000000,0x0000001b09100000) (1024K)]
  0x000001635a109f20 JavaThread "Finalizer"                  daemon [_thread_blocked, id=44604, stack(0x0000001b09100000,0x0000001b09200000) (1024K)]
  0x000001635a115c90 JavaThread "Signal Dispatcher"          daemon [_thread_blocked, id=27320, stack(0x0000001b09200000,0x0000001b09300000) (1024K)]
  0x000001635a116a40 JavaThread "Attach Listener"            daemon [_thread_blocked, id=1672, stack(0x0000001b09300000,0x0000001b09400000) (1024K)]
  0x000001635a118650 JavaThread "Service Thread"             daemon [_thread_blocked, id=29440, stack(0x0000001b09400000,0x0000001b09500000) (1024K)]
  0x000001635a11d1e0 JavaThread "Monitor Deflation Thread"   daemon [_thread_blocked, id=44488, stack(0x0000001b09500000,0x0000001b09600000) (1024K)]
  0x000001635a125850 JavaThread "C1 CompilerThread0"         daemon [_thread_blocked, id=27196, stack(0x0000001b09600000,0x0000001b09700000) (1024K)]
  0x000001635a3024e0 JavaThread "JDWP Transport Listener: dt_socket" daemon [_thread_blocked, id=4084, stack(0x0000001b09800000,0x0000001b09900000) (1024K)]
  0x000001635a2dd020 JavaThread "JDWP Event Helper Thread"   daemon [_thread_blocked, id=27340, stack(0x0000001b09900000,0x0000001b09a00000) (1024K)]
  0x000001635a2dd6a0 JavaThread "JDWP Command Reader"        daemon [_thread_in_native, id=41284, stack(0x0000001b09a00000,0x0000001b09b00000) (1024K)]
  0x000001635a35c5b0 JavaThread "Common-Cleaner"             daemon [_thread_blocked, id=11604, stack(0x0000001b09b00000,0x0000001b09c00000) (1024K)]
  0x000001635f55a560 JavaThread "IntelliJ Suspend Helper"    daemon [_thread_blocked, id=12200, stack(0x0000001b0a400000,0x0000001b0a500000) (1024K)]
  0x000001635f599f90 JavaThread "Notification Thread"        daemon [_thread_blocked, id=40216, stack(0x0000001b0a500000,0x0000001b0a600000) (1024K)]
  0x000001635fc2a170 JavaThread "RMI TCP Accept-0"           daemon [_thread_in_native, id=43260, stack(0x0000001b0a900000,0x0000001b0aa00000) (1024K)]
  0x0000016363d10cc0 JavaThread "mysql-cj-abandoned-connection-cleanup" daemon [_thread_blocked, id=21208, stack(0x0000001b09e00000,0x0000001b09f00000) (1024K)]
  0x0000016365751b50 JavaThread "HikariPool-1:housekeeper"   daemon [_thread_blocked, id=23092, stack(0x0000001b09d00000,0x0000001b09e00000) (1024K)]
  0x000001636b2a9950 JavaThread "Catalina-utility-1"                [_thread_blocked, id=13996, stack(0x0000001b0b300000,0x0000001b0b400000) (1024K)]
  0x000001636b2ab390 JavaThread "Catalina-utility-2"                [_thread_blocked, id=41960, stack(0x0000001b0b400000,0x0000001b0b500000) (1024K)]
  0x000001636b2a7f10 JavaThread "container-0"                       [_thread_blocked, id=29092, stack(0x0000001b0b500000,0x0000001b0b600000) (1024K)]
  0x0000016365757730 JavaThread "idle-connection-reaper"     daemon [_thread_blocked, id=38908, stack(0x0000001b0b600000,0x0000001b0b700000) (1024K)]
  0x000001636d4e86f0 JavaThread "Jndi-Dns-address-change-listener" daemon [_thread_in_native, id=29336, stack(0x0000001b0b000000,0x0000001b0b100000) (1024K)]
  0x000001636d4efd10 JavaThread "lettuce-eventExecutorLoop-1-1" daemon [_thread_blocked, id=38200, stack(0x0000001b0b100000,0x0000001b0b200000) (1024K)]
  0x000001636d4f03a0 JavaThread "lettuce-timer-3-1"          daemon [_thread_blocked, id=10820, stack(0x0000001b0b700000,0x0000001b0b800000) (1024K)]
  0x000001636ee56c50 JavaThread "File Watcher"               daemon [_thread_blocked, id=12088, stack(0x0000001b0ba00000,0x0000001b0bb00000) (1024K)]
  0x000001636ee537d0 JavaThread "MessageBroker-1"                   [_thread_blocked, id=38260, stack(0x0000001b0bb00000,0x0000001b0bc00000) (1024K)]
  0x000001636ee5c830 JavaThread "http-nio-8080-exec-1"       daemon [_thread_blocked, id=40508, stack(0x0000001b0bc00000,0x0000001b0bd00000) (1024K)]
  0x000001636ee5cec0 JavaThread "http-nio-8080-exec-2"       daemon [_thread_blocked, id=4716, stack(0x0000001b0bd00000,0x0000001b0be00000) (1024K)]
  0x000001636ee5d550 JavaThread "http-nio-8080-exec-3"       daemon [_thread_blocked, id=28304, stack(0x0000001b0be00000,0x0000001b0bf00000) (1024K)]
  0x000001636ee5adf0 JavaThread "http-nio-8080-exec-4"       daemon [_thread_blocked, id=5664, stack(0x0000001b0bf00000,0x0000001b0c000000) (1024K)]
  0x000001636ee5e900 JavaThread "http-nio-8080-exec-5"       daemon [_thread_blocked, id=16740, stack(0x0000001b0c000000,0x0000001b0c100000) (1024K)]
  0x000001636ee5f620 JavaThread "http-nio-8080-exec-6"       daemon [_thread_blocked, id=11844, stack(0x0000001b0c100000,0x0000001b0c200000) (1024K)]
  0x000001636ee5fcb0 JavaThread "http-nio-8080-exec-7"       daemon [_thread_blocked, id=42768, stack(0x0000001b0c200000,0x0000001b0c300000) (1024K)]
  0x000001636ee61060 JavaThread "http-nio-8080-exec-8"       daemon [_thread_blocked, id=11576, stack(0x0000001b0c300000,0x0000001b0c400000) (1024K)]
  0x000001636ee5ef90 JavaThread "http-nio-8080-exec-9"       daemon [_thread_blocked, id=37108, stack(0x0000001b0c400000,0x0000001b0c500000) (1024K)]
  0x000001636ee60340 JavaThread "http-nio-8080-exec-10"      daemon [_thread_blocked, id=37996, stack(0x0000001b0c500000,0x0000001b0c600000) (1024K)]
  0x000001636ee616f0 JavaThread "http-nio-8080-Acceptor"     daemon [_thread_in_native, id=16940, stack(0x0000001b0c700000,0x0000001b0c800000) (1024K)]
  0x000001636e55caa0 JavaThread "AMQP Connection 127.0.0.1:5672"        [_thread_in_native, id=42688, stack(0x0000001b0c800000,0x0000001b0c900000) (1024K)]
  0x000001636f4e7fb0 JavaThread "pool-5-thread-2"                   [_thread_blocked, id=18760, stack(0x0000001b0c900000,0x0000001b0ca00000) (1024K)]
  0x000001636f4e6570 JavaThread "org.springframework.amqp.rabbit.RabbitListenerEndpointContainer#0-1"        [_thread_blocked, id=25736, stack(0x0000001b0ca00000,0x0000001b0cb00000) (1024K)]
  0x000001636f4e51c0 JavaThread "pool-5-thread-3"                   [_thread_blocked, id=38084, stack(0x0000001b0cb00000,0x0000001b0cc00000) (1024K)]
  0x000001636f4ea080 JavaThread "MessageBroker-2"                   [_thread_blocked, id=12892, stack(0x0000001b0cc00000,0x0000001b0cd00000) (1024K)]
  0x000001636f4e8cd0 JavaThread "MessageBroker-3"                   [_thread_blocked, id=18596, stack(0x0000001b0cd00000,0x0000001b0ce00000) (1024K)]
  0x000001636f4e7290 JavaThread "MessageBroker-4"                   [_thread_blocked, id=8596, stack(0x0000001b0ce00000,0x0000001b0cf00000) (1024K)]
  0x000001636f4e9360 JavaThread "MessageBroker-5"                   [_thread_blocked, id=42412, stack(0x0000001b0cf00000,0x0000001b0d000000) (1024K)]
  0x000001636f4e6c00 JavaThread "MessageBroker-6"                   [_thread_blocked, id=44688, stack(0x0000001b0d000000,0x0000001b0d100000) (1024K)]
  0x000001636f4eada0 JavaThread "MessageBroker-7"                   [_thread_blocked, id=37136, stack(0x0000001b0d100000,0x0000001b0d200000) (1024K)]
  0x000001636f4ec7e0 JavaThread "MessageBroker-8"                   [_thread_blocked, id=40848, stack(0x0000001b0d200000,0x0000001b0d300000) (1024K)]
  0x000001636f4ea710 JavaThread "DestroyJavaVM"                     [_thread_blocked, id=6900, stack(0x0000001b08800000,0x0000001b08900000) (1024K)]
  0x000001636f4f1010 JavaThread "MessageBroker-9"                   [_thread_blocked, id=38600, stack(0x0000001b08600000,0x0000001b08700000) (1024K)]
  0x000001636f4f3e00 JavaThread "MessageBroker-10"                  [_thread_blocked, id=42556, stack(0x0000001b08500000,0x0000001b08600000) (1024K)]
  0x000001636fe3b320 JavaThread "lettuce-nioEventLoop-4-1"   daemon [_thread_in_native, id=20684, stack(0x0000001b08700000,0x0000001b08800000) (1024K)]
  0x000001636f4f16a0 JavaThread "MessageBroker-11"                  [_thread_blocked, id=44996, stack(0x0000001b0af00000,0x0000001b0b000000) (1024K)]
Total: 52

Other Threads:
=>0x000001635a0e29c0 VMThread "VM Thread"                           [id=37692, stack(0x0000001b08f00000,0x0000001b09000000) (1024K)]
  0x000001630e304db0 WatcherThread "VM Periodic Task Thread"        [id=28896, stack(0x0000001b08e00000,0x0000001b08f00000) (1024K)]
  0x000001630e1ec860 WorkerThread "GC Thread#0"                     [id=15960, stack(0x0000001b08900000,0x0000001b08a00000) (1024K)]
  0x000001635f4abdd0 WorkerThread "GC Thread#1"                     [id=24532, stack(0x0000001b09f00000,0x0000001b0a000000) (1024K)]
  0x000001635f4ac170 WorkerThread "GC Thread#2"                     [id=14672, stack(0x0000001b0a000000,0x0000001b0a100000) (1024K)]
  0x000001635f4ac510 WorkerThread "GC Thread#3"                     [id=5232, stack(0x0000001b0a100000,0x0000001b0a200000) (1024K)]
  0x000001635f4ac8b0 WorkerThread "GC Thread#4"                     [id=37868, stack(0x0000001b0a200000,0x0000001b0a300000) (1024K)]
  0x000001635f4cbf30 WorkerThread "GC Thread#5"                     [id=3668, stack(0x0000001b09c00000,0x0000001b09d00000) (1024K)]
  0x000001635f4cc6e0 WorkerThread "GC Thread#6"                     [id=43576, stack(0x0000001b0a300000,0x0000001b0a400000) (1024K)]
  0x000001635fb556c0 WorkerThread "GC Thread#7"                     [id=30348, stack(0x0000001b0a600000,0x0000001b0a700000) (1024K)]
  0x000001635fb56540 WorkerThread "GC Thread#8"                     [id=30800, stack(0x0000001b0a700000,0x0000001b0a800000) (1024K)]
  0x000001635fb55a60 WorkerThread "GC Thread#9"                     [id=40092, stack(0x0000001b0a800000,0x0000001b0a900000) (1024K)]
  0x000001630e1fc610 ConcurrentGCThread "G1 Main Marker"            [id=19816, stack(0x0000001b08a00000,0x0000001b08b00000) (1024K)]
  0x000001630e1feba0 WorkerThread "G1 Conc#0"                       [id=8724, stack(0x0000001b08b00000,0x0000001b08c00000) (1024K)]
  0x00000163603743e0 WorkerThread "G1 Conc#1"                       [id=39324, stack(0x0000001b0ac00000,0x0000001b0ad00000) (1024K)]
  0x0000016360371860 WorkerThread "G1 Conc#2"                       [id=27636, stack(0x0000001b0ad00000,0x0000001b0ae00000) (1024K)]
  0x000001630e2a3eb0 ConcurrentGCThread "G1 Refine#0"               [id=3756, stack(0x0000001b08c00000,0x0000001b08d00000) (1024K)]
  0x000001630e2a4930 ConcurrentGCThread "G1 Service"                [id=27840, stack(0x0000001b08d00000,0x0000001b08e00000) (1024K)]
Total: 18

Threads with active compile tasks:
Total: 0

VM state: at safepoint (normal execution)

VM Mutex/Monitor currently owned by a thread:  ([mutex/lock_event])
[0x00007ffbe1cdd570] Threads_lock - owner thread: 0x000001635a0e29c0
[0x00007ffbe1cdd670] Heap_lock - owner thread: 0x000001636f4e7290

OutOfMemory and StackOverflow Exception counts:
OutOfMemoryError java_heap_errors=2
LinkageErrors=244

Heap address: 0x0000000722800000, size: 3544 MB, Compressed Oops mode: Zero based, Oop shift amount: 3

CDS archive(s) mapped at: [0x0000016319000000-0x0000016319c80000-0x0000016319c80000), size 13107200, SharedBaseAddress: 0x0000016319000000, ArchiveRelocationMode: 1.
Compressed class space mapped at: 0x000001631a000000-0x000001635a000000, reserved size: 1073741824
Narrow klass base: 0x0000016319000000, Narrow klass shift: 0, Narrow klass range: 0x100000000

GC Precious Log:
 CardTable entry size: 512
 Card Set container configuration: InlinePtr #cards 4 size 8 Array Of Cards #cards 16 size 48 Howl #buckets 8 coarsen threshold 3686 Howl Bitmap #cards 512 size 80 coarsen threshold 460 Card regions per heap region 1 cards per card region 4096
 CPUs: 12 total, 12 available
 Memory: 14173M
 Large Page Support: Disabled
 NUMA Support: Disabled
 Compressed Oops: Enabled (Zero based)
 Heap Region Size: 2M
 Heap Min Capacity: 8M
 Heap Initial Capacity: 222M
 Heap Max Capacity: 3544M
 Pre-touch: Disabled
 Parallel Workers: 10
 Concurrent Workers: 3
 Concurrent Refinement Workers: 10
 Periodic GC: Disabled

Heap:
 garbage-first heap   total 3629056K, used 3619765K [0x0000000722800000, 0x0000000800000000)
  region size 2048K, 0 young (0K), 0 survivors (0K)
 Metaspace       used 139685K, committed 140992K, reserved 1179648K
  class space    used 19548K, committed 20096K, reserved 1048576K

Heap Regions: E=young(eden), S=young(survivor), O=old, HS=humongous(starts), HC=humongous(continues), CS=collection set, F=free, TAMS=top-at-mark-start, PB=parsable bottom
|   0|0x0000000722800000, 0x0000000722a00000, 0x0000000722a00000|100%| O|  |TAMS 0x0000000722a00000| PB 0x0000000722800000| Untracked 
|   1|0x0000000722a00000, 0x0000000722c00000, 0x0000000722c00000|100%| O|  |TAMS 0x0000000722c00000| PB 0x0000000722a00000| Untracked 
|   2|0x0000000722c00000, 0x0000000722e00000, 0x0000000722e00000|100%| O|  |TAMS 0x0000000722e00000| PB 0x0000000722c00000| Untracked 
|   3|0x0000000722e00000, 0x0000000723000000, 0x0000000723000000|100%| O|  |TAMS 0x0000000723000000| PB 0x0000000722e00000| Untracked 
|   4|0x0000000723000000, 0x00000007231fffe0, 0x0000000723200000| 99%| O|  |TAMS 0x00000007231fffe0| PB 0x0000000723000000| Untracked 
|   5|0x0000000723200000, 0x00000007233ffff8, 0x0000000723400000| 99%| O|  |TAMS 0x00000007233ffff8| PB 0x0000000723200000| Untracked 
|   6|0x0000000723400000, 0x0000000723600000, 0x0000000723600000|100%| O|  |TAMS 0x0000000723600000| PB 0x0000000723400000| Untracked 
|   7|0x0000000723600000, 0x0000000723800000, 0x0000000723800000|100%| O|  |TAMS 0x0000000723800000| PB 0x0000000723600000| Untracked 
|   8|0x0000000723800000, 0x00000007239fffb0, 0x0000000723a00000| 99%| O|  |TAMS 0x00000007239fffb0| PB 0x0000000723800000| Untracked 
|   9|0x0000000723a00000, 0x0000000723bffff8, 0x0000000723c00000| 99%| O|  |TAMS 0x0000000723bffff8| PB 0x0000000723a00000| Untracked 
|  10|0x0000000723c00000, 0x0000000723df27e8, 0x0000000723e00000| 97%| O|  |TAMS 0x0000000723df27e8| PB 0x0000000723c00000| Untracked 
|  11|0x0000000723e00000, 0x0000000723ffffa0, 0x0000000724000000| 99%| O|  |TAMS 0x0000000723ffffa0| PB 0x0000000723e00000| Untracked 
|  12|0x0000000724000000, 0x00000007241ffff8, 0x0000000724200000| 99%| O|  |TAMS 0x00000007241ffff8| PB 0x0000000724000000| Untracked 
|  13|0x0000000724200000, 0x00000007243fffe8, 0x0000000724400000| 99%| O|  |TAMS 0x00000007243fffe8| PB 0x0000000724200000| Untracked 
|  14|0x0000000724400000, 0x0000000724600000, 0x0000000724600000|100%| O|  |TAMS 0x0000000724600000| PB 0x0000000724400000| Untracked 
|  15|0x0000000724600000, 0x00000007247ffff0, 0x0000000724800000| 99%| O|  |TAMS 0x00000007247ffff0| PB 0x0000000724600000| Untracked 
|  16|0x0000000724800000, 0x00000007249ff0b8, 0x0000000724a00000| 99%| O|  |TAMS 0x00000007249ff0b8| PB 0x0000000724800000| Untracked 
|  17|0x0000000724a00000, 0x0000000724bffef0, 0x0000000724c00000| 99%| O|  |TAMS 0x0000000724bffef0| PB 0x0000000724a00000| Untracked 
|  18|0x0000000724c00000, 0x0000000724dfffa8, 0x0000000724e00000| 99%| O|  |TAMS 0x0000000724dfffa8| PB 0x0000000724c00000| Untracked 
|  19|0x0000000724e00000, 0x0000000724ffffd0, 0x0000000725000000| 99%| O|  |TAMS 0x0000000724ffffd0| PB 0x0000000724e00000| Untracked 
|  20|0x0000000725000000, 0x0000000725200000, 0x0000000725200000|100%| O|  |TAMS 0x0000000725200000| PB 0x0000000725000000| Untracked 
|  21|0x0000000725200000, 0x00000007253fffe8, 0x0000000725400000| 99%| O|  |TAMS 0x00000007253fffe8| PB 0x0000000725200000| Untracked 
|  22|0x0000000725400000, 0x00000007255fffe8, 0x0000000725600000| 99%| O|  |TAMS 0x00000007255fffe8| PB 0x0000000725400000| Untracked 
|  23|0x0000000725600000, 0x00000007257ffff8, 0x0000000725800000| 99%| O|  |TAMS 0x00000007257ffff8| PB 0x0000000725600000| Untracked 
|  24|0x0000000725800000, 0x00000007259ffff8, 0x0000000725a00000| 99%| O|  |TAMS 0x00000007259ffff8| PB 0x0000000725800000| Untracked 
|  25|0x0000000725a00000, 0x0000000725bfffd8, 0x0000000725c00000| 99%| O|  |TAMS 0x0000000725bfffd8| PB 0x0000000725a00000| Untracked 
|  26|0x0000000725c00000, 0x0000000725dffff8, 0x0000000725e00000| 99%| O|  |TAMS 0x0000000725dffff8| PB 0x0000000725c00000| Untracked 
|  27|0x0000000725e00000, 0x0000000725fffff0, 0x0000000726000000| 99%| O|  |TAMS 0x0000000725fffff0| PB 0x0000000725e00000| Untracked 
|  28|0x0000000726000000, 0x0000000726200000, 0x0000000726200000|100%| O|  |TAMS 0x0000000726200000| PB 0x0000000726000000| Untracked 
|  29|0x0000000726200000, 0x00000007263fffe0, 0x0000000726400000| 99%| O|  |TAMS 0x00000007263fffe0| PB 0x0000000726200000| Untracked 
|  30|0x0000000726400000, 0x00000007265ffff0, 0x0000000726600000| 99%| O|  |TAMS 0x00000007265ffff0| PB 0x0000000726400000| Untracked 
|  31|0x0000000726600000, 0x00000007267ffff8, 0x0000000726800000| 99%| O|  |TAMS 0x00000007267ffff8| PB 0x0000000726600000| Untracked 
|  32|0x0000000726800000, 0x00000007269ffff0, 0x0000000726a00000| 99%| O|  |TAMS 0x00000007269ffff0| PB 0x0000000726800000| Untracked 
|  33|0x0000000726a00000, 0x0000000726bfffe0, 0x0000000726c00000| 99%| O|  |TAMS 0x0000000726bfffe0| PB 0x0000000726a00000| Untracked 
|  34|0x0000000726c00000, 0x0000000726dfe420, 0x0000000726e00000| 99%| O|  |TAMS 0x0000000726dfe420| PB 0x0000000726c00000| Untracked 
|  35|0x0000000726e00000, 0x0000000726fffff0, 0x0000000727000000| 99%| O|  |TAMS 0x0000000726fffff0| PB 0x0000000726e00000| Untracked 
|  36|0x0000000727000000, 0x00000007271ffff8, 0x0000000727200000| 99%| O|  |TAMS 0x00000007271ffff8| PB 0x0000000727000000| Untracked 
|  37|0x0000000727200000, 0x00000007273fffc8, 0x0000000727400000| 99%| O|  |TAMS 0x00000007273fffc8| PB 0x0000000727200000| Untracked 
|  38|0x0000000727400000, 0x0000000727600000, 0x0000000727600000|100%| O|  |TAMS 0x0000000727600000| PB 0x0000000727400000| Untracked 
|  39|0x0000000727600000, 0x0000000727800000, 0x0000000727800000|100%| O|  |TAMS 0x0000000727800000| PB 0x0000000727600000| Untracked 
|  40|0x0000000727800000, 0x0000000727a00000, 0x0000000727a00000|100%| O|  |TAMS 0x0000000727a00000| PB 0x0000000727800000| Untracked 
|  41|0x0000000727a00000, 0x0000000727bffff8, 0x0000000727c00000| 99%| O|  |TAMS 0x0000000727bffff8| PB 0x0000000727a00000| Untracked 
|  42|0x0000000727c00000, 0x0000000727dfffe0, 0x0000000727e00000| 99%| O|  |TAMS 0x0000000727dfffe0| PB 0x0000000727c00000| Untracked 
|  43|0x0000000727e00000, 0x0000000728000000, 0x0000000728000000|100%| O|  |TAMS 0x0000000728000000| PB 0x0000000727e00000| Untracked 
|  44|0x0000000728000000, 0x00000007281ffff0, 0x0000000728200000| 99%| O|  |TAMS 0x00000007281ffff0| PB 0x0000000728000000| Untracked 
|  45|0x0000000728200000, 0x00000007283fffe0, 0x0000000728400000| 99%| O|  |TAMS 0x00000007283fffe0| PB 0x0000000728200000| Untracked 
|  46|0x0000000728400000, 0x0000000728600000, 0x0000000728600000|100%| O|  |TAMS 0x0000000728600000| PB 0x0000000728400000| Untracked 
|  47|0x0000000728600000, 0x00000007287fffe0, 0x0000000728800000| 99%| O|  |TAMS 0x00000007287fffe0| PB 0x0000000728600000| Untracked 
|  48|0x0000000728800000, 0x0000000728a00000, 0x0000000728a00000|100%| O|  |TAMS 0x0000000728a00000| PB 0x0000000728800000| Untracked 
|  49|0x0000000728a00000, 0x0000000728bffff8, 0x0000000728c00000| 99%| O|  |TAMS 0x0000000728bffff8| PB 0x0000000728a00000| Untracked 
|  50|0x0000000728c00000, 0x0000000728dffff8, 0x0000000728e00000| 99%| O|  |TAMS 0x0000000728dffff8| PB 0x0000000728c00000| Untracked 
|  51|0x0000000728e00000, 0x0000000728ffffc0, 0x0000000729000000| 99%| O|  |TAMS 0x0000000728ffffc0| PB 0x0000000728e00000| Untracked 
|  52|0x0000000729000000, 0x0000000729200000, 0x0000000729200000|100%| O|  |TAMS 0x0000000729200000| PB 0x0000000729000000| Untracked 
|  53|0x0000000729200000, 0x00000007293fffd8, 0x0000000729400000| 99%| O|  |TAMS 0x00000007293fffd8| PB 0x0000000729200000| Untracked 
|  54|0x0000000729400000, 0x00000007295fffe8, 0x0000000729600000| 99%| O|  |TAMS 0x00000007295fffe8| PB 0x0000000729400000| Untracked 
|  55|0x0000000729600000, 0x00000007297ffff8, 0x0000000729800000| 99%| O|  |TAMS 0x00000007297ffff8| PB 0x0000000729600000| Untracked 
|  56|0x0000000729800000, 0x00000007299fffe0, 0x0000000729a00000| 99%| O|  |TAMS 0x00000007299fffe0| PB 0x0000000729800000| Untracked 
|  57|0x0000000729a00000, 0x0000000729bffff8, 0x0000000729c00000| 99%| O|  |TAMS 0x0000000729bffff8| PB 0x0000000729a00000| Untracked 
|  58|0x0000000729c00000, 0x0000000729dffff0, 0x0000000729e00000| 99%| O|  |TAMS 0x0000000729dffff0| PB 0x0000000729c00000| Untracked 
|  59|0x0000000729e00000, 0x0000000729ffffc0, 0x000000072a000000| 99%| O|  |TAMS 0x0000000729ffffc0| PB 0x0000000729e00000| Untracked 
|  60|0x000000072a000000, 0x000000072a200000, 0x000000072a200000|100%| O|  |TAMS 0x000000072a200000| PB 0x000000072a000000| Untracked 
|  61|0x000000072a200000, 0x000000072a3ffff8, 0x000000072a400000| 99%| O|  |TAMS 0x000000072a3ffff8| PB 0x000000072a200000| Untracked 
|  62|0x000000072a400000, 0x000000072a600000, 0x000000072a600000|100%| O|  |TAMS 0x000000072a600000| PB 0x000000072a400000| Untracked 
|  63|0x000000072a600000, 0x000000072a7ffff0, 0x000000072a800000| 99%| O|  |TAMS 0x000000072a7ffff0| PB 0x000000072a600000| Untracked 
|  64|0x000000072a800000, 0x000000072a9ffff8, 0x000000072aa00000| 99%| O|  |TAMS 0x000000072a9ffff8| PB 0x000000072a800000| Untracked 
|  65|0x000000072aa00000, 0x000000072abffff8, 0x000000072ac00000| 99%| O|  |TAMS 0x000000072abffff8| PB 0x000000072aa00000| Untracked 
|  66|0x000000072ac00000, 0x000000072ae00000, 0x000000072ae00000|100%| O|  |TAMS 0x000000072ae00000| PB 0x000000072ac00000| Untracked 
|  67|0x000000072ae00000, 0x000000072afffff8, 0x000000072b000000| 99%| O|  |TAMS 0x000000072afffff8| PB 0x000000072ae00000| Untracked 
|  68|0x000000072b000000, 0x000000072b1fffd8, 0x000000072b200000| 99%| O|  |TAMS 0x000000072b1fffd8| PB 0x000000072b000000| Untracked 
|  69|0x000000072b200000, 0x000000072b3fffe0, 0x000000072b400000| 99%| O|  |TAMS 0x000000072b3fffe0| PB 0x000000072b200000| Untracked 
|  70|0x000000072b400000, 0x000000072b5ffff0, 0x000000072b600000| 99%| O|  |TAMS 0x000000072b5ffff0| PB 0x000000072b400000| Untracked 
|  71|0x000000072b600000, 0x000000072b7ffff8, 0x000000072b800000| 99%| O|  |TAMS 0x000000072b7ffff8| PB 0x000000072b600000| Untracked 
|  72|0x000000072b800000, 0x000000072b9ffff8, 0x000000072ba00000| 99%| O|  |TAMS 0x000000072b9ffff8| PB 0x000000072b800000| Untracked 
|  73|0x000000072ba00000, 0x000000072bc00000, 0x000000072bc00000|100%| O|  |TAMS 0x000000072bc00000| PB 0x000000072ba00000| Untracked 
|  74|0x000000072bc00000, 0x000000072bdffff0, 0x000000072be00000| 99%| O|  |TAMS 0x000000072bdffff0| PB 0x000000072bc00000| Untracked 
|  75|0x000000072be00000, 0x000000072bfffff0, 0x000000072c000000| 99%| O|  |TAMS 0x000000072bfffff0| PB 0x000000072be00000| Untracked 
|  76|0x000000072c000000, 0x000000072c200000, 0x000000072c200000|100%| O|  |TAMS 0x000000072c200000| PB 0x000000072c000000| Untracked 
|  77|0x000000072c200000, 0x000000072c3ffff0, 0x000000072c400000| 99%| O|  |TAMS 0x000000072c3ffff0| PB 0x000000072c200000| Untracked 
|  78|0x000000072c400000, 0x000000072c5ffff0, 0x000000072c600000| 99%| O|  |TAMS 0x000000072c5ffff0| PB 0x000000072c400000| Untracked 
|  79|0x000000072c600000, 0x000000072c7fffd8, 0x000000072c800000| 99%| O|  |TAMS 0x000000072c7fffd8| PB 0x000000072c600000| Untracked 
|  80|0x000000072c800000, 0x000000072ca00000, 0x000000072ca00000|100%| O|  |TAMS 0x000000072ca00000| PB 0x000000072c800000| Untracked 
|  81|0x000000072ca00000, 0x000000072cbffff0, 0x000000072cc00000| 99%| O|  |TAMS 0x000000072cbffff0| PB 0x000000072ca00000| Untracked 
|  82|0x000000072cc00000, 0x000000072cdffff8, 0x000000072ce00000| 99%| O|  |TAMS 0x000000072cdffff8| PB 0x000000072cc00000| Untracked 
|  83|0x000000072ce00000, 0x000000072d000000, 0x000000072d000000|100%| O|  |TAMS 0x000000072d000000| PB 0x000000072ce00000| Untracked 
|  84|0x000000072d000000, 0x000000072d1ffff8, 0x000000072d200000| 99%| O|  |TAMS 0x000000072d1ffff8| PB 0x000000072d000000| Untracked 
|  85|0x000000072d200000, 0x000000072d3fffe0, 0x000000072d400000| 99%| O|  |TAMS 0x000000072d3fffe0| PB 0x000000072d200000| Untracked 
|  86|0x000000072d400000, 0x000000072d5ffff0, 0x000000072d600000| 99%| O|  |TAMS 0x000000072d5ffff0| PB 0x000000072d400000| Untracked 
|  87|0x000000072d600000, 0x000000072d7ffff8, 0x000000072d800000| 99%| O|  |TAMS 0x000000072d7ffff8| PB 0x000000072d600000| Untracked 
|  88|0x000000072d800000, 0x000000072d9ffff8, 0x000000072da00000| 99%| O|  |TAMS 0x000000072d9ffff8| PB 0x000000072d800000| Untracked 
|  89|0x000000072da00000, 0x000000072dbffff0, 0x000000072dc00000| 99%| O|  |TAMS 0x000000072dbffff0| PB 0x000000072da00000| Untracked 
|  90|0x000000072dc00000, 0x000000072de00000, 0x000000072de00000|100%| O|  |TAMS 0x000000072de00000| PB 0x000000072dc00000| Untracked 
|  91|0x000000072de00000, 0x000000072e000000, 0x000000072e000000|100%| O|  |TAMS 0x000000072e000000| PB 0x000000072de00000| Untracked 
|  92|0x000000072e000000, 0x000000072e1ffff0, 0x000000072e200000| 99%| O|  |TAMS 0x000000072e1ffff0| PB 0x000000072e000000| Untracked 
|  93|0x000000072e200000, 0x000000072e3ffff0, 0x000000072e400000| 99%| O|  |TAMS 0x000000072e3ffff0| PB 0x000000072e200000| Untracked 
|  94|0x000000072e400000, 0x000000072e5fffe8, 0x000000072e600000| 99%| O|  |TAMS 0x000000072e5fffe8| PB 0x000000072e400000| Untracked 
|  95|0x000000072e600000, 0x000000072e7fffd0, 0x000000072e800000| 99%| O|  |TAMS 0x000000072e7fffd0| PB 0x000000072e600000| Untracked 
|  96|0x000000072e800000, 0x000000072e9fffd8, 0x000000072ea00000| 99%| O|  |TAMS 0x000000072e9fffd8| PB 0x000000072e800000| Untracked 
|  97|0x000000072ea00000, 0x000000072ebfffe8, 0x000000072ec00000| 99%| O|  |TAMS 0x000000072ebfffe8| PB 0x000000072ea00000| Untracked 
|  98|0x000000072ec00000, 0x000000072edfffd8, 0x000000072ee00000| 99%| O|  |TAMS 0x000000072edfffd8| PB 0x000000072ec00000| Untracked 
|  99|0x000000072ee00000, 0x000000072effffe0, 0x000000072f000000| 99%| O|  |TAMS 0x000000072effffe0| PB 0x000000072ee00000| Untracked 
| 100|0x000000072f000000, 0x000000072f200000, 0x000000072f200000|100%| O|  |TAMS 0x000000072f200000| PB 0x000000072f000000| Untracked 
| 101|0x000000072f200000, 0x000000072f3fffe8, 0x000000072f400000| 99%| O|  |TAMS 0x000000072f3fffe8| PB 0x000000072f200000| Untracked 
| 102|0x000000072f400000, 0x000000072f5ffff0, 0x000000072f600000| 99%| O|  |TAMS 0x000000072f5ffff0| PB 0x000000072f400000| Untracked 
| 103|0x000000072f600000, 0x000000072f7ffff8, 0x000000072f800000| 99%| O|  |TAMS 0x000000072f7ffff8| PB 0x000000072f600000| Untracked 
| 104|0x000000072f800000, 0x000000072fa00000, 0x000000072fa00000|100%| O|  |TAMS 0x000000072fa00000| PB 0x000000072f800000| Untracked 
| 105|0x000000072fa00000, 0x000000072fbffff8, 0x000000072fc00000| 99%| O|  |TAMS 0x000000072fbffff8| PB 0x000000072fa00000| Untracked 
| 106|0x000000072fc00000, 0x000000072fdfffe8, 0x000000072fe00000| 99%| O|  |TAMS 0x000000072fdfffe8| PB 0x000000072fc00000| Untracked 
| 107|0x000000072fe00000, 0x000000072ffffff8, 0x0000000730000000| 99%| O|  |TAMS 0x000000072ffffff8| PB 0x000000072fe00000| Untracked 
| 108|0x0000000730000000, 0x0000000730200000, 0x0000000730200000|100%| O|  |TAMS 0x0000000730200000| PB 0x0000000730000000| Untracked 
| 109|0x0000000730200000, 0x0000000730400000, 0x0000000730400000|100%| O|  |TAMS 0x0000000730400000| PB 0x0000000730200000| Untracked 
| 110|0x0000000730400000, 0x00000007305ffff0, 0x0000000730600000| 99%| O|  |TAMS 0x00000007305ffff0| PB 0x0000000730400000| Untracked 
| 111|0x0000000730600000, 0x00000007307ffff0, 0x0000000730800000| 99%| O|  |TAMS 0x00000007307ffff0| PB 0x0000000730600000| Untracked 
| 112|0x0000000730800000, 0x00000007309fffe0, 0x0000000730a00000| 99%| O|  |TAMS 0x00000007309fffe0| PB 0x0000000730800000| Untracked 
| 113|0x0000000730a00000, 0x0000000730c00000, 0x0000000730c00000|100%| O|  |TAMS 0x0000000730c00000| PB 0x0000000730a00000| Untracked 
| 114|0x0000000730c00000, 0x0000000730e00000, 0x0000000730e00000|100%| O|  |TAMS 0x0000000730e00000| PB 0x0000000730c00000| Untracked 
| 115|0x0000000730e00000, 0x0000000730fffff0, 0x0000000731000000| 99%| O|  |TAMS 0x0000000730fffff0| PB 0x0000000730e00000| Untracked 
| 116|0x0000000731000000, 0x0000000731200000, 0x0000000731200000|100%| O|  |TAMS 0x0000000731200000| PB 0x0000000731000000| Untracked 
| 117|0x0000000731200000, 0x00000007313ffff0, 0x0000000731400000| 99%| O|  |TAMS 0x00000007313ffff0| PB 0x0000000731200000| Untracked 
| 118|0x0000000731400000, 0x00000007315ffff0, 0x0000000731600000| 99%| O|  |TAMS 0x00000007315ffff0| PB 0x0000000731400000| Untracked 
| 119|0x0000000731600000, 0x0000000731800000, 0x0000000731800000|100%| O|  |TAMS 0x0000000731800000| PB 0x0000000731600000| Untracked 
| 120|0x0000000731800000, 0x00000007319fffd0, 0x0000000731a00000| 99%| O|  |TAMS 0x00000007319fffd0| PB 0x0000000731800000| Untracked 
| 121|0x0000000731a00000, 0x0000000731bffff0, 0x0000000731c00000| 99%| O|  |TAMS 0x0000000731bffff0| PB 0x0000000731a00000| Untracked 
| 122|0x0000000731c00000, 0x0000000731dfffd8, 0x0000000731e00000| 99%| O|  |TAMS 0x0000000731dfffd8| PB 0x0000000731c00000| Untracked 
| 123|0x0000000731e00000, 0x0000000731fffff8, 0x0000000732000000| 99%| O|  |TAMS 0x0000000731fffff8| PB 0x0000000731e00000| Untracked 
| 124|0x0000000732000000, 0x00000007321ffff0, 0x0000000732200000| 99%| O|  |TAMS 0x00000007321ffff0| PB 0x0000000732000000| Untracked 
| 125|0x0000000732200000, 0x00000007323ffff8, 0x0000000732400000| 99%| O|  |TAMS 0x00000007323ffff8| PB 0x0000000732200000| Untracked 
| 126|0x0000000732400000, 0x00000007325fffe0, 0x0000000732600000| 99%| O|  |TAMS 0x00000007325fffe0| PB 0x0000000732400000| Untracked 
| 127|0x0000000732600000, 0x00000007327fffc8, 0x0000000732800000| 99%| O|  |TAMS 0x00000007327fffc8| PB 0x0000000732600000| Untracked 
| 128|0x0000000732800000, 0x00000007329ffff0, 0x0000000732a00000| 99%| O|  |TAMS 0x00000007329ffff0| PB 0x0000000732800000| Untracked 
| 129|0x0000000732a00000, 0x0000000732bffff8, 0x0000000732c00000| 99%| O|  |TAMS 0x0000000732bffff8| PB 0x0000000732a00000| Untracked 
| 130|0x0000000732c00000, 0x0000000732dffff8, 0x0000000732e00000| 99%| O|  |TAMS 0x0000000732dffff8| PB 0x0000000732c00000| Untracked 
| 131|0x0000000732e00000, 0x0000000732fffff8, 0x0000000733000000| 99%| O|  |TAMS 0x0000000732fffff8| PB 0x0000000732e00000| Untracked 
| 132|0x0000000733000000, 0x00000007331fffd8, 0x0000000733200000| 99%| O|  |TAMS 0x00000007331fffd8| PB 0x0000000733000000| Untracked 
| 133|0x0000000733200000, 0x00000007333ffff8, 0x0000000733400000| 99%| O|  |TAMS 0x00000007333ffff8| PB 0x0000000733200000| Untracked 
| 134|0x0000000733400000, 0x00000007335fffe0, 0x0000000733600000| 99%| O|  |TAMS 0x00000007335fffe0| PB 0x0000000733400000| Untracked 
| 135|0x0000000733600000, 0x00000007337ffff8, 0x0000000733800000| 99%| O|  |TAMS 0x00000007337ffff8| PB 0x0000000733600000| Untracked 
| 136|0x0000000733800000, 0x00000007339fffd8, 0x0000000733a00000| 99%| O|  |TAMS 0x00000007339fffd8| PB 0x0000000733800000| Untracked 
| 137|0x0000000733a00000, 0x0000000733bfffe0, 0x0000000733c00000| 99%| O|  |TAMS 0x0000000733bfffe0| PB 0x0000000733a00000| Untracked 
| 138|0x0000000733c00000, 0x0000000733dfffe8, 0x0000000733e00000| 99%| O|  |TAMS 0x0000000733dfffe8| PB 0x0000000733c00000| Untracked 
| 139|0x0000000733e00000, 0x0000000734000000, 0x0000000734000000|100%| O|  |TAMS 0x0000000734000000| PB 0x0000000733e00000| Untracked 
| 140|0x0000000734000000, 0x00000007341fffc8, 0x0000000734200000| 99%| O|  |TAMS 0x00000007341fffc8| PB 0x0000000734000000| Untracked 
| 141|0x0000000734200000, 0x00000007343fffe0, 0x0000000734400000| 99%| O|  |TAMS 0x00000007343fffe0| PB 0x0000000734200000| Untracked 
| 142|0x0000000734400000, 0x00000007345fffc8, 0x0000000734600000| 99%| O|  |TAMS 0x00000007345fffc8| PB 0x0000000734400000| Untracked 
| 143|0x0000000734600000, 0x00000007347ffff0, 0x0000000734800000| 99%| O|  |TAMS 0x00000007347ffff0| PB 0x0000000734600000| Untracked 
| 144|0x0000000734800000, 0x00000007349ffff8, 0x0000000734a00000| 99%| O|  |TAMS 0x00000007349ffff8| PB 0x0000000734800000| Untracked 
| 145|0x0000000734a00000, 0x0000000734bffff8, 0x0000000734c00000| 99%| O|  |TAMS 0x0000000734bffff8| PB 0x0000000734a00000| Untracked 
| 146|0x0000000734c00000, 0x0000000734e00000, 0x0000000734e00000|100%| O|  |TAMS 0x0000000734e00000| PB 0x0000000734c00000| Untracked 
| 147|0x0000000734e00000, 0x0000000734fffff0, 0x0000000735000000| 99%| O|  |TAMS 0x0000000734fffff0| PB 0x0000000734e00000| Untracked 
| 148|0x0000000735000000, 0x00000007351fffe8, 0x0000000735200000| 99%| O|  |TAMS 0x00000007351fffe8| PB 0x0000000735000000| Untracked 
| 149|0x0000000735200000, 0x0000000735400000, 0x0000000735400000|100%| O|  |TAMS 0x0000000735400000| PB 0x0000000735200000| Untracked 
| 150|0x0000000735400000, 0x00000007355fffc8, 0x0000000735600000| 99%| O|  |TAMS 0x00000007355fffc8| PB 0x0000000735400000| Untracked 
| 151|0x0000000735600000, 0x0000000735800000, 0x0000000735800000|100%| O|  |TAMS 0x0000000735800000| PB 0x0000000735600000| Untracked 
| 152|0x0000000735800000, 0x00000007359ffff0, 0x0000000735a00000| 99%| O|  |TAMS 0x00000007359ffff0| PB 0x0000000735800000| Untracked 
| 153|0x0000000735a00000, 0x0000000735bffff0, 0x0000000735c00000| 99%| O|  |TAMS 0x0000000735bffff0| PB 0x0000000735a00000| Untracked 
| 154|0x0000000735c00000, 0x0000000735dfffe0, 0x0000000735e00000| 99%| O|  |TAMS 0x0000000735dfffe0| PB 0x0000000735c00000| Untracked 
| 155|0x0000000735e00000, 0x0000000735ffffe8, 0x0000000736000000| 99%| O|  |TAMS 0x0000000735ffffe8| PB 0x0000000735e00000| Untracked 
| 156|0x0000000736000000, 0x00000007361ffff0, 0x0000000736200000| 99%| O|  |TAMS 0x00000007361ffff0| PB 0x0000000736000000| Untracked 
| 157|0x0000000736200000, 0x00000007363ffff8, 0x0000000736400000| 99%| O|  |TAMS 0x00000007363ffff8| PB 0x0000000736200000| Untracked 
| 158|0x0000000736400000, 0x0000000736600000, 0x0000000736600000|100%| O|  |TAMS 0x0000000736600000| PB 0x0000000736400000| Untracked 
| 159|0x0000000736600000, 0x0000000736800000, 0x0000000736800000|100%| O|  |TAMS 0x0000000736800000| PB 0x0000000736600000| Untracked 
| 160|0x0000000736800000, 0x0000000736a00000, 0x0000000736a00000|100%| O|  |TAMS 0x0000000736a00000| PB 0x0000000736800000| Untracked 
| 161|0x0000000736a00000, 0x0000000736bffff0, 0x0000000736c00000| 99%| O|  |TAMS 0x0000000736bffff0| PB 0x0000000736a00000| Untracked 
| 162|0x0000000736c00000, 0x0000000736dfffe8, 0x0000000736e00000| 99%| O|  |TAMS 0x0000000736dfffe8| PB 0x0000000736c00000| Untracked 
| 163|0x0000000736e00000, 0x0000000736fffff8, 0x0000000737000000| 99%| O|  |TAMS 0x0000000736fffff8| PB 0x0000000736e00000| Untracked 
| 164|0x0000000737000000, 0x0000000737200000, 0x0000000737200000|100%| O|  |TAMS 0x0000000737200000| PB 0x0000000737000000| Untracked 
| 165|0x0000000737200000, 0x00000007373ffff8, 0x0000000737400000| 99%| O|  |TAMS 0x00000007373ffff8| PB 0x0000000737200000| Untracked 
| 166|0x0000000737400000, 0x00000007375fffe8, 0x0000000737600000| 99%| O|  |TAMS 0x00000007375fffe8| PB 0x0000000737400000| Untracked 
| 167|0x0000000737600000, 0x00000007377fffd8, 0x0000000737800000| 99%| O|  |TAMS 0x00000007377fffd8| PB 0x0000000737600000| Untracked 
| 168|0x0000000737800000, 0x00000007379ffff0, 0x0000000737a00000| 99%| O|  |TAMS 0x00000007379ffff0| PB 0x0000000737800000| Untracked 
| 169|0x0000000737a00000, 0x0000000737bfffe8, 0x0000000737c00000| 99%| O|  |TAMS 0x0000000737bfffe8| PB 0x0000000737a00000| Untracked 
| 170|0x0000000737c00000, 0x0000000737dfffe8, 0x0000000737e00000| 99%| O|  |TAMS 0x0000000737dfffe8| PB 0x0000000737c00000| Untracked 
| 171|0x0000000737e00000, 0x0000000737ffffd8, 0x0000000738000000| 99%| O|  |TAMS 0x0000000737ffffd8| PB 0x0000000737e00000| Untracked 
| 172|0x0000000738000000, 0x00000007381ffff0, 0x0000000738200000| 99%| O|  |TAMS 0x00000007381ffff0| PB 0x0000000738000000| Untracked 
| 173|0x0000000738200000, 0x00000007383ffff0, 0x0000000738400000| 99%| O|  |TAMS 0x00000007383ffff0| PB 0x0000000738200000| Untracked 
| 174|0x0000000738400000, 0x00000007385fffc8, 0x0000000738600000| 99%| O|  |TAMS 0x00000007385fffc8| PB 0x0000000738400000| Untracked 
| 175|0x0000000738600000, 0x00000007387fffd8, 0x0000000738800000| 99%| O|  |TAMS 0x00000007387fffd8| PB 0x0000000738600000| Untracked 
| 176|0x0000000738800000, 0x00000007389ffff8, 0x0000000738a00000| 99%| O|  |TAMS 0x00000007389ffff8| PB 0x0000000738800000| Untracked 
| 177|0x0000000738a00000, 0x0000000738bfffe8, 0x0000000738c00000| 99%| O|  |TAMS 0x0000000738bfffe8| PB 0x0000000738a00000| Untracked 
| 178|0x0000000738c00000, 0x0000000738dffff8, 0x0000000738e00000| 99%| O|  |TAMS 0x0000000738dffff8| PB 0x0000000738c00000| Untracked 
| 179|0x0000000738e00000, 0x0000000739000000, 0x0000000739000000|100%| O|  |TAMS 0x0000000739000000| PB 0x0000000738e00000| Untracked 
| 180|0x0000000739000000, 0x00000007391fffe0, 0x0000000739200000| 99%| O|  |TAMS 0x00000007391fffe0| PB 0x0000000739000000| Untracked 
| 181|0x0000000739200000, 0x00000007393ffff8, 0x0000000739400000| 99%| O|  |TAMS 0x00000007393ffff8| PB 0x0000000739200000| Untracked 
| 182|0x0000000739400000, 0x0000000739600000, 0x0000000739600000|100%| O|  |TAMS 0x0000000739600000| PB 0x0000000739400000| Untracked 
| 183|0x0000000739600000, 0x00000007397ffff0, 0x0000000739800000| 99%| O|  |TAMS 0x00000007397ffff0| PB 0x0000000739600000| Untracked 
| 184|0x0000000739800000, 0x00000007399ffff0, 0x0000000739a00000| 99%| O|  |TAMS 0x00000007399ffff0| PB 0x0000000739800000| Untracked 
| 185|0x0000000739a00000, 0x0000000739bfffe0, 0x0000000739c00000| 99%| O|  |TAMS 0x0000000739bfffe0| PB 0x0000000739a00000| Untracked 
| 186|0x0000000739c00000, 0x0000000739dffff8, 0x0000000739e00000| 99%| O|  |TAMS 0x0000000739dffff8| PB 0x0000000739c00000| Untracked 
| 187|0x0000000739e00000, 0x0000000739ffffe8, 0x000000073a000000| 99%| O|  |TAMS 0x0000000739ffffe8| PB 0x0000000739e00000| Untracked 
| 188|0x000000073a000000, 0x000000073a1ffff8, 0x000000073a200000| 99%| O|  |TAMS 0x000000073a1ffff8| PB 0x000000073a000000| Untracked 
| 189|0x000000073a200000, 0x000000073a3ffff8, 0x000000073a400000| 99%| O|  |TAMS 0x000000073a3ffff8| PB 0x000000073a200000| Untracked 
| 190|0x000000073a400000, 0x000000073a5ffff8, 0x000000073a600000| 99%| O|  |TAMS 0x000000073a5ffff8| PB 0x000000073a400000| Untracked 
| 191|0x000000073a600000, 0x000000073a7fffe0, 0x000000073a800000| 99%| O|  |TAMS 0x000000073a7fffe0| PB 0x000000073a600000| Untracked 
| 192|0x000000073a800000, 0x000000073aa00000, 0x000000073aa00000|100%| O|  |TAMS 0x000000073aa00000| PB 0x000000073a800000| Untracked 
| 193|0x000000073aa00000, 0x000000073abfffe8, 0x000000073ac00000| 99%| O|  |TAMS 0x000000073abfffe8| PB 0x000000073aa00000| Untracked 
| 194|0x000000073ac00000, 0x000000073adffff8, 0x000000073ae00000| 99%| O|  |TAMS 0x000000073adffff8| PB 0x000000073ac00000| Untracked 
| 195|0x000000073ae00000, 0x000000073b000000, 0x000000073b000000|100%| O|  |TAMS 0x000000073b000000| PB 0x000000073ae00000| Untracked 
| 196|0x000000073b000000, 0x000000073b1ffff8, 0x000000073b200000| 99%| O|  |TAMS 0x000000073b1ffff8| PB 0x000000073b000000| Untracked 
| 197|0x000000073b200000, 0x000000073b400000, 0x000000073b400000|100%| O|  |TAMS 0x000000073b400000| PB 0x000000073b200000| Untracked 
| 198|0x000000073b400000, 0x000000073b5ffff8, 0x000000073b600000| 99%| O|  |TAMS 0x000000073b5ffff8| PB 0x000000073b400000| Untracked 
| 199|0x000000073b600000, 0x000000073b7ffff0, 0x000000073b800000| 99%| O|  |TAMS 0x000000073b7ffff0| PB 0x000000073b600000| Untracked 
| 200|0x000000073b800000, 0x000000073b9ffff8, 0x000000073ba00000| 99%| O|  |TAMS 0x000000073b9ffff8| PB 0x000000073b800000| Untracked 
| 201|0x000000073ba00000, 0x000000073bc00000, 0x000000073bc00000|100%| O|  |TAMS 0x000000073bc00000| PB 0x000000073ba00000| Untracked 
| 202|0x000000073bc00000, 0x000000073be00000, 0x000000073be00000|100%| O|  |TAMS 0x000000073be00000| PB 0x000000073bc00000| Untracked 
| 203|0x000000073be00000, 0x000000073bffffe0, 0x000000073c000000| 99%| O|  |TAMS 0x000000073bffffe0| PB 0x000000073be00000| Untracked 
| 204|0x000000073c000000, 0x000000073c1ffff8, 0x000000073c200000| 99%| O|  |TAMS 0x000000073c1ffff8| PB 0x000000073c000000| Untracked 
| 205|0x000000073c200000, 0x000000073c3fffd8, 0x000000073c400000| 99%| O|  |TAMS 0x000000073c3fffd8| PB 0x000000073c200000| Untracked 
| 206|0x000000073c400000, 0x000000073c5ffff0, 0x000000073c600000| 99%| O|  |TAMS 0x000000073c5ffff0| PB 0x000000073c400000| Untracked 
| 207|0x000000073c600000, 0x000000073c7ffff0, 0x000000073c800000| 99%| O|  |TAMS 0x000000073c7ffff0| PB 0x000000073c600000| Untracked 
| 208|0x000000073c800000, 0x000000073c9ffff0, 0x000000073ca00000| 99%| O|  |TAMS 0x000000073c9ffff0| PB 0x000000073c800000| Untracked 
| 209|0x000000073ca00000, 0x000000073cc00000, 0x000000073cc00000|100%| O|  |TAMS 0x000000073cc00000| PB 0x000000073ca00000| Untracked 
| 210|0x000000073cc00000, 0x000000073cdffff8, 0x000000073ce00000| 99%| O|  |TAMS 0x000000073cdffff8| PB 0x000000073cc00000| Untracked 
| 211|0x000000073ce00000, 0x000000073d000000, 0x000000073d000000|100%| O|  |TAMS 0x000000073d000000| PB 0x000000073ce00000| Untracked 
| 212|0x000000073d000000, 0x000000073d1ffff8, 0x000000073d200000| 99%| O|  |TAMS 0x000000073d1ffff8| PB 0x000000073d000000| Untracked 
| 213|0x000000073d200000, 0x000000073d3ffff8, 0x000000073d400000| 99%| O|  |TAMS 0x000000073d3ffff8| PB 0x000000073d200000| Untracked 
| 214|0x000000073d400000, 0x000000073d600000, 0x000000073d600000|100%| O|  |TAMS 0x000000073d600000| PB 0x000000073d400000| Untracked 
| 215|0x000000073d600000, 0x000000073d800000, 0x000000073d800000|100%| O|  |TAMS 0x000000073d800000| PB 0x000000073d600000| Untracked 
| 216|0x000000073d800000, 0x000000073d9fffe8, 0x000000073da00000| 99%| O|  |TAMS 0x000000073d9fffe8| PB 0x000000073d800000| Untracked 
| 217|0x000000073da00000, 0x000000073dbffff8, 0x000000073dc00000| 99%| O|  |TAMS 0x000000073dbffff8| PB 0x000000073da00000| Untracked 
| 218|0x000000073dc00000, 0x000000073ddffff8, 0x000000073de00000| 99%| O|  |TAMS 0x000000073ddffff8| PB 0x000000073dc00000| Untracked 
| 219|0x000000073de00000, 0x000000073dfffff8, 0x000000073e000000| 99%| O|  |TAMS 0x000000073dfffff8| PB 0x000000073de00000| Untracked 
| 220|0x000000073e000000, 0x000000073e200000, 0x000000073e200000|100%| O|  |TAMS 0x000000073e200000| PB 0x000000073e000000| Untracked 
| 221|0x000000073e200000, 0x000000073e3ffff0, 0x000000073e400000| 99%| O|  |TAMS 0x000000073e3ffff0| PB 0x000000073e200000| Untracked 
| 222|0x000000073e400000, 0x000000073e5fffe0, 0x000000073e600000| 99%| O|  |TAMS 0x000000073e5fffe0| PB 0x000000073e400000| Untracked 
| 223|0x000000073e600000, 0x000000073e7ffff8, 0x000000073e800000| 99%| O|  |TAMS 0x000000073e7ffff8| PB 0x000000073e600000| Untracked 
| 224|0x000000073e800000, 0x000000073e9ffff8, 0x000000073ea00000| 99%| O|  |TAMS 0x000000073e9ffff8| PB 0x000000073e800000| Untracked 
| 225|0x000000073ea00000, 0x000000073ebffff8, 0x000000073ec00000| 99%| O|  |TAMS 0x000000073ebffff8| PB 0x000000073ea00000| Untracked 
| 226|0x000000073ec00000, 0x000000073edfffd8, 0x000000073ee00000| 99%| O|  |TAMS 0x000000073edfffd8| PB 0x000000073ec00000| Untracked 
| 227|0x000000073ee00000, 0x000000073f000000, 0x000000073f000000|100%| O|  |TAMS 0x000000073f000000| PB 0x000000073ee00000| Untracked 
| 228|0x000000073f000000, 0x000000073f1fffd8, 0x000000073f200000| 99%| O|  |TAMS 0x000000073f1fffd8| PB 0x000000073f000000| Untracked 
| 229|0x000000073f200000, 0x000000073f400000, 0x000000073f400000|100%| O|  |TAMS 0x000000073f400000| PB 0x000000073f200000| Untracked 
| 230|0x000000073f400000, 0x000000073f5ffff0, 0x000000073f600000| 99%| O|  |TAMS 0x000000073f5ffff0| PB 0x000000073f400000| Untracked 
| 231|0x000000073f600000, 0x000000073f7fffd8, 0x000000073f800000| 99%| O|  |TAMS 0x000000073f7fffd8| PB 0x000000073f600000| Untracked 
| 232|0x000000073f800000, 0x000000073f9ffff8, 0x000000073fa00000| 99%| O|  |TAMS 0x000000073f9ffff8| PB 0x000000073f800000| Untracked 
| 233|0x000000073fa00000, 0x000000073fbffff0, 0x000000073fc00000| 99%| O|  |TAMS 0x000000073fbffff0| PB 0x000000073fa00000| Untracked 
| 234|0x000000073fc00000, 0x000000073fdffff0, 0x000000073fe00000| 99%| O|  |TAMS 0x000000073fdffff0| PB 0x000000073fc00000| Untracked 
| 235|0x000000073fe00000, 0x000000073fffffe8, 0x0000000740000000| 99%| O|  |TAMS 0x000000073fffffe8| PB 0x000000073fe00000| Untracked 
| 236|0x0000000740000000, 0x00000007401ffff8, 0x0000000740200000| 99%| O|  |TAMS 0x00000007401ffff8| PB 0x0000000740000000| Untracked 
| 237|0x0000000740200000, 0x00000007403ffff8, 0x0000000740400000| 99%| O|  |TAMS 0x00000007403ffff8| PB 0x0000000740200000| Untracked 
| 238|0x0000000740400000, 0x00000007405ffff0, 0x0000000740600000| 99%| O|  |TAMS 0x00000007405ffff0| PB 0x0000000740400000| Untracked 
| 239|0x0000000740600000, 0x00000007407ffff8, 0x0000000740800000| 99%| O|  |TAMS 0x00000007407ffff8| PB 0x0000000740600000| Untracked 
| 240|0x0000000740800000, 0x00000007409ffff8, 0x0000000740a00000| 99%| O|  |TAMS 0x00000007409ffff8| PB 0x0000000740800000| Untracked 
| 241|0x0000000740a00000, 0x0000000740c00000, 0x0000000740c00000|100%| O|  |TAMS 0x0000000740c00000| PB 0x0000000740a00000| Untracked 
| 242|0x0000000740c00000, 0x0000000740dffff8, 0x0000000740e00000| 99%| O|  |TAMS 0x0000000740dffff8| PB 0x0000000740c00000| Untracked 
| 243|0x0000000740e00000, 0x0000000740fffff8, 0x0000000741000000| 99%| O|  |TAMS 0x0000000740fffff8| PB 0x0000000740e00000| Untracked 
| 244|0x0000000741000000, 0x00000007411fffd8, 0x0000000741200000| 99%| O|  |TAMS 0x00000007411fffd8| PB 0x0000000741000000| Untracked 
| 245|0x0000000741200000, 0x0000000741400000, 0x0000000741400000|100%| O|  |TAMS 0x0000000741400000| PB 0x0000000741200000| Untracked 
| 246|0x0000000741400000, 0x0000000741600000, 0x0000000741600000|100%| O|  |TAMS 0x0000000741600000| PB 0x0000000741400000| Untracked 
| 247|0x0000000741600000, 0x00000007417ffff8, 0x0000000741800000| 99%| O|  |TAMS 0x00000007417ffff8| PB 0x0000000741600000| Untracked 
| 248|0x0000000741800000, 0x00000007419ffff8, 0x0000000741a00000| 99%| O|  |TAMS 0x00000007419ffff8| PB 0x0000000741800000| Untracked 
| 249|0x0000000741a00000, 0x0000000741bfffe8, 0x0000000741c00000| 99%| O|  |TAMS 0x0000000741bfffe8| PB 0x0000000741a00000| Untracked 
| 250|0x0000000741c00000, 0x0000000741dfffd0, 0x0000000741e00000| 99%| O|  |TAMS 0x0000000741dfffd0| PB 0x0000000741c00000| Untracked 
| 251|0x0000000741e00000, 0x0000000741fffff0, 0x0000000742000000| 99%| O|  |TAMS 0x0000000741fffff0| PB 0x0000000741e00000| Untracked 
| 252|0x0000000742000000, 0x00000007421ffff0, 0x0000000742200000| 99%| O|  |TAMS 0x00000007421ffff0| PB 0x0000000742000000| Untracked 
| 253|0x0000000742200000, 0x00000007423ffff8, 0x0000000742400000| 99%| O|  |TAMS 0x00000007423ffff8| PB 0x0000000742200000| Untracked 
| 254|0x0000000742400000, 0x00000007425ffff0, 0x0000000742600000| 99%| O|  |TAMS 0x00000007425ffff0| PB 0x0000000742400000| Untracked 
| 255|0x0000000742600000, 0x00000007427fffc0, 0x0000000742800000| 99%| O|  |TAMS 0x00000007427fffc0| PB 0x0000000742600000| Untracked 
| 256|0x0000000742800000, 0x00000007429ffff8, 0x0000000742a00000| 99%| O|  |TAMS 0x00000007429ffff8| PB 0x0000000742800000| Untracked 
| 257|0x0000000742a00000, 0x0000000742bffff0, 0x0000000742c00000| 99%| O|  |TAMS 0x0000000742bffff0| PB 0x0000000742a00000| Untracked 
| 258|0x0000000742c00000, 0x0000000742dfffd8, 0x0000000742e00000| 99%| O|  |TAMS 0x0000000742dfffd8| PB 0x0000000742c00000| Untracked 
| 259|0x0000000742e00000, 0x0000000743000000, 0x0000000743000000|100%| O|  |TAMS 0x0000000743000000| PB 0x0000000742e00000| Untracked 
| 260|0x0000000743000000, 0x0000000743200000, 0x0000000743200000|100%| O|  |TAMS 0x0000000743200000| PB 0x0000000743000000| Untracked 
| 261|0x0000000743200000, 0x00000007433ffff8, 0x0000000743400000| 99%| O|  |TAMS 0x00000007433ffff8| PB 0x0000000743200000| Untracked 
| 262|0x0000000743400000, 0x00000007435ffff0, 0x0000000743600000| 99%| O|  |TAMS 0x00000007435ffff0| PB 0x0000000743400000| Untracked 
| 263|0x0000000743600000, 0x00000007437ffff0, 0x0000000743800000| 99%| O|  |TAMS 0x00000007437ffff0| PB 0x0000000743600000| Untracked 
| 264|0x0000000743800000, 0x00000007439ffff0, 0x0000000743a00000| 99%| O|  |TAMS 0x00000007439ffff0| PB 0x0000000743800000| Untracked 
| 265|0x0000000743a00000, 0x0000000743bfffd8, 0x0000000743c00000| 99%| O|  |TAMS 0x0000000743bfffd8| PB 0x0000000743a00000| Untracked 
| 266|0x0000000743c00000, 0x0000000743e00000, 0x0000000743e00000|100%| O|  |TAMS 0x0000000743e00000| PB 0x0000000743c00000| Untracked 
| 267|0x0000000743e00000, 0x0000000744000000, 0x0000000744000000|100%| O|  |TAMS 0x0000000744000000| PB 0x0000000743e00000| Untracked 
| 268|0x0000000744000000, 0x00000007441ffff8, 0x0000000744200000| 99%| O|  |TAMS 0x00000007441ffff8| PB 0x0000000744000000| Untracked 
| 269|0x0000000744200000, 0x00000007443fffe8, 0x0000000744400000| 99%| O|  |TAMS 0x00000007443fffe8| PB 0x0000000744200000| Untracked 
| 270|0x0000000744400000, 0x00000007445ffff8, 0x0000000744600000| 99%| O|  |TAMS 0x00000007445ffff8| PB 0x0000000744400000| Untracked 
| 271|0x0000000744600000, 0x00000007447ffff8, 0x0000000744800000| 99%| O|  |TAMS 0x00000007447ffff8| PB 0x0000000744600000| Untracked 
| 272|0x0000000744800000, 0x00000007449fffd8, 0x0000000744a00000| 99%| O|  |TAMS 0x00000007449fffd8| PB 0x0000000744800000| Untracked 
| 273|0x0000000744a00000, 0x0000000744bffff8, 0x0000000744c00000| 99%| O|  |TAMS 0x0000000744bffff8| PB 0x0000000744a00000| Untracked 
| 274|0x0000000744c00000, 0x0000000744dfffe8, 0x0000000744e00000| 99%| O|  |TAMS 0x0000000744dfffe8| PB 0x0000000744c00000| Untracked 
| 275|0x0000000744e00000, 0x0000000744fffff0, 0x0000000745000000| 99%| O|  |TAMS 0x0000000744fffff0| PB 0x0000000744e00000| Untracked 
| 276|0x0000000745000000, 0x00000007451ffff8, 0x0000000745200000| 99%| O|  |TAMS 0x00000007451ffff8| PB 0x0000000745000000| Untracked 
| 277|0x0000000745200000, 0x00000007453ffff0, 0x0000000745400000| 99%| O|  |TAMS 0x00000007453ffff0| PB 0x0000000745200000| Untracked 
| 278|0x0000000745400000, 0x0000000745600000, 0x0000000745600000|100%| O|  |TAMS 0x0000000745600000| PB 0x0000000745400000| Untracked 
| 279|0x0000000745600000, 0x00000007457ffff0, 0x0000000745800000| 99%| O|  |TAMS 0x00000007457ffff0| PB 0x0000000745600000| Untracked 
| 280|0x0000000745800000, 0x00000007459ffff0, 0x0000000745a00000| 99%| O|  |TAMS 0x00000007459ffff0| PB 0x0000000745800000| Untracked 
| 281|0x0000000745a00000, 0x0000000745bffff0, 0x0000000745c00000| 99%| O|  |TAMS 0x0000000745bffff0| PB 0x0000000745a00000| Untracked 
| 282|0x0000000745c00000, 0x0000000745dfffd8, 0x0000000745e00000| 99%| O|  |TAMS 0x0000000745dfffd8| PB 0x0000000745c00000| Untracked 
| 283|0x0000000745e00000, 0x0000000746000000, 0x0000000746000000|100%| O|  |TAMS 0x0000000746000000| PB 0x0000000745e00000| Untracked 
| 284|0x0000000746000000, 0x0000000746200000, 0x0000000746200000|100%| O|  |TAMS 0x0000000746200000| PB 0x0000000746000000| Untracked 
| 285|0x0000000746200000, 0x0000000746400000, 0x0000000746400000|100%| O|  |TAMS 0x0000000746400000| PB 0x0000000746200000| Untracked 
| 286|0x0000000746400000, 0x00000007465fffd8, 0x0000000746600000| 99%| O|  |TAMS 0x00000007465fffd8| PB 0x0000000746400000| Untracked 
| 287|0x0000000746600000, 0x00000007467ffff0, 0x0000000746800000| 99%| O|  |TAMS 0x00000007467ffff0| PB 0x0000000746600000| Untracked 
| 288|0x0000000746800000, 0x00000007469ffff0, 0x0000000746a00000| 99%| O|  |TAMS 0x00000007469ffff0| PB 0x0000000746800000| Untracked 
| 289|0x0000000746a00000, 0x0000000746bffff0, 0x0000000746c00000| 99%| O|  |TAMS 0x0000000746bffff0| PB 0x0000000746a00000| Untracked 
| 290|0x0000000746c00000, 0x0000000746dfffe8, 0x0000000746e00000| 99%| O|  |TAMS 0x0000000746dfffe8| PB 0x0000000746c00000| Untracked 
| 291|0x0000000746e00000, 0x0000000746fffff0, 0x0000000747000000| 99%| O|  |TAMS 0x0000000746fffff0| PB 0x0000000746e00000| Untracked 
| 292|0x0000000747000000, 0x0000000747200000, 0x0000000747200000|100%| O|  |TAMS 0x0000000747200000| PB 0x0000000747000000| Untracked 
| 293|0x0000000747200000, 0x0000000747400000, 0x0000000747400000|100%| O|  |TAMS 0x0000000747400000| PB 0x0000000747200000| Untracked 
| 294|0x0000000747400000, 0x0000000747600000, 0x0000000747600000|100%| O|  |TAMS 0x0000000747600000| PB 0x0000000747400000| Untracked 
| 295|0x0000000747600000, 0x00000007477ffff8, 0x0000000747800000| 99%| O|  |TAMS 0x00000007477ffff8| PB 0x0000000747600000| Untracked 
| 296|0x0000000747800000, 0x00000007479ffff0, 0x0000000747a00000| 99%| O|  |TAMS 0x00000007479ffff0| PB 0x0000000747800000| Untracked 
| 297|0x0000000747a00000, 0x0000000747bffff8, 0x0000000747c00000| 99%| O|  |TAMS 0x0000000747bffff8| PB 0x0000000747a00000| Untracked 
| 298|0x0000000747c00000, 0x0000000747dffff8, 0x0000000747e00000| 99%| O|  |TAMS 0x0000000747dffff8| PB 0x0000000747c00000| Untracked 
| 299|0x0000000747e00000, 0x0000000747ffffe0, 0x0000000748000000| 99%| O|  |TAMS 0x0000000747ffffe0| PB 0x0000000747e00000| Untracked 
| 300|0x0000000748000000, 0x00000007481ffff0, 0x0000000748200000| 99%| O|  |TAMS 0x00000007481ffff0| PB 0x0000000748000000| Untracked 
| 301|0x0000000748200000, 0x00000007483ffff0, 0x0000000748400000| 99%| O|  |TAMS 0x00000007483ffff0| PB 0x0000000748200000| Untracked 
| 302|0x0000000748400000, 0x00000007485ffff0, 0x0000000748600000| 99%| O|  |TAMS 0x00000007485ffff0| PB 0x0000000748400000| Untracked 
| 303|0x0000000748600000, 0x00000007487fffc0, 0x0000000748800000| 99%| O|  |TAMS 0x00000007487fffc0| PB 0x0000000748600000| Untracked 
| 304|0x0000000748800000, 0x0000000748a00000, 0x0000000748a00000|100%| O|  |TAMS 0x0000000748a00000| PB 0x0000000748800000| Untracked 
| 305|0x0000000748a00000, 0x0000000748bffff8, 0x0000000748c00000| 99%| O|  |TAMS 0x0000000748bffff8| PB 0x0000000748a00000| Untracked 
| 306|0x0000000748c00000, 0x0000000748e00000, 0x0000000748e00000|100%| O|  |TAMS 0x0000000748e00000| PB 0x0000000748c00000| Untracked 
| 307|0x0000000748e00000, 0x0000000749000000, 0x0000000749000000|100%| O|  |TAMS 0x0000000749000000| PB 0x0000000748e00000| Untracked 
| 308|0x0000000749000000, 0x00000007491fffe0, 0x0000000749200000| 99%| O|  |TAMS 0x00000007491fffe0| PB 0x0000000749000000| Untracked 
| 309|0x0000000749200000, 0x00000007493ffff0, 0x0000000749400000| 99%| O|  |TAMS 0x00000007493ffff0| PB 0x0000000749200000| Untracked 
| 310|0x0000000749400000, 0x00000007495ffff0, 0x0000000749600000| 99%| O|  |TAMS 0x00000007495ffff0| PB 0x0000000749400000| Untracked 
| 311|0x0000000749600000, 0x0000000749800000, 0x0000000749800000|100%| O|  |TAMS 0x0000000749800000| PB 0x0000000749600000| Untracked 
| 312|0x0000000749800000, 0x00000007499ffff0, 0x0000000749a00000| 99%| O|  |TAMS 0x00000007499ffff0| PB 0x0000000749800000| Untracked 
| 313|0x0000000749a00000, 0x0000000749bffff8, 0x0000000749c00000| 99%| O|  |TAMS 0x0000000749bffff8| PB 0x0000000749a00000| Untracked 
| 314|0x0000000749c00000, 0x0000000749dfffe0, 0x0000000749e00000| 99%| O|  |TAMS 0x0000000749dfffe0| PB 0x0000000749c00000| Untracked 
| 315|0x0000000749e00000, 0x0000000749ffffc8, 0x000000074a000000| 99%| O|  |TAMS 0x0000000749ffffc8| PB 0x0000000749e00000| Untracked 
| 316|0x000000074a000000, 0x000000074a1ffff8, 0x000000074a200000| 99%| O|  |TAMS 0x000000074a1ffff8| PB 0x000000074a000000| Untracked 
| 317|0x000000074a200000, 0x000000074a3ffff8, 0x000000074a400000| 99%| O|  |TAMS 0x000000074a3ffff8| PB 0x000000074a200000| Untracked 
| 318|0x000000074a400000, 0x000000074a600000, 0x000000074a600000|100%| O|  |TAMS 0x000000074a600000| PB 0x000000074a400000| Untracked 
| 319|0x000000074a600000, 0x000000074a7ffff8, 0x000000074a800000| 99%| O|  |TAMS 0x000000074a7ffff8| PB 0x000000074a600000| Untracked 
| 320|0x000000074a800000, 0x000000074a9ffff0, 0x000000074aa00000| 99%| O|  |TAMS 0x000000074a9ffff0| PB 0x000000074a800000| Untracked 
| 321|0x000000074aa00000, 0x000000074abfffd8, 0x000000074ac00000| 99%| O|  |TAMS 0x000000074abfffd8| PB 0x000000074aa00000| Untracked 
| 322|0x000000074ac00000, 0x000000074ae00000, 0x000000074ae00000|100%| O|  |TAMS 0x000000074ae00000| PB 0x000000074ac00000| Untracked 
| 323|0x000000074ae00000, 0x000000074affffc8, 0x000000074b000000| 99%| O|  |TAMS 0x000000074affffc8| PB 0x000000074ae00000| Untracked 
| 324|0x000000074b000000, 0x000000074b1ffff8, 0x000000074b200000| 99%| O|  |TAMS 0x000000074b1ffff8| PB 0x000000074b000000| Untracked 
| 325|0x000000074b200000, 0x000000074b3fffe8, 0x000000074b400000| 99%| O|  |TAMS 0x000000074b3fffe8| PB 0x000000074b200000| Untracked 
| 326|0x000000074b400000, 0x000000074b5ffff8, 0x000000074b600000| 99%| O|  |TAMS 0x000000074b5ffff8| PB 0x000000074b400000| Untracked 
| 327|0x000000074b600000, 0x000000074b7ffff8, 0x000000074b800000| 99%| O|  |TAMS 0x000000074b7ffff8| PB 0x000000074b600000| Untracked 
| 328|0x000000074b800000, 0x000000074b9ffff0, 0x000000074ba00000| 99%| O|  |TAMS 0x000000074b9ffff0| PB 0x000000074b800000| Untracked 
| 329|0x000000074ba00000, 0x000000074bc00000, 0x000000074bc00000|100%| O|  |TAMS 0x000000074bc00000| PB 0x000000074ba00000| Untracked 
| 330|0x000000074bc00000, 0x000000074be00000, 0x000000074be00000|100%| O|  |TAMS 0x000000074be00000| PB 0x000000074bc00000| Untracked 
| 331|0x000000074be00000, 0x000000074bffffe0, 0x000000074c000000| 99%| O|  |TAMS 0x000000074bffffe0| PB 0x000000074be00000| Untracked 
| 332|0x000000074c000000, 0x000000074c1fffd8, 0x000000074c200000| 99%| O|  |TAMS 0x000000074c1fffd8| PB 0x000000074c000000| Untracked 
| 333|0x000000074c200000, 0x000000074c3ffff0, 0x000000074c400000| 99%| O|  |TAMS 0x000000074c3ffff0| PB 0x000000074c200000| Untracked 
| 334|0x000000074c400000, 0x000000074c5ffff0, 0x000000074c600000| 99%| O|  |TAMS 0x000000074c5ffff0| PB 0x000000074c400000| Untracked 
| 335|0x000000074c600000, 0x000000074c7fffd0, 0x000000074c800000| 99%| O|  |TAMS 0x000000074c7fffd0| PB 0x000000074c600000| Untracked 
| 336|0x000000074c800000, 0x000000074ca00000, 0x000000074ca00000|100%| O|  |TAMS 0x000000074ca00000| PB 0x000000074c800000| Untracked 
| 337|0x000000074ca00000, 0x000000074cc00000, 0x000000074cc00000|100%| O|  |TAMS 0x000000074cc00000| PB 0x000000074ca00000| Untracked 
| 338|0x000000074cc00000, 0x000000074cdffff0, 0x000000074ce00000| 99%| O|  |TAMS 0x000000074cdffff0| PB 0x000000074cc00000| Untracked 
| 339|0x000000074ce00000, 0x000000074cffffe8, 0x000000074d000000| 99%| O|  |TAMS 0x000000074cffffe8| PB 0x000000074ce00000| Untracked 
| 340|0x000000074d000000, 0x000000074d1ffff8, 0x000000074d200000| 99%| O|  |TAMS 0x000000074d1ffff8| PB 0x000000074d000000| Untracked 
| 341|0x000000074d200000, 0x000000074d3ffff0, 0x000000074d400000| 99%| O|  |TAMS 0x000000074d3ffff0| PB 0x000000074d200000| Untracked 
| 342|0x000000074d400000, 0x000000074d600000, 0x000000074d600000|100%| O|  |TAMS 0x000000074d600000| PB 0x000000074d400000| Untracked 
| 343|0x000000074d600000, 0x000000074d7fffd0, 0x000000074d800000| 99%| O|  |TAMS 0x000000074d7fffd0| PB 0x000000074d600000| Untracked 
| 344|0x000000074d800000, 0x000000074da00000, 0x000000074da00000|100%| O|  |TAMS 0x000000074da00000| PB 0x000000074d800000| Untracked 
| 345|0x000000074da00000, 0x000000074dbffff8, 0x000000074dc00000| 99%| O|  |TAMS 0x000000074dbffff8| PB 0x000000074da00000| Untracked 
| 346|0x000000074dc00000, 0x000000074ddfffe8, 0x000000074de00000| 99%| O|  |TAMS 0x000000074ddfffe8| PB 0x000000074dc00000| Untracked 
| 347|0x000000074de00000, 0x000000074dfffff0, 0x000000074e000000| 99%| O|  |TAMS 0x000000074dfffff0| PB 0x000000074de00000| Untracked 
| 348|0x000000074e000000, 0x000000074e1fffc8, 0x000000074e200000| 99%| O|  |TAMS 0x000000074e1fffc8| PB 0x000000074e000000| Untracked 
| 349|0x000000074e200000, 0x000000074e3ffff0, 0x000000074e400000| 99%| O|  |TAMS 0x000000074e3ffff0| PB 0x000000074e200000| Untracked 
| 350|0x000000074e400000, 0x000000074e5ffff8, 0x000000074e600000| 99%| O|  |TAMS 0x000000074e5ffff8| PB 0x000000074e400000| Untracked 
| 351|0x000000074e600000, 0x000000074e7fffd0, 0x000000074e800000| 99%| O|  |TAMS 0x000000074e7fffd0| PB 0x000000074e600000| Untracked 
| 352|0x000000074e800000, 0x000000074ea00000, 0x000000074ea00000|100%| O|  |TAMS 0x000000074ea00000| PB 0x000000074e800000| Untracked 
| 353|0x000000074ea00000, 0x000000074ebffff8, 0x000000074ec00000| 99%| O|  |TAMS 0x000000074ebffff8| PB 0x000000074ea00000| Untracked 
| 354|0x000000074ec00000, 0x000000074ee00000, 0x000000074ee00000|100%| O|  |TAMS 0x000000074ee00000| PB 0x000000074ec00000| Untracked 
| 355|0x000000074ee00000, 0x000000074efffff0, 0x000000074f000000| 99%| O|  |TAMS 0x000000074efffff0| PB 0x000000074ee00000| Untracked 
| 356|0x000000074f000000, 0x000000074f200000, 0x000000074f200000|100%| O|  |TAMS 0x000000074f200000| PB 0x000000074f000000| Untracked 
| 357|0x000000074f200000, 0x000000074f400000, 0x000000074f400000|100%| O|  |TAMS 0x000000074f400000| PB 0x000000074f200000| Untracked 
| 358|0x000000074f400000, 0x000000074f600000, 0x000000074f600000|100%| O|  |TAMS 0x000000074f600000| PB 0x000000074f400000| Untracked 
| 359|0x000000074f600000, 0x000000074f7fffd8, 0x000000074f800000| 99%| O|  |TAMS 0x000000074f7fffd8| PB 0x000000074f600000| Untracked 
| 360|0x000000074f800000, 0x000000074fa00000, 0x000000074fa00000|100%| O|  |TAMS 0x000000074fa00000| PB 0x000000074f800000| Untracked 
| 361|0x000000074fa00000, 0x000000074fbfffd8, 0x000000074fc00000| 99%| O|  |TAMS 0x000000074fbfffd8| PB 0x000000074fa00000| Untracked 
| 362|0x000000074fc00000, 0x000000074fdfffe0, 0x000000074fe00000| 99%| O|  |TAMS 0x000000074fdfffe0| PB 0x000000074fc00000| Untracked 
| 363|0x000000074fe00000, 0x000000074ffffff0, 0x0000000750000000| 99%| O|  |TAMS 0x000000074ffffff0| PB 0x000000074fe00000| Untracked 
| 364|0x0000000750000000, 0x0000000750200000, 0x0000000750200000|100%| O|  |TAMS 0x0000000750200000| PB 0x0000000750000000| Untracked 
| 365|0x0000000750200000, 0x00000007503ffff8, 0x0000000750400000| 99%| O|  |TAMS 0x00000007503ffff8| PB 0x0000000750200000| Untracked 
| 366|0x0000000750400000, 0x00000007505ffff0, 0x0000000750600000| 99%| O|  |TAMS 0x00000007505ffff0| PB 0x0000000750400000| Untracked 
| 367|0x0000000750600000, 0x00000007507fffe8, 0x0000000750800000| 99%| O|  |TAMS 0x00000007507fffe8| PB 0x0000000750600000| Untracked 
| 368|0x0000000750800000, 0x0000000750a00000, 0x0000000750a00000|100%| O|  |TAMS 0x0000000750a00000| PB 0x0000000750800000| Untracked 
| 369|0x0000000750a00000, 0x0000000750c00000, 0x0000000750c00000|100%| O|  |TAMS 0x0000000750c00000| PB 0x0000000750a00000| Untracked 
| 370|0x0000000750c00000, 0x0000000750dffff0, 0x0000000750e00000| 99%| O|  |TAMS 0x0000000750dffff0| PB 0x0000000750c00000| Untracked 
| 371|0x0000000750e00000, 0x0000000750fffff0, 0x0000000751000000| 99%| O|  |TAMS 0x0000000750fffff0| PB 0x0000000750e00000| Untracked 
| 372|0x0000000751000000, 0x00000007511ffff0, 0x0000000751200000| 99%| O|  |TAMS 0x00000007511ffff0| PB 0x0000000751000000| Untracked 
| 373|0x0000000751200000, 0x00000007513ffff8, 0x0000000751400000| 99%| O|  |TAMS 0x00000007513ffff8| PB 0x0000000751200000| Untracked 
| 374|0x0000000751400000, 0x00000007515ffff8, 0x0000000751600000| 99%| O|  |TAMS 0x00000007515ffff8| PB 0x0000000751400000| Untracked 
| 375|0x0000000751600000, 0x00000007517ffff0, 0x0000000751800000| 99%| O|  |TAMS 0x00000007517ffff0| PB 0x0000000751600000| Untracked 
| 376|0x0000000751800000, 0x00000007519ffff0, 0x0000000751a00000| 99%| O|  |TAMS 0x00000007519ffff0| PB 0x0000000751800000| Untracked 
| 377|0x0000000751a00000, 0x0000000751bfffd8, 0x0000000751c00000| 99%| O|  |TAMS 0x0000000751bfffd8| PB 0x0000000751a00000| Untracked 
| 378|0x0000000751c00000, 0x0000000751dffff8, 0x0000000751e00000| 99%| O|  |TAMS 0x0000000751dffff8| PB 0x0000000751c00000| Untracked 
| 379|0x0000000751e00000, 0x0000000751fffff0, 0x0000000752000000| 99%| O|  |TAMS 0x0000000751fffff0| PB 0x0000000751e00000| Untracked 
| 380|0x0000000752000000, 0x0000000752200000, 0x0000000752200000|100%| O|  |TAMS 0x0000000752200000| PB 0x0000000752000000| Untracked 
| 381|0x0000000752200000, 0x00000007523fffe8, 0x0000000752400000| 99%| O|  |TAMS 0x00000007523fffe8| PB 0x0000000752200000| Untracked 
| 382|0x0000000752400000, 0x00000007525ffff0, 0x0000000752600000| 99%| O|  |TAMS 0x00000007525ffff0| PB 0x0000000752400000| Untracked 
| 383|0x0000000752600000, 0x00000007527ffff0, 0x0000000752800000| 99%| O|  |TAMS 0x00000007527ffff0| PB 0x0000000752600000| Untracked 
| 384|0x0000000752800000, 0x00000007529ffff0, 0x0000000752a00000| 99%| O|  |TAMS 0x00000007529ffff0| PB 0x0000000752800000| Untracked 
| 385|0x0000000752a00000, 0x0000000752bfffe8, 0x0000000752c00000| 99%| O|  |TAMS 0x0000000752bfffe8| PB 0x0000000752a00000| Untracked 
| 386|0x0000000752c00000, 0x0000000752e00000, 0x0000000752e00000|100%| O|  |TAMS 0x0000000752e00000| PB 0x0000000752c00000| Untracked 
| 387|0x0000000752e00000, 0x0000000752fffff8, 0x0000000753000000| 99%| O|  |TAMS 0x0000000752fffff8| PB 0x0000000752e00000| Untracked 
| 388|0x0000000753000000, 0x00000007531ffff0, 0x0000000753200000| 99%| O|  |TAMS 0x00000007531ffff0| PB 0x0000000753000000| Untracked 
| 389|0x0000000753200000, 0x00000007533ffff0, 0x0000000753400000| 99%| O|  |TAMS 0x00000007533ffff0| PB 0x0000000753200000| Untracked 
| 390|0x0000000753400000, 0x0000000753600000, 0x0000000753600000|100%| O|  |TAMS 0x0000000753600000| PB 0x0000000753400000| Untracked 
| 391|0x0000000753600000, 0x00000007537ffff8, 0x0000000753800000| 99%| O|  |TAMS 0x00000007537ffff8| PB 0x0000000753600000| Untracked 
| 392|0x0000000753800000, 0x00000007539fffe8, 0x0000000753a00000| 99%| O|  |TAMS 0x00000007539fffe8| PB 0x0000000753800000| Untracked 
| 393|0x0000000753a00000, 0x0000000753bffff8, 0x0000000753c00000| 99%| O|  |TAMS 0x0000000753bffff8| PB 0x0000000753a00000| Untracked 
| 394|0x0000000753c00000, 0x0000000753dffff8, 0x0000000753e00000| 99%| O|  |TAMS 0x0000000753dffff8| PB 0x0000000753c00000| Untracked 
| 395|0x0000000753e00000, 0x0000000753ffffc8, 0x0000000754000000| 99%| O|  |TAMS 0x0000000753ffffc8| PB 0x0000000753e00000| Untracked 
| 396|0x0000000754000000, 0x0000000754200000, 0x0000000754200000|100%| O|  |TAMS 0x0000000754200000| PB 0x0000000754000000| Untracked 
| 397|0x0000000754200000, 0x00000007543ffff8, 0x0000000754400000| 99%| O|  |TAMS 0x00000007543ffff8| PB 0x0000000754200000| Untracked 
| 398|0x0000000754400000, 0x0000000754600000, 0x0000000754600000|100%| O|  |TAMS 0x0000000754600000| PB 0x0000000754400000| Untracked 
| 399|0x0000000754600000, 0x0000000754800000, 0x0000000754800000|100%| O|  |TAMS 0x0000000754800000| PB 0x0000000754600000| Untracked 
| 400|0x0000000754800000, 0x00000007549ffff8, 0x0000000754a00000| 99%| O|  |TAMS 0x00000007549ffff8| PB 0x0000000754800000| Untracked 
| 401|0x0000000754a00000, 0x0000000754bfffd8, 0x0000000754c00000| 99%| O|  |TAMS 0x0000000754bfffd8| PB 0x0000000754a00000| Untracked 
| 402|0x0000000754c00000, 0x0000000754dffff0, 0x0000000754e00000| 99%| O|  |TAMS 0x0000000754dffff0| PB 0x0000000754c00000| Untracked 
| 403|0x0000000754e00000, 0x0000000754fffff0, 0x0000000755000000| 99%| O|  |TAMS 0x0000000754fffff0| PB 0x0000000754e00000| Untracked 
| 404|0x0000000755000000, 0x00000007551ffff8, 0x0000000755200000| 99%| O|  |TAMS 0x00000007551ffff8| PB 0x0000000755000000| Untracked 
| 405|0x0000000755200000, 0x00000007553ffff8, 0x0000000755400000| 99%| O|  |TAMS 0x00000007553ffff8| PB 0x0000000755200000| Untracked 
| 406|0x0000000755400000, 0x0000000755600000, 0x0000000755600000|100%| O|  |TAMS 0x0000000755600000| PB 0x0000000755400000| Untracked 
| 407|0x0000000755600000, 0x00000007557ffff8, 0x0000000755800000| 99%| O|  |TAMS 0x00000007557ffff8| PB 0x0000000755600000| Untracked 
| 408|0x0000000755800000, 0x00000007559fffd8, 0x0000000755a00000| 99%| O|  |TAMS 0x00000007559fffd8| PB 0x0000000755800000| Untracked 
| 409|0x0000000755a00000, 0x0000000755c00000, 0x0000000755c00000|100%| O|  |TAMS 0x0000000755c00000| PB 0x0000000755a00000| Untracked 
| 410|0x0000000755c00000, 0x0000000755dffff8, 0x0000000755e00000| 99%| O|  |TAMS 0x0000000755dffff8| PB 0x0000000755c00000| Untracked 
| 411|0x0000000755e00000, 0x0000000756000000, 0x0000000756000000|100%| O|  |TAMS 0x0000000756000000| PB 0x0000000755e00000| Untracked 
| 412|0x0000000756000000, 0x00000007561ffff8, 0x0000000756200000| 99%| O|  |TAMS 0x00000007561ffff8| PB 0x0000000756000000| Untracked 
| 413|0x0000000756200000, 0x00000007563ffff8, 0x0000000756400000| 99%| O|  |TAMS 0x00000007563ffff8| PB 0x0000000756200000| Untracked 
| 414|0x0000000756400000, 0x00000007565ffff0, 0x0000000756600000| 99%| O|  |TAMS 0x00000007565ffff0| PB 0x0000000756400000| Untracked 
| 415|0x0000000756600000, 0x00000007567ffff0, 0x0000000756800000| 99%| O|  |TAMS 0x00000007567ffff0| PB 0x0000000756600000| Untracked 
| 416|0x0000000756800000, 0x00000007569fffe8, 0x0000000756a00000| 99%| O|  |TAMS 0x00000007569fffe8| PB 0x0000000756800000| Untracked 
| 417|0x0000000756a00000, 0x0000000756c00000, 0x0000000756c00000|100%| O|  |TAMS 0x0000000756c00000| PB 0x0000000756a00000| Untracked 
| 418|0x0000000756c00000, 0x0000000756dfffe8, 0x0000000756e00000| 99%| O|  |TAMS 0x0000000756dfffe8| PB 0x0000000756c00000| Untracked 
| 419|0x0000000756e00000, 0x0000000756fffff0, 0x0000000757000000| 99%| O|  |TAMS 0x0000000756fffff0| PB 0x0000000756e00000| Untracked 
| 420|0x0000000757000000, 0x00000007571ffff8, 0x0000000757200000| 99%| O|  |TAMS 0x00000007571ffff8| PB 0x0000000757000000| Untracked 
| 421|0x0000000757200000, 0x00000007573ffff0, 0x0000000757400000| 99%| O|  |TAMS 0x00000007573ffff0| PB 0x0000000757200000| Untracked 
| 422|0x0000000757400000, 0x00000007575ffff0, 0x0000000757600000| 99%| O|  |TAMS 0x00000007575ffff0| PB 0x0000000757400000| Untracked 
| 423|0x0000000757600000, 0x00000007577ffff8, 0x0000000757800000| 99%| O|  |TAMS 0x00000007577ffff8| PB 0x0000000757600000| Untracked 
| 424|0x0000000757800000, 0x00000007579fffe0, 0x0000000757a00000| 99%| O|  |TAMS 0x00000007579fffe0| PB 0x0000000757800000| Untracked 
| 425|0x0000000757a00000, 0x0000000757bffff8, 0x0000000757c00000| 99%| O|  |TAMS 0x0000000757bffff8| PB 0x0000000757a00000| Untracked 
| 426|0x0000000757c00000, 0x0000000757dffff0, 0x0000000757e00000| 99%| O|  |TAMS 0x0000000757dffff0| PB 0x0000000757c00000| Untracked 
| 427|0x0000000757e00000, 0x0000000757fffff8, 0x0000000758000000| 99%| O|  |TAMS 0x0000000757fffff8| PB 0x0000000757e00000| Untracked 
| 428|0x0000000758000000, 0x00000007581ffff0, 0x0000000758200000| 99%| O|  |TAMS 0x00000007581ffff0| PB 0x0000000758000000| Untracked 
| 429|0x0000000758200000, 0x00000007583fffd0, 0x0000000758400000| 99%| O|  |TAMS 0x00000007583fffd0| PB 0x0000000758200000| Untracked 
| 430|0x0000000758400000, 0x0000000758600000, 0x0000000758600000|100%| O|  |TAMS 0x0000000758600000| PB 0x0000000758400000| Untracked 
| 431|0x0000000758600000, 0x00000007587ffff0, 0x0000000758800000| 99%| O|  |TAMS 0x00000007587ffff0| PB 0x0000000758600000| Untracked 
| 432|0x0000000758800000, 0x00000007589ffff0, 0x0000000758a00000| 99%| O|  |TAMS 0x00000007589ffff0| PB 0x0000000758800000| Untracked 
| 433|0x0000000758a00000, 0x0000000758bfffd8, 0x0000000758c00000| 99%| O|  |TAMS 0x0000000758bfffd8| PB 0x0000000758a00000| Untracked 
| 434|0x0000000758c00000, 0x0000000758e00000, 0x0000000758e00000|100%| O|  |TAMS 0x0000000758e00000| PB 0x0000000758c00000| Untracked 
| 435|0x0000000758e00000, 0x0000000758fffff8, 0x0000000759000000| 99%| O|  |TAMS 0x0000000758fffff8| PB 0x0000000758e00000| Untracked 
| 436|0x0000000759000000, 0x0000000759200000, 0x0000000759200000|100%| O|  |TAMS 0x0000000759200000| PB 0x0000000759000000| Untracked 
| 437|0x0000000759200000, 0x00000007593fffd8, 0x0000000759400000| 99%| O|  |TAMS 0x00000007593fffd8| PB 0x0000000759200000| Untracked 
| 438|0x0000000759400000, 0x00000007595ffff8, 0x0000000759600000| 99%| O|  |TAMS 0x00000007595ffff8| PB 0x0000000759400000| Untracked 
| 439|0x0000000759600000, 0x00000007597ffff0, 0x0000000759800000| 99%| O|  |TAMS 0x00000007597ffff0| PB 0x0000000759600000| Untracked 
| 440|0x0000000759800000, 0x00000007599ffff0, 0x0000000759a00000| 99%| O|  |TAMS 0x00000007599ffff0| PB 0x0000000759800000| Untracked 
| 441|0x0000000759a00000, 0x0000000759bffff8, 0x0000000759c00000| 99%| O|  |TAMS 0x0000000759bffff8| PB 0x0000000759a00000| Untracked 
| 442|0x0000000759c00000, 0x0000000759e00000, 0x0000000759e00000|100%| O|  |TAMS 0x0000000759e00000| PB 0x0000000759c00000| Untracked 
| 443|0x0000000759e00000, 0x0000000759fffff8, 0x000000075a000000| 99%| O|  |TAMS 0x0000000759fffff8| PB 0x0000000759e00000| Untracked 
| 444|0x000000075a000000, 0x000000075a1fffd8, 0x000000075a200000| 99%| O|  |TAMS 0x000000075a1fffd8| PB 0x000000075a000000| Untracked 
| 445|0x000000075a200000, 0x000000075a3fffe0, 0x000000075a400000| 99%| O|  |TAMS 0x000000075a3fffe0| PB 0x000000075a200000| Untracked 
| 446|0x000000075a400000, 0x000000075a5fffe8, 0x000000075a600000| 99%| O|  |TAMS 0x000000075a5fffe8| PB 0x000000075a400000| Untracked 
| 447|0x000000075a600000, 0x000000075a800000, 0x000000075a800000|100%| O|  |TAMS 0x000000075a800000| PB 0x000000075a600000| Untracked 
| 448|0x000000075a800000, 0x000000075a9ffff8, 0x000000075aa00000| 99%| O|  |TAMS 0x000000075a9ffff8| PB 0x000000075a800000| Untracked 
| 449|0x000000075aa00000, 0x000000075abffff0, 0x000000075ac00000| 99%| O|  |TAMS 0x000000075abffff0| PB 0x000000075aa00000| Untracked 
| 450|0x000000075ac00000, 0x000000075adffff8, 0x000000075ae00000| 99%| O|  |TAMS 0x000000075adffff8| PB 0x000000075ac00000| Untracked 
| 451|0x000000075ae00000, 0x000000075afffff8, 0x000000075b000000| 99%| O|  |TAMS 0x000000075afffff8| PB 0x000000075ae00000| Untracked 
| 452|0x000000075b000000, 0x000000075b1ffff8, 0x000000075b200000| 99%| O|  |TAMS 0x000000075b1ffff8| PB 0x000000075b000000| Untracked 
| 453|0x000000075b200000, 0x000000075b3ffff0, 0x000000075b400000| 99%| O|  |TAMS 0x000000075b3ffff0| PB 0x000000075b200000| Untracked 
| 454|0x000000075b400000, 0x000000075b5ffff8, 0x000000075b600000| 99%| O|  |TAMS 0x000000075b5ffff8| PB 0x000000075b400000| Untracked 
| 455|0x000000075b600000, 0x000000075b7ffff8, 0x000000075b800000| 99%| O|  |TAMS 0x000000075b7ffff8| PB 0x000000075b600000| Untracked 
| 456|0x000000075b800000, 0x000000075ba00000, 0x000000075ba00000|100%| O|  |TAMS 0x000000075ba00000| PB 0x000000075b800000| Untracked 
| 457|0x000000075ba00000, 0x000000075bc00000, 0x000000075bc00000|100%| O|  |TAMS 0x000000075bc00000| PB 0x000000075ba00000| Untracked 
| 458|0x000000075bc00000, 0x000000075bdffff0, 0x000000075be00000| 99%| O|  |TAMS 0x000000075bdffff0| PB 0x000000075bc00000| Untracked 
| 459|0x000000075be00000, 0x000000075bffffd8, 0x000000075c000000| 99%| O|  |TAMS 0x000000075bffffd8| PB 0x000000075be00000| Untracked 
| 460|0x000000075c000000, 0x000000075c200000, 0x000000075c200000|100%| O|  |TAMS 0x000000075c200000| PB 0x000000075c000000| Untracked 
| 461|0x000000075c200000, 0x000000075c3fffd8, 0x000000075c400000| 99%| O|  |TAMS 0x000000075c3fffd8| PB 0x000000075c200000| Untracked 
| 462|0x000000075c400000, 0x000000075c5ffff0, 0x000000075c600000| 99%| O|  |TAMS 0x000000075c5ffff0| PB 0x000000075c400000| Untracked 
| 463|0x000000075c600000, 0x000000075c7fffd8, 0x000000075c800000| 99%| O|  |TAMS 0x000000075c7fffd8| PB 0x000000075c600000| Untracked 
| 464|0x000000075c800000, 0x000000075c9ffff8, 0x000000075ca00000| 99%| O|  |TAMS 0x000000075c9ffff8| PB 0x000000075c800000| Untracked 
| 465|0x000000075ca00000, 0x000000075cbffff8, 0x000000075cc00000| 99%| O|  |TAMS 0x000000075cbffff8| PB 0x000000075ca00000| Untracked 
| 466|0x000000075cc00000, 0x000000075ce00000, 0x000000075ce00000|100%| O|  |TAMS 0x000000075ce00000| PB 0x000000075cc00000| Untracked 
| 467|0x000000075ce00000, 0x000000075cfffff0, 0x000000075d000000| 99%| O|  |TAMS 0x000000075cfffff0| PB 0x000000075ce00000| Untracked 
| 468|0x000000075d000000, 0x000000075d1fffe8, 0x000000075d200000| 99%| O|  |TAMS 0x000000075d1fffe8| PB 0x000000075d000000| Untracked 
| 469|0x000000075d200000, 0x000000075d3fffd0, 0x000000075d400000| 99%| O|  |TAMS 0x000000075d3fffd0| PB 0x000000075d200000| Untracked 
| 470|0x000000075d400000, 0x000000075d5fffd8, 0x000000075d600000| 99%| O|  |TAMS 0x000000075d5fffd8| PB 0x000000075d400000| Untracked 
| 471|0x000000075d600000, 0x000000075d7ffff8, 0x000000075d800000| 99%| O|  |TAMS 0x000000075d7ffff8| PB 0x000000075d600000| Untracked 
| 472|0x000000075d800000, 0x000000075d9ffff8, 0x000000075da00000| 99%| O|  |TAMS 0x000000075d9ffff8| PB 0x000000075d800000| Untracked 
| 473|0x000000075da00000, 0x000000075dbfffd8, 0x000000075dc00000| 99%| O|  |TAMS 0x000000075dbfffd8| PB 0x000000075da00000| Untracked 
| 474|0x000000075dc00000, 0x000000075ddffff8, 0x000000075de00000| 99%| O|  |TAMS 0x000000075ddffff8| PB 0x000000075dc00000| Untracked 
| 475|0x000000075de00000, 0x000000075e000000, 0x000000075e000000|100%| O|  |TAMS 0x000000075e000000| PB 0x000000075de00000| Untracked 
| 476|0x000000075e000000, 0x000000075e1fffc0, 0x000000075e200000| 99%| O|  |TAMS 0x000000075e1fffc0| PB 0x000000075e000000| Untracked 
| 477|0x000000075e200000, 0x000000075e400000, 0x000000075e400000|100%| O|  |TAMS 0x000000075e400000| PB 0x000000075e200000| Untracked 
| 478|0x000000075e400000, 0x000000075e5ffff8, 0x000000075e600000| 99%| O|  |TAMS 0x000000075e5ffff8| PB 0x000000075e400000| Untracked 
| 479|0x000000075e600000, 0x000000075e7fffd8, 0x000000075e800000| 99%| O|  |TAMS 0x000000075e7fffd8| PB 0x000000075e600000| Untracked 
| 480|0x000000075e800000, 0x000000075ea00000, 0x000000075ea00000|100%| O|  |TAMS 0x000000075ea00000| PB 0x000000075e800000| Untracked 
| 481|0x000000075ea00000, 0x000000075ebffff0, 0x000000075ec00000| 99%| O|  |TAMS 0x000000075ebffff0| PB 0x000000075ea00000| Untracked 
| 482|0x000000075ec00000, 0x000000075edffff0, 0x000000075ee00000| 99%| O|  |TAMS 0x000000075edffff0| PB 0x000000075ec00000| Untracked 
| 483|0x000000075ee00000, 0x000000075effffc0, 0x000000075f000000| 99%| O|  |TAMS 0x000000075effffc0| PB 0x000000075ee00000| Untracked 
| 484|0x000000075f000000, 0x000000075f1fffe8, 0x000000075f200000| 99%| O|  |TAMS 0x000000075f1fffe8| PB 0x000000075f000000| Untracked 
| 485|0x000000075f200000, 0x000000075f3ffff8, 0x000000075f400000| 99%| O|  |TAMS 0x000000075f3ffff8| PB 0x000000075f200000| Untracked 
| 486|0x000000075f400000, 0x000000075f5ffff0, 0x000000075f600000| 99%| O|  |TAMS 0x000000075f5ffff0| PB 0x000000075f400000| Untracked 
| 487|0x000000075f600000, 0x000000075f7fffd0, 0x000000075f800000| 99%| O|  |TAMS 0x000000075f7fffd0| PB 0x000000075f600000| Untracked 
| 488|0x000000075f800000, 0x000000075f9ffff0, 0x000000075fa00000| 99%| O|  |TAMS 0x000000075f9ffff0| PB 0x000000075f800000| Untracked 
| 489|0x000000075fa00000, 0x000000075fbffff0, 0x000000075fc00000| 99%| O|  |TAMS 0x000000075fbffff0| PB 0x000000075fa00000| Untracked 
| 490|0x000000075fc00000, 0x000000075fdffff8, 0x000000075fe00000| 99%| O|  |TAMS 0x000000075fdffff8| PB 0x000000075fc00000| Untracked 
| 491|0x000000075fe00000, 0x000000075ffffff8, 0x0000000760000000| 99%| O|  |TAMS 0x000000075ffffff8| PB 0x000000075fe00000| Untracked 
| 492|0x0000000760000000, 0x00000007601ffff8, 0x0000000760200000| 99%| O|  |TAMS 0x00000007601ffff8| PB 0x0000000760000000| Untracked 
| 493|0x0000000760200000, 0x00000007603ffff0, 0x0000000760400000| 99%| O|  |TAMS 0x00000007603ffff0| PB 0x0000000760200000| Untracked 
| 494|0x0000000760400000, 0x00000007605ffff8, 0x0000000760600000| 99%| O|  |TAMS 0x00000007605ffff8| PB 0x0000000760400000| Untracked 
| 495|0x0000000760600000, 0x0000000760800000, 0x0000000760800000|100%| O|  |TAMS 0x0000000760800000| PB 0x0000000760600000| Untracked 
| 496|0x0000000760800000, 0x0000000760a00000, 0x0000000760a00000|100%| O|  |TAMS 0x0000000760a00000| PB 0x0000000760800000| Untracked 
| 497|0x0000000760a00000, 0x0000000760bfffd0, 0x0000000760c00000| 99%| O|  |TAMS 0x0000000760bfffd0| PB 0x0000000760a00000| Untracked 
| 498|0x0000000760c00000, 0x0000000760dfffe0, 0x0000000760e00000| 99%| O|  |TAMS 0x0000000760dfffe0| PB 0x0000000760c00000| Untracked 
| 499|0x0000000760e00000, 0x0000000761000000, 0x0000000761000000|100%| O|  |TAMS 0x0000000761000000| PB 0x0000000760e00000| Untracked 
| 500|0x0000000761000000, 0x00000007611ffff0, 0x0000000761200000| 99%| O|  |TAMS 0x00000007611ffff0| PB 0x0000000761000000| Untracked 
| 501|0x0000000761200000, 0x0000000761400000, 0x0000000761400000|100%| O|  |TAMS 0x0000000761400000| PB 0x0000000761200000| Untracked 
| 502|0x0000000761400000, 0x00000007615ffff0, 0x0000000761600000| 99%| O|  |TAMS 0x00000007615ffff0| PB 0x0000000761400000| Untracked 
| 503|0x0000000761600000, 0x0000000761800000, 0x0000000761800000|100%| O|  |TAMS 0x0000000761800000| PB 0x0000000761600000| Untracked 
| 504|0x0000000761800000, 0x00000007619fffd8, 0x0000000761a00000| 99%| O|  |TAMS 0x00000007619fffd8| PB 0x0000000761800000| Untracked 
| 505|0x0000000761a00000, 0x0000000761bffff0, 0x0000000761c00000| 99%| O|  |TAMS 0x0000000761bffff0| PB 0x0000000761a00000| Untracked 
| 506|0x0000000761c00000, 0x0000000761dffff8, 0x0000000761e00000| 99%| O|  |TAMS 0x0000000761dffff8| PB 0x0000000761c00000| Untracked 
| 507|0x0000000761e00000, 0x0000000761fffff0, 0x0000000762000000| 99%| O|  |TAMS 0x0000000761fffff0| PB 0x0000000761e00000| Untracked 
| 508|0x0000000762000000, 0x00000007621fffd8, 0x0000000762200000| 99%| O|  |TAMS 0x00000007621fffd8| PB 0x0000000762000000| Untracked 
| 509|0x0000000762200000, 0x00000007623ffff0, 0x0000000762400000| 99%| O|  |TAMS 0x00000007623ffff0| PB 0x0000000762200000| Untracked 
| 510|0x0000000762400000, 0x00000007625ffff8, 0x0000000762600000| 99%| O|  |TAMS 0x00000007625ffff8| PB 0x0000000762400000| Untracked 
| 511|0x0000000762600000, 0x00000007627ffff0, 0x0000000762800000| 99%| O|  |TAMS 0x00000007627ffff0| PB 0x0000000762600000| Untracked 
| 512|0x0000000762800000, 0x00000007629ffff0, 0x0000000762a00000| 99%| O|  |TAMS 0x00000007629ffff0| PB 0x0000000762800000| Untracked 
| 513|0x0000000762a00000, 0x0000000762c00000, 0x0000000762c00000|100%| O|  |TAMS 0x0000000762c00000| PB 0x0000000762a00000| Untracked 
| 514|0x0000000762c00000, 0x0000000762dffff0, 0x0000000762e00000| 99%| O|  |TAMS 0x0000000762dffff0| PB 0x0000000762c00000| Untracked 
| 515|0x0000000762e00000, 0x0000000762ffffc8, 0x0000000763000000| 99%| O|  |TAMS 0x0000000762ffffc8| PB 0x0000000762e00000| Untracked 
| 516|0x0000000763000000, 0x00000007631ffff0, 0x0000000763200000| 99%| O|  |TAMS 0x00000007631ffff0| PB 0x0000000763000000| Untracked 
| 517|0x0000000763200000, 0x00000007633ffff0, 0x0000000763400000| 99%| O|  |TAMS 0x00000007633ffff0| PB 0x0000000763200000| Untracked 
| 518|0x0000000763400000, 0x00000007635ffff0, 0x0000000763600000| 99%| O|  |TAMS 0x00000007635ffff0| PB 0x0000000763400000| Untracked 
| 519|0x0000000763600000, 0x00000007637ffff0, 0x0000000763800000| 99%| O|  |TAMS 0x00000007637ffff0| PB 0x0000000763600000| Untracked 
| 520|0x0000000763800000, 0x00000007639ffff8, 0x0000000763a00000| 99%| O|  |TAMS 0x00000007639ffff8| PB 0x0000000763800000| Untracked 
| 521|0x0000000763a00000, 0x0000000763bffff8, 0x0000000763c00000| 99%| O|  |TAMS 0x0000000763bffff8| PB 0x0000000763a00000| Untracked 
| 522|0x0000000763c00000, 0x0000000763dffff8, 0x0000000763e00000| 99%| O|  |TAMS 0x0000000763dffff8| PB 0x0000000763c00000| Untracked 
| 523|0x0000000763e00000, 0x0000000763ffffe0, 0x0000000764000000| 99%| O|  |TAMS 0x0000000763ffffe0| PB 0x0000000763e00000| Untracked 
| 524|0x0000000764000000, 0x00000007641ffff0, 0x0000000764200000| 99%| O|  |TAMS 0x00000007641ffff0| PB 0x0000000764000000| Untracked 
| 525|0x0000000764200000, 0x0000000764400000, 0x0000000764400000|100%| O|  |TAMS 0x0000000764400000| PB 0x0000000764200000| Untracked 
| 526|0x0000000764400000, 0x00000007645ffff8, 0x0000000764600000| 99%| O|  |TAMS 0x00000007645ffff8| PB 0x0000000764400000| Untracked 
| 527|0x0000000764600000, 0x00000007647ffff0, 0x0000000764800000| 99%| O|  |TAMS 0x00000007647ffff0| PB 0x0000000764600000| Untracked 
| 528|0x0000000764800000, 0x00000007649fffe0, 0x0000000764a00000| 99%| O|  |TAMS 0x00000007649fffe0| PB 0x0000000764800000| Untracked 
| 529|0x0000000764a00000, 0x0000000764bfffd8, 0x0000000764c00000| 99%| O|  |TAMS 0x0000000764bfffd8| PB 0x0000000764a00000| Untracked 
| 530|0x0000000764c00000, 0x0000000764e00000, 0x0000000764e00000|100%| O|  |TAMS 0x0000000764e00000| PB 0x0000000764c00000| Untracked 
| 531|0x0000000764e00000, 0x0000000764fffff0, 0x0000000765000000| 99%| O|  |TAMS 0x0000000764fffff0| PB 0x0000000764e00000| Untracked 
| 532|0x0000000765000000, 0x00000007651fffd8, 0x0000000765200000| 99%| O|  |TAMS 0x00000007651fffd8| PB 0x0000000765000000| Untracked 
| 533|0x0000000765200000, 0x00000007653ffff0, 0x0000000765400000| 99%| O|  |TAMS 0x00000007653ffff0| PB 0x0000000765200000| Untracked 
| 534|0x0000000765400000, 0x00000007655fffd8, 0x0000000765600000| 99%| O|  |TAMS 0x00000007655fffd8| PB 0x0000000765400000| Untracked 
| 535|0x0000000765600000, 0x0000000765800000, 0x0000000765800000|100%| O|  |TAMS 0x0000000765800000| PB 0x0000000765600000| Untracked 
| 536|0x0000000765800000, 0x00000007659fffe0, 0x0000000765a00000| 99%| O|  |TAMS 0x00000007659fffe0| PB 0x0000000765800000| Untracked 
| 537|0x0000000765a00000, 0x0000000765c00000, 0x0000000765c00000|100%| O|  |TAMS 0x0000000765c00000| PB 0x0000000765a00000| Untracked 
| 538|0x0000000765c00000, 0x0000000765dffff0, 0x0000000765e00000| 99%| O|  |TAMS 0x0000000765dffff0| PB 0x0000000765c00000| Untracked 
| 539|0x0000000765e00000, 0x0000000766000000, 0x0000000766000000|100%| O|  |TAMS 0x0000000766000000| PB 0x0000000765e00000| Untracked 
| 540|0x0000000766000000, 0x00000007661fffc8, 0x0000000766200000| 99%| O|  |TAMS 0x00000007661fffc8| PB 0x0000000766000000| Untracked 
| 541|0x0000000766200000, 0x00000007663fffc8, 0x0000000766400000| 99%| O|  |TAMS 0x00000007663fffc8| PB 0x0000000766200000| Untracked 
| 542|0x0000000766400000, 0x00000007665ffff0, 0x0000000766600000| 99%| O|  |TAMS 0x00000007665ffff0| PB 0x0000000766400000| Untracked 
| 543|0x0000000766600000, 0x00000007667ffff0, 0x0000000766800000| 99%| O|  |TAMS 0x00000007667ffff0| PB 0x0000000766600000| Untracked 
| 544|0x0000000766800000, 0x00000007669ffff0, 0x0000000766a00000| 99%| O|  |TAMS 0x00000007669ffff0| PB 0x0000000766800000| Untracked 
| 545|0x0000000766a00000, 0x0000000766bfffc8, 0x0000000766c00000| 99%| O|  |TAMS 0x0000000766bfffc8| PB 0x0000000766a00000| Untracked 
| 546|0x0000000766c00000, 0x0000000766dffff8, 0x0000000766e00000| 99%| O|  |TAMS 0x0000000766dffff8| PB 0x0000000766c00000| Untracked 
| 547|0x0000000766e00000, 0x0000000766ffffc0, 0x0000000767000000| 99%| O|  |TAMS 0x0000000766ffffc0| PB 0x0000000766e00000| Untracked 
| 548|0x0000000767000000, 0x00000007671ffff8, 0x0000000767200000| 99%| O|  |TAMS 0x00000007671ffff8| PB 0x0000000767000000| Untracked 
| 549|0x0000000767200000, 0x0000000767400000, 0x0000000767400000|100%| O|  |TAMS 0x0000000767400000| PB 0x0000000767200000| Untracked 
| 550|0x0000000767400000, 0x00000007675ffff0, 0x0000000767600000| 99%| O|  |TAMS 0x00000007675ffff0| PB 0x0000000767400000| Untracked 
| 551|0x0000000767600000, 0x00000007677ffff0, 0x0000000767800000| 99%| O|  |TAMS 0x00000007677ffff0| PB 0x0000000767600000| Untracked 
| 552|0x0000000767800000, 0x0000000767a00000, 0x0000000767a00000|100%| O|  |TAMS 0x0000000767a00000| PB 0x0000000767800000| Untracked 
| 553|0x0000000767a00000, 0x0000000767bffff0, 0x0000000767c00000| 99%| O|  |TAMS 0x0000000767bffff0| PB 0x0000000767a00000| Untracked 
| 554|0x0000000767c00000, 0x0000000767dffff0, 0x0000000767e00000| 99%| O|  |TAMS 0x0000000767dffff0| PB 0x0000000767c00000| Untracked 
| 555|0x0000000767e00000, 0x0000000767fffff8, 0x0000000768000000| 99%| O|  |TAMS 0x0000000767fffff8| PB 0x0000000767e00000| Untracked 
| 556|0x0000000768000000, 0x00000007681ffff0, 0x0000000768200000| 99%| O|  |TAMS 0x00000007681ffff0| PB 0x0000000768000000| Untracked 
| 557|0x0000000768200000, 0x00000007683ffff0, 0x0000000768400000| 99%| O|  |TAMS 0x00000007683ffff0| PB 0x0000000768200000| Untracked 
| 558|0x0000000768400000, 0x00000007685fffe0, 0x0000000768600000| 99%| O|  |TAMS 0x00000007685fffe0| PB 0x0000000768400000| Untracked 
| 559|0x0000000768600000, 0x00000007687fffe8, 0x0000000768800000| 99%| O|  |TAMS 0x00000007687fffe8| PB 0x0000000768600000| Untracked 
| 560|0x0000000768800000, 0x0000000768a00000, 0x0000000768a00000|100%| O|  |TAMS 0x0000000768a00000| PB 0x0000000768800000| Untracked 
| 561|0x0000000768a00000, 0x0000000768bffff8, 0x0000000768c00000| 99%| O|  |TAMS 0x0000000768bffff8| PB 0x0000000768a00000| Untracked 
| 562|0x0000000768c00000, 0x0000000768dffff0, 0x0000000768e00000| 99%| O|  |TAMS 0x0000000768dffff0| PB 0x0000000768c00000| Untracked 
| 563|0x0000000768e00000, 0x0000000768fffff0, 0x0000000769000000| 99%| O|  |TAMS 0x0000000768fffff0| PB 0x0000000768e00000| Untracked 
| 564|0x0000000769000000, 0x00000007691ffff0, 0x0000000769200000| 99%| O|  |TAMS 0x00000007691ffff0| PB 0x0000000769000000| Untracked 
| 565|0x0000000769200000, 0x0000000769400000, 0x0000000769400000|100%| O|  |TAMS 0x0000000769400000| PB 0x0000000769200000| Untracked 
| 566|0x0000000769400000, 0x00000007695fffe0, 0x0000000769600000| 99%| O|  |TAMS 0x00000007695fffe0| PB 0x0000000769400000| Untracked 
| 567|0x0000000769600000, 0x00000007697ffff0, 0x0000000769800000| 99%| O|  |TAMS 0x00000007697ffff0| PB 0x0000000769600000| Untracked 
| 568|0x0000000769800000, 0x0000000769a00000, 0x0000000769a00000|100%| O|  |TAMS 0x0000000769a00000| PB 0x0000000769800000| Untracked 
| 569|0x0000000769a00000, 0x0000000769c00000, 0x0000000769c00000|100%| O|  |TAMS 0x0000000769c00000| PB 0x0000000769a00000| Untracked 
| 570|0x0000000769c00000, 0x0000000769dfffd8, 0x0000000769e00000| 99%| O|  |TAMS 0x0000000769dfffd8| PB 0x0000000769c00000| Untracked 
| 571|0x0000000769e00000, 0x0000000769ffffd8, 0x000000076a000000| 99%| O|  |TAMS 0x0000000769ffffd8| PB 0x0000000769e00000| Untracked 
| 572|0x000000076a000000, 0x000000076a200000, 0x000000076a200000|100%| O|  |TAMS 0x000000076a200000| PB 0x000000076a000000| Untracked 
| 573|0x000000076a200000, 0x000000076a3fffd8, 0x000000076a400000| 99%| O|  |TAMS 0x000000076a3fffd8| PB 0x000000076a200000| Untracked 
| 574|0x000000076a400000, 0x000000076a5fffd8, 0x000000076a600000| 99%| O|  |TAMS 0x000000076a5fffd8| PB 0x000000076a400000| Untracked 
| 575|0x000000076a600000, 0x000000076a800000, 0x000000076a800000|100%| O|  |TAMS 0x000000076a800000| PB 0x000000076a600000| Untracked 
| 576|0x000000076a800000, 0x000000076aa00000, 0x000000076aa00000|100%| O|  |TAMS 0x000000076aa00000| PB 0x000000076a800000| Untracked 
| 577|0x000000076aa00000, 0x000000076ac00000, 0x000000076ac00000|100%| O|  |TAMS 0x000000076ac00000| PB 0x000000076aa00000| Untracked 
| 578|0x000000076ac00000, 0x000000076adfffe0, 0x000000076ae00000| 99%| O|  |TAMS 0x000000076adfffe0| PB 0x000000076ac00000| Untracked 
| 579|0x000000076ae00000, 0x000000076b000000, 0x000000076b000000|100%| O|  |TAMS 0x000000076b000000| PB 0x000000076ae00000| Untracked 
| 580|0x000000076b000000, 0x000000076b200000, 0x000000076b200000|100%| O|  |TAMS 0x000000076b200000| PB 0x000000076b000000| Untracked 
| 581|0x000000076b200000, 0x000000076b3fffc0, 0x000000076b400000| 99%| O|  |TAMS 0x000000076b3fffc0| PB 0x000000076b200000| Untracked 
| 582|0x000000076b400000, 0x000000076b5ffff0, 0x000000076b600000| 99%| O|  |TAMS 0x000000076b5ffff0| PB 0x000000076b400000| Untracked 
| 583|0x000000076b600000, 0x000000076b800000, 0x000000076b800000|100%| O|  |TAMS 0x000000076b800000| PB 0x000000076b600000| Untracked 
| 584|0x000000076b800000, 0x000000076b9ffff8, 0x000000076ba00000| 99%| O|  |TAMS 0x000000076b9ffff8| PB 0x000000076b800000| Untracked 
| 585|0x000000076ba00000, 0x000000076bbfffd8, 0x000000076bc00000| 99%| O|  |TAMS 0x000000076bbfffd8| PB 0x000000076ba00000| Untracked 
| 586|0x000000076bc00000, 0x000000076be00000, 0x000000076be00000|100%| O|  |TAMS 0x000000076be00000| PB 0x000000076bc00000| Untracked 
| 587|0x000000076be00000, 0x000000076bfffff0, 0x000000076c000000| 99%| O|  |TAMS 0x000000076bfffff0| PB 0x000000076be00000| Untracked 
| 588|0x000000076c000000, 0x000000076c200000, 0x000000076c200000|100%| O|  |TAMS 0x000000076c200000| PB 0x000000076c000000| Untracked 
| 589|0x000000076c200000, 0x000000076c400000, 0x000000076c400000|100%| O|  |TAMS 0x000000076c400000| PB 0x000000076c200000| Untracked 
| 590|0x000000076c400000, 0x000000076c5fffe0, 0x000000076c600000| 99%| O|  |TAMS 0x000000076c5fffe0| PB 0x000000076c400000| Untracked 
| 591|0x000000076c600000, 0x000000076c800000, 0x000000076c800000|100%| O|  |TAMS 0x000000076c800000| PB 0x000000076c600000| Untracked 
| 592|0x000000076c800000, 0x000000076ca00000, 0x000000076ca00000|100%| O|  |TAMS 0x000000076ca00000| PB 0x000000076c800000| Untracked 
| 593|0x000000076ca00000, 0x000000076cc00000, 0x000000076cc00000|100%| O|  |TAMS 0x000000076cc00000| PB 0x000000076ca00000| Untracked 
| 594|0x000000076cc00000, 0x000000076ce00000, 0x000000076ce00000|100%| O|  |TAMS 0x000000076ce00000| PB 0x000000076cc00000| Untracked 
| 595|0x000000076ce00000, 0x000000076d000000, 0x000000076d000000|100%| O|  |TAMS 0x000000076d000000| PB 0x000000076ce00000| Untracked 
| 596|0x000000076d000000, 0x000000076d200000, 0x000000076d200000|100%| O|  |TAMS 0x000000076d200000| PB 0x000000076d000000| Untracked 
| 597|0x000000076d200000, 0x000000076d400000, 0x000000076d400000|100%| O|  |TAMS 0x000000076d400000| PB 0x000000076d200000| Untracked 
| 598|0x000000076d400000, 0x000000076d600000, 0x000000076d600000|100%| O|  |TAMS 0x000000076d600000| PB 0x000000076d400000| Untracked 
| 599|0x000000076d600000, 0x000000076d800000, 0x000000076d800000|100%| O|  |TAMS 0x000000076d800000| PB 0x000000076d600000| Untracked 
| 600|0x000000076d800000, 0x000000076da00000, 0x000000076da00000|100%| O|  |TAMS 0x000000076da00000| PB 0x000000076d800000| Untracked 
| 601|0x000000076da00000, 0x000000076dc00000, 0x000000076dc00000|100%| O|  |TAMS 0x000000076dc00000| PB 0x000000076da00000| Untracked 
| 602|0x000000076dc00000, 0x000000076de00000, 0x000000076de00000|100%| O|  |TAMS 0x000000076de00000| PB 0x000000076dc00000| Untracked 
| 603|0x000000076de00000, 0x000000076e000000, 0x000000076e000000|100%| O|  |TAMS 0x000000076e000000| PB 0x000000076de00000| Untracked 
| 604|0x000000076e000000, 0x000000076e200000, 0x000000076e200000|100%| O|  |TAMS 0x000000076e200000| PB 0x000000076e000000| Untracked 
| 605|0x000000076e200000, 0x000000076e400000, 0x000000076e400000|100%| O|  |TAMS 0x000000076e400000| PB 0x000000076e200000| Untracked 
| 606|0x000000076e400000, 0x000000076e600000, 0x000000076e600000|100%| O|  |TAMS 0x000000076e600000| PB 0x000000076e400000| Untracked 
| 607|0x000000076e600000, 0x000000076e800000, 0x000000076e800000|100%| O|  |TAMS 0x000000076e800000| PB 0x000000076e600000| Untracked 
| 608|0x000000076e800000, 0x000000076e9ffff0, 0x000000076ea00000| 99%| O|  |TAMS 0x000000076e9ffff0| PB 0x000000076e800000| Untracked 
| 609|0x000000076ea00000, 0x000000076ec00000, 0x000000076ec00000|100%| O|  |TAMS 0x000000076ec00000| PB 0x000000076ea00000| Untracked 
| 610|0x000000076ec00000, 0x000000076ee00000, 0x000000076ee00000|100%| O|  |TAMS 0x000000076ee00000| PB 0x000000076ec00000| Untracked 
| 611|0x000000076ee00000, 0x000000076f000000, 0x000000076f000000|100%| O|  |TAMS 0x000000076f000000| PB 0x000000076ee00000| Untracked 
| 612|0x000000076f000000, 0x000000076f200000, 0x000000076f200000|100%| O|  |TAMS 0x000000076f200000| PB 0x000000076f000000| Untracked 
| 613|0x000000076f200000, 0x000000076f400000, 0x000000076f400000|100%| O|  |TAMS 0x000000076f400000| PB 0x000000076f200000| Untracked 
| 614|0x000000076f400000, 0x000000076f600000, 0x000000076f600000|100%| O|  |TAMS 0x000000076f600000| PB 0x000000076f400000| Untracked 
| 615|0x000000076f600000, 0x000000076f800000, 0x000000076f800000|100%| O|  |TAMS 0x000000076f800000| PB 0x000000076f600000| Untracked 
| 616|0x000000076f800000, 0x000000076fa00000, 0x000000076fa00000|100%| O|  |TAMS 0x000000076fa00000| PB 0x000000076f800000| Untracked 
| 617|0x000000076fa00000, 0x000000076fc00000, 0x000000076fc00000|100%| O|  |TAMS 0x000000076fc00000| PB 0x000000076fa00000| Untracked 
| 618|0x000000076fc00000, 0x000000076fe00000, 0x000000076fe00000|100%| O|  |TAMS 0x000000076fe00000| PB 0x000000076fc00000| Untracked 
| 619|0x000000076fe00000, 0x0000000770000000, 0x0000000770000000|100%| O|  |TAMS 0x0000000770000000| PB 0x000000076fe00000| Untracked 
| 620|0x0000000770000000, 0x0000000770200000, 0x0000000770200000|100%| O|  |TAMS 0x0000000770200000| PB 0x0000000770000000| Untracked 
| 621|0x0000000770200000, 0x0000000770400000, 0x0000000770400000|100%| O|  |TAMS 0x0000000770400000| PB 0x0000000770200000| Untracked 
| 622|0x0000000770400000, 0x0000000770600000, 0x0000000770600000|100%| O|  |TAMS 0x0000000770600000| PB 0x0000000770400000| Untracked 
| 623|0x0000000770600000, 0x0000000770800000, 0x0000000770800000|100%| O|  |TAMS 0x0000000770800000| PB 0x0000000770600000| Untracked 
| 624|0x0000000770800000, 0x0000000770a00000, 0x0000000770a00000|100%| O|  |TAMS 0x0000000770a00000| PB 0x0000000770800000| Untracked 
| 625|0x0000000770a00000, 0x0000000770c00000, 0x0000000770c00000|100%| O|  |TAMS 0x0000000770c00000| PB 0x0000000770a00000| Untracked 
| 626|0x0000000770c00000, 0x0000000770e00000, 0x0000000770e00000|100%| O|  |TAMS 0x0000000770e00000| PB 0x0000000770c00000| Untracked 
| 627|0x0000000770e00000, 0x0000000771000000, 0x0000000771000000|100%| O|  |TAMS 0x0000000771000000| PB 0x0000000770e00000| Untracked 
| 628|0x0000000771000000, 0x0000000771200000, 0x0000000771200000|100%| O|  |TAMS 0x0000000771200000| PB 0x0000000771000000| Untracked 
| 629|0x0000000771200000, 0x0000000771400000, 0x0000000771400000|100%| O|  |TAMS 0x0000000771400000| PB 0x0000000771200000| Untracked 
| 630|0x0000000771400000, 0x00000007715ffff0, 0x0000000771600000| 99%| O|  |TAMS 0x00000007715ffff0| PB 0x0000000771400000| Untracked 
| 631|0x0000000771600000, 0x00000007717ffff0, 0x0000000771800000| 99%| O|  |TAMS 0x00000007717ffff0| PB 0x0000000771600000| Untracked 
| 632|0x0000000771800000, 0x0000000771a00000, 0x0000000771a00000|100%| O|  |TAMS 0x0000000771a00000| PB 0x0000000771800000| Untracked 
| 633|0x0000000771a00000, 0x0000000771c00000, 0x0000000771c00000|100%| O|  |TAMS 0x0000000771c00000| PB 0x0000000771a00000| Untracked 
| 634|0x0000000771c00000, 0x0000000771e00000, 0x0000000771e00000|100%| O|  |TAMS 0x0000000771e00000| PB 0x0000000771c00000| Untracked 
| 635|0x0000000771e00000, 0x0000000772000000, 0x0000000772000000|100%| O|  |TAMS 0x0000000772000000| PB 0x0000000771e00000| Untracked 
| 636|0x0000000772000000, 0x0000000772200000, 0x0000000772200000|100%| O|  |TAMS 0x0000000772200000| PB 0x0000000772000000| Untracked 
| 637|0x0000000772200000, 0x0000000772400000, 0x0000000772400000|100%| O|  |TAMS 0x0000000772400000| PB 0x0000000772200000| Untracked 
| 638|0x0000000772400000, 0x0000000772600000, 0x0000000772600000|100%| O|  |TAMS 0x0000000772600000| PB 0x0000000772400000| Untracked 
| 639|0x0000000772600000, 0x0000000772800000, 0x0000000772800000|100%| O|  |TAMS 0x0000000772800000| PB 0x0000000772600000| Untracked 
| 640|0x0000000772800000, 0x0000000772a00000, 0x0000000772a00000|100%| O|  |TAMS 0x0000000772a00000| PB 0x0000000772800000| Untracked 
| 641|0x0000000772a00000, 0x0000000772c00000, 0x0000000772c00000|100%| O|  |TAMS 0x0000000772c00000| PB 0x0000000772a00000| Untracked 
| 642|0x0000000772c00000, 0x0000000772e00000, 0x0000000772e00000|100%| O|  |TAMS 0x0000000772e00000| PB 0x0000000772c00000| Untracked 
| 643|0x0000000772e00000, 0x0000000773000000, 0x0000000773000000|100%| O|  |TAMS 0x0000000773000000| PB 0x0000000772e00000| Untracked 
| 644|0x0000000773000000, 0x00000007731fffd8, 0x0000000773200000| 99%| O|  |TAMS 0x00000007731fffd8| PB 0x0000000773000000| Untracked 
| 645|0x0000000773200000, 0x0000000773400000, 0x0000000773400000|100%| O|  |TAMS 0x0000000773400000| PB 0x0000000773200000| Untracked 
| 646|0x0000000773400000, 0x00000007735ffff8, 0x0000000773600000| 99%| O|  |TAMS 0x00000007735ffff8| PB 0x0000000773400000| Untracked 
| 647|0x0000000773600000, 0x00000007737ffff0, 0x0000000773800000| 99%| O|  |TAMS 0x00000007737ffff0| PB 0x0000000773600000| Untracked 
| 648|0x0000000773800000, 0x0000000773a00000, 0x0000000773a00000|100%| O|  |TAMS 0x0000000773a00000| PB 0x0000000773800000| Untracked 
| 649|0x0000000773a00000, 0x0000000773c00000, 0x0000000773c00000|100%| O|  |TAMS 0x0000000773c00000| PB 0x0000000773a00000| Untracked 
| 650|0x0000000773c00000, 0x0000000773dfffc8, 0x0000000773e00000| 99%| O|  |TAMS 0x0000000773dfffc8| PB 0x0000000773c00000| Untracked 
| 651|0x0000000773e00000, 0x0000000773fffff0, 0x0000000774000000| 99%| O|  |TAMS 0x0000000773fffff0| PB 0x0000000773e00000| Untracked 
| 652|0x0000000774000000, 0x0000000774200000, 0x0000000774200000|100%| O|  |TAMS 0x0000000774200000| PB 0x0000000774000000| Untracked 
| 653|0x0000000774200000, 0x00000007743ffff8, 0x0000000774400000| 99%| O|  |TAMS 0x00000007743ffff8| PB 0x0000000774200000| Untracked 
| 654|0x0000000774400000, 0x00000007745ffff0, 0x0000000774600000| 99%| O|  |TAMS 0x00000007745ffff0| PB 0x0000000774400000| Untracked 
| 655|0x0000000774600000, 0x0000000774800000, 0x0000000774800000|100%| O|  |TAMS 0x0000000774800000| PB 0x0000000774600000| Untracked 
| 656|0x0000000774800000, 0x0000000774a00000, 0x0000000774a00000|100%| O|  |TAMS 0x0000000774a00000| PB 0x0000000774800000| Untracked 
| 657|0x0000000774a00000, 0x0000000774c00000, 0x0000000774c00000|100%| O|  |TAMS 0x0000000774c00000| PB 0x0000000774a00000| Untracked 
| 658|0x0000000774c00000, 0x0000000774dffff0, 0x0000000774e00000| 99%| O|  |TAMS 0x0000000774dffff0| PB 0x0000000774c00000| Untracked 
| 659|0x0000000774e00000, 0x0000000774fffff0, 0x0000000775000000| 99%| O|  |TAMS 0x0000000774fffff0| PB 0x0000000774e00000| Untracked 
| 660|0x0000000775000000, 0x00000007751fffc0, 0x0000000775200000| 99%| O|  |TAMS 0x00000007751fffc0| PB 0x0000000775000000| Untracked 
| 661|0x0000000775200000, 0x00000007753fffe0, 0x0000000775400000| 99%| O|  |TAMS 0x00000007753fffe0| PB 0x0000000775200000| Untracked 
| 662|0x0000000775400000, 0x00000007755ffff8, 0x0000000775600000| 99%| O|  |TAMS 0x00000007755ffff8| PB 0x0000000775400000| Untracked 
| 663|0x0000000775600000, 0x0000000775800000, 0x0000000775800000|100%| O|  |TAMS 0x0000000775800000| PB 0x0000000775600000| Untracked 
| 664|0x0000000775800000, 0x00000007759ffff8, 0x0000000775a00000| 99%| O|  |TAMS 0x00000007759ffff8| PB 0x0000000775800000| Untracked 
| 665|0x0000000775a00000, 0x0000000775bffff0, 0x0000000775c00000| 99%| O|  |TAMS 0x0000000775bffff0| PB 0x0000000775a00000| Untracked 
| 666|0x0000000775c00000, 0x0000000775dfffd8, 0x0000000775e00000| 99%| O|  |TAMS 0x0000000775dfffd8| PB 0x0000000775c00000| Untracked 
| 667|0x0000000775e00000, 0x0000000775fffff0, 0x0000000776000000| 99%| O|  |TAMS 0x0000000775fffff0| PB 0x0000000775e00000| Untracked 
| 668|0x0000000776000000, 0x00000007761fffd0, 0x0000000776200000| 99%| O|  |TAMS 0x00000007761fffd0| PB 0x0000000776000000| Untracked 
| 669|0x0000000776200000, 0x00000007763ffff8, 0x0000000776400000| 99%| O|  |TAMS 0x00000007763ffff8| PB 0x0000000776200000| Untracked 
| 670|0x0000000776400000, 0x00000007765fffe8, 0x0000000776600000| 99%| O|  |TAMS 0x00000007765fffe8| PB 0x0000000776400000| Untracked 
| 671|0x0000000776600000, 0x00000007767fffe8, 0x0000000776800000| 99%| O|  |TAMS 0x00000007767fffe8| PB 0x0000000776600000| Untracked 
| 672|0x0000000776800000, 0x00000007769ffff8, 0x0000000776a00000| 99%| O|  |TAMS 0x00000007769ffff8| PB 0x0000000776800000| Untracked 
| 673|0x0000000776a00000, 0x0000000776bffff0, 0x0000000776c00000| 99%| O|  |TAMS 0x0000000776bffff0| PB 0x0000000776a00000| Untracked 
| 674|0x0000000776c00000, 0x0000000776dfffe8, 0x0000000776e00000| 99%| O|  |TAMS 0x0000000776dfffe8| PB 0x0000000776c00000| Untracked 
| 675|0x0000000776e00000, 0x0000000776ffffc0, 0x0000000777000000| 99%| O|  |TAMS 0x0000000776ffffc0| PB 0x0000000776e00000| Untracked 
| 676|0x0000000777000000, 0x00000007771ffff8, 0x0000000777200000| 99%| O|  |TAMS 0x00000007771ffff8| PB 0x0000000777000000| Untracked 
| 677|0x0000000777200000, 0x00000007773ffff8, 0x0000000777400000| 99%| O|  |TAMS 0x00000007773ffff8| PB 0x0000000777200000| Untracked 
| 678|0x0000000777400000, 0x00000007775fffe0, 0x0000000777600000| 99%| O|  |TAMS 0x00000007775fffe0| PB 0x0000000777400000| Untracked 
| 679|0x0000000777600000, 0x0000000777800000, 0x0000000777800000|100%| O|  |TAMS 0x0000000777800000| PB 0x0000000777600000| Untracked 
| 680|0x0000000777800000, 0x0000000777a00000, 0x0000000777a00000|100%| O|  |TAMS 0x0000000777a00000| PB 0x0000000777800000| Untracked 
| 681|0x0000000777a00000, 0x0000000777c00000, 0x0000000777c00000|100%| O|  |TAMS 0x0000000777c00000| PB 0x0000000777a00000| Untracked 
| 682|0x0000000777c00000, 0x0000000777e00000, 0x0000000777e00000|100%| O|  |TAMS 0x0000000777e00000| PB 0x0000000777c00000| Untracked 
| 683|0x0000000777e00000, 0x0000000778000000, 0x0000000778000000|100%| O|  |TAMS 0x0000000778000000| PB 0x0000000777e00000| Untracked 
| 684|0x0000000778000000, 0x0000000778200000, 0x0000000778200000|100%| O|  |TAMS 0x0000000778200000| PB 0x0000000778000000| Untracked 
| 685|0x0000000778200000, 0x0000000778400000, 0x0000000778400000|100%| O|  |TAMS 0x0000000778400000| PB 0x0000000778200000| Untracked 
| 686|0x0000000778400000, 0x0000000778600000, 0x0000000778600000|100%| O|  |TAMS 0x0000000778600000| PB 0x0000000778400000| Untracked 
| 687|0x0000000778600000, 0x0000000778800000, 0x0000000778800000|100%| O|  |TAMS 0x0000000778800000| PB 0x0000000778600000| Untracked 
| 688|0x0000000778800000, 0x0000000778a00000, 0x0000000778a00000|100%| O|  |TAMS 0x0000000778a00000| PB 0x0000000778800000| Untracked 
| 689|0x0000000778a00000, 0x0000000778c00000, 0x0000000778c00000|100%| O|  |TAMS 0x0000000778c00000| PB 0x0000000778a00000| Untracked 
| 690|0x0000000778c00000, 0x0000000778e00000, 0x0000000778e00000|100%| O|  |TAMS 0x0000000778e00000| PB 0x0000000778c00000| Untracked 
| 691|0x0000000778e00000, 0x0000000779000000, 0x0000000779000000|100%| O|  |TAMS 0x0000000779000000| PB 0x0000000778e00000| Untracked 
| 692|0x0000000779000000, 0x0000000779200000, 0x0000000779200000|100%| O|  |TAMS 0x0000000779200000| PB 0x0000000779000000| Untracked 
| 693|0x0000000779200000, 0x0000000779400000, 0x0000000779400000|100%| O|  |TAMS 0x0000000779400000| PB 0x0000000779200000| Untracked 
| 694|0x0000000779400000, 0x0000000779600000, 0x0000000779600000|100%| O|  |TAMS 0x0000000779600000| PB 0x0000000779400000| Untracked 
| 695|0x0000000779600000, 0x0000000779800000, 0x0000000779800000|100%| O|  |TAMS 0x0000000779800000| PB 0x0000000779600000| Untracked 
| 696|0x0000000779800000, 0x0000000779a00000, 0x0000000779a00000|100%| O|  |TAMS 0x0000000779a00000| PB 0x0000000779800000| Untracked 
| 697|0x0000000779a00000, 0x0000000779c00000, 0x0000000779c00000|100%| O|  |TAMS 0x0000000779c00000| PB 0x0000000779a00000| Untracked 
| 698|0x0000000779c00000, 0x0000000779e00000, 0x0000000779e00000|100%| O|  |TAMS 0x0000000779e00000| PB 0x0000000779c00000| Untracked 
| 699|0x0000000779e00000, 0x000000077a000000, 0x000000077a000000|100%| O|  |TAMS 0x000000077a000000| PB 0x0000000779e00000| Untracked 
| 700|0x000000077a000000, 0x000000077a200000, 0x000000077a200000|100%| O|  |TAMS 0x000000077a200000| PB 0x000000077a000000| Untracked 
| 701|0x000000077a200000, 0x000000077a400000, 0x000000077a400000|100%| O|  |TAMS 0x000000077a400000| PB 0x000000077a200000| Untracked 
| 702|0x000000077a400000, 0x000000077a5ffff0, 0x000000077a600000| 99%| O|  |TAMS 0x000000077a5ffff0| PB 0x000000077a400000| Untracked 
| 703|0x000000077a600000, 0x000000077a800000, 0x000000077a800000|100%| O|  |TAMS 0x000000077a800000| PB 0x000000077a600000| Untracked 
| 704|0x000000077a800000, 0x000000077aa00000, 0x000000077aa00000|100%| O|  |TAMS 0x000000077aa00000| PB 0x000000077a800000| Untracked 
| 705|0x000000077aa00000, 0x000000077ac00000, 0x000000077ac00000|100%| O|  |TAMS 0x000000077ac00000| PB 0x000000077aa00000| Untracked 
| 706|0x000000077ac00000, 0x000000077ae00000, 0x000000077ae00000|100%| O|  |TAMS 0x000000077ae00000| PB 0x000000077ac00000| Untracked 
| 707|0x000000077ae00000, 0x000000077b000000, 0x000000077b000000|100%| O|  |TAMS 0x000000077b000000| PB 0x000000077ae00000| Untracked 
| 708|0x000000077b000000, 0x000000077b200000, 0x000000077b200000|100%| O|  |TAMS 0x000000077b200000| PB 0x000000077b000000| Untracked 
| 709|0x000000077b200000, 0x000000077b400000, 0x000000077b400000|100%| O|  |TAMS 0x000000077b400000| PB 0x000000077b200000| Untracked 
| 710|0x000000077b400000, 0x000000077b600000, 0x000000077b600000|100%| O|  |TAMS 0x000000077b600000| PB 0x000000077b400000| Untracked 
| 711|0x000000077b600000, 0x000000077b800000, 0x000000077b800000|100%| O|  |TAMS 0x000000077b800000| PB 0x000000077b600000| Untracked 
| 712|0x000000077b800000, 0x000000077ba00000, 0x000000077ba00000|100%| O|  |TAMS 0x000000077ba00000| PB 0x000000077b800000| Untracked 
| 713|0x000000077ba00000, 0x000000077bc00000, 0x000000077bc00000|100%| O|  |TAMS 0x000000077bc00000| PB 0x000000077ba00000| Untracked 
| 714|0x000000077bc00000, 0x000000077be00000, 0x000000077be00000|100%| O|  |TAMS 0x000000077be00000| PB 0x000000077bc00000| Untracked 
| 715|0x000000077be00000, 0x000000077bfffff0, 0x000000077c000000| 99%| O|  |TAMS 0x000000077bfffff0| PB 0x000000077be00000| Untracked 
| 716|0x000000077c000000, 0x000000077c1fffc0, 0x000000077c200000| 99%| O|  |TAMS 0x000000077c1fffc0| PB 0x000000077c000000| Untracked 
| 717|0x000000077c200000, 0x000000077c400000, 0x000000077c400000|100%| O|  |TAMS 0x000000077c400000| PB 0x000000077c200000| Untracked 
| 718|0x000000077c400000, 0x000000077c5ffff0, 0x000000077c600000| 99%| O|  |TAMS 0x000000077c5ffff0| PB 0x000000077c400000| Untracked 
| 719|0x000000077c600000, 0x000000077c7ffff8, 0x000000077c800000| 99%| O|  |TAMS 0x000000077c7ffff8| PB 0x000000077c600000| Untracked 
| 720|0x000000077c800000, 0x000000077c9fffe8, 0x000000077ca00000| 99%| O|  |TAMS 0x000000077c9fffe8| PB 0x000000077c800000| Untracked 
| 721|0x000000077ca00000, 0x000000077cc00000, 0x000000077cc00000|100%| O|  |TAMS 0x000000077cc00000| PB 0x000000077ca00000| Untracked 
| 722|0x000000077cc00000, 0x000000077ce00000, 0x000000077ce00000|100%| O|  |TAMS 0x000000077ce00000| PB 0x000000077cc00000| Untracked 
| 723|0x000000077ce00000, 0x000000077d000000, 0x000000077d000000|100%| O|  |TAMS 0x000000077d000000| PB 0x000000077ce00000| Untracked 
| 724|0x000000077d000000, 0x000000077d200000, 0x000000077d200000|100%| O|  |TAMS 0x000000077d200000| PB 0x000000077d000000| Untracked 
| 725|0x000000077d200000, 0x000000077d400000, 0x000000077d400000|100%| O|  |TAMS 0x000000077d400000| PB 0x000000077d200000| Untracked 
| 726|0x000000077d400000, 0x000000077d600000, 0x000000077d600000|100%| O|  |TAMS 0x000000077d600000| PB 0x000000077d400000| Untracked 
| 727|0x000000077d600000, 0x000000077d800000, 0x000000077d800000|100%| O|  |TAMS 0x000000077d800000| PB 0x000000077d600000| Untracked 
| 728|0x000000077d800000, 0x000000077da00000, 0x000000077da00000|100%| O|  |TAMS 0x000000077da00000| PB 0x000000077d800000| Untracked 
| 729|0x000000077da00000, 0x000000077dc00000, 0x000000077dc00000|100%| O|  |TAMS 0x000000077dc00000| PB 0x000000077da00000| Untracked 
| 730|0x000000077dc00000, 0x000000077de00000, 0x000000077de00000|100%| O|  |TAMS 0x000000077de00000| PB 0x000000077dc00000| Untracked 
| 731|0x000000077de00000, 0x000000077dffffc8, 0x000000077e000000| 99%| O|  |TAMS 0x000000077dffffc8| PB 0x000000077de00000| Untracked 
| 732|0x000000077e000000, 0x000000077e200000, 0x000000077e200000|100%| O|  |TAMS 0x000000077e200000| PB 0x000000077e000000| Untracked 
| 733|0x000000077e200000, 0x000000077e400000, 0x000000077e400000|100%| O|  |TAMS 0x000000077e400000| PB 0x000000077e200000| Untracked 
| 734|0x000000077e400000, 0x000000077e600000, 0x000000077e600000|100%| O|  |TAMS 0x000000077e600000| PB 0x000000077e400000| Untracked 
| 735|0x000000077e600000, 0x000000077e800000, 0x000000077e800000|100%| O|  |TAMS 0x000000077e800000| PB 0x000000077e600000| Untracked 
| 736|0x000000077e800000, 0x000000077ea00000, 0x000000077ea00000|100%| O|  |TAMS 0x000000077ea00000| PB 0x000000077e800000| Untracked 
| 737|0x000000077ea00000, 0x000000077ec00000, 0x000000077ec00000|100%| O|  |TAMS 0x000000077ec00000| PB 0x000000077ea00000| Untracked 
| 738|0x000000077ec00000, 0x000000077ee00000, 0x000000077ee00000|100%| O|  |TAMS 0x000000077ee00000| PB 0x000000077ec00000| Untracked 
| 739|0x000000077ee00000, 0x000000077f000000, 0x000000077f000000|100%| O|  |TAMS 0x000000077f000000| PB 0x000000077ee00000| Untracked 
| 740|0x000000077f000000, 0x000000077f200000, 0x000000077f200000|100%| O|  |TAMS 0x000000077f200000| PB 0x000000077f000000| Untracked 
| 741|0x000000077f200000, 0x000000077f400000, 0x000000077f400000|100%| O|  |TAMS 0x000000077f400000| PB 0x000000077f200000| Untracked 
| 742|0x000000077f400000, 0x000000077f600000, 0x000000077f600000|100%| O|  |TAMS 0x000000077f600000| PB 0x000000077f400000| Untracked 
| 743|0x000000077f600000, 0x000000077f800000, 0x000000077f800000|100%| O|  |TAMS 0x000000077f800000| PB 0x000000077f600000| Untracked 
| 744|0x000000077f800000, 0x000000077fa00000, 0x000000077fa00000|100%| O|  |TAMS 0x000000077fa00000| PB 0x000000077f800000| Untracked 
| 745|0x000000077fa00000, 0x000000077fc00000, 0x000000077fc00000|100%| O|  |TAMS 0x000000077fc00000| PB 0x000000077fa00000| Untracked 
| 746|0x000000077fc00000, 0x000000077fe00000, 0x000000077fe00000|100%| O|  |TAMS 0x000000077fe00000| PB 0x000000077fc00000| Untracked 
| 747|0x000000077fe00000, 0x0000000780000000, 0x0000000780000000|100%| O|  |TAMS 0x0000000780000000| PB 0x000000077fe00000| Untracked 
| 748|0x0000000780000000, 0x0000000780200000, 0x0000000780200000|100%| O|  |TAMS 0x0000000780200000| PB 0x0000000780000000| Untracked 
| 749|0x0000000780200000, 0x0000000780400000, 0x0000000780400000|100%| O|  |TAMS 0x0000000780400000| PB 0x0000000780200000| Untracked 
| 750|0x0000000780400000, 0x0000000780600000, 0x0000000780600000|100%| O|  |TAMS 0x0000000780600000| PB 0x0000000780400000| Untracked 
| 751|0x0000000780600000, 0x0000000780800000, 0x0000000780800000|100%| O|  |TAMS 0x0000000780800000| PB 0x0000000780600000| Untracked 
| 752|0x0000000780800000, 0x0000000780a00000, 0x0000000780a00000|100%| O|  |TAMS 0x0000000780a00000| PB 0x0000000780800000| Untracked 
| 753|0x0000000780a00000, 0x0000000780c00000, 0x0000000780c00000|100%| O|  |TAMS 0x0000000780c00000| PB 0x0000000780a00000| Untracked 
| 754|0x0000000780c00000, 0x0000000780e00000, 0x0000000780e00000|100%| O|  |TAMS 0x0000000780e00000| PB 0x0000000780c00000| Untracked 
| 755|0x0000000780e00000, 0x0000000781000000, 0x0000000781000000|100%| O|  |TAMS 0x0000000781000000| PB 0x0000000780e00000| Untracked 
| 756|0x0000000781000000, 0x0000000781200000, 0x0000000781200000|100%| O|  |TAMS 0x0000000781200000| PB 0x0000000781000000| Untracked 
| 757|0x0000000781200000, 0x0000000781400000, 0x0000000781400000|100%| O|  |TAMS 0x0000000781400000| PB 0x0000000781200000| Untracked 
| 758|0x0000000781400000, 0x0000000781600000, 0x0000000781600000|100%| O|  |TAMS 0x0000000781600000| PB 0x0000000781400000| Untracked 
| 759|0x0000000781600000, 0x0000000781800000, 0x0000000781800000|100%| O|  |TAMS 0x0000000781800000| PB 0x0000000781600000| Untracked 
| 760|0x0000000781800000, 0x0000000781a00000, 0x0000000781a00000|100%| O|  |TAMS 0x0000000781a00000| PB 0x0000000781800000| Untracked 
| 761|0x0000000781a00000, 0x0000000781c00000, 0x0000000781c00000|100%| O|  |TAMS 0x0000000781c00000| PB 0x0000000781a00000| Untracked 
| 762|0x0000000781c00000, 0x0000000781e00000, 0x0000000781e00000|100%| O|  |TAMS 0x0000000781e00000| PB 0x0000000781c00000| Untracked 
| 763|0x0000000781e00000, 0x0000000782000000, 0x0000000782000000|100%| O|  |TAMS 0x0000000782000000| PB 0x0000000781e00000| Untracked 
| 764|0x0000000782000000, 0x0000000782200000, 0x0000000782200000|100%| O|  |TAMS 0x0000000782200000| PB 0x0000000782000000| Untracked 
| 765|0x0000000782200000, 0x0000000782400000, 0x0000000782400000|100%| O|  |TAMS 0x0000000782400000| PB 0x0000000782200000| Untracked 
| 766|0x0000000782400000, 0x0000000782600000, 0x0000000782600000|100%| O|  |TAMS 0x0000000782600000| PB 0x0000000782400000| Untracked 
| 767|0x0000000782600000, 0x0000000782800000, 0x0000000782800000|100%| O|  |TAMS 0x0000000782800000| PB 0x0000000782600000| Untracked 
| 768|0x0000000782800000, 0x0000000782a00000, 0x0000000782a00000|100%| O|  |TAMS 0x0000000782a00000| PB 0x0000000782800000| Untracked 
| 769|0x0000000782a00000, 0x0000000782c00000, 0x0000000782c00000|100%| O|  |TAMS 0x0000000782c00000| PB 0x0000000782a00000| Untracked 
| 770|0x0000000782c00000, 0x0000000782e00000, 0x0000000782e00000|100%| O|  |TAMS 0x0000000782e00000| PB 0x0000000782c00000| Untracked 
| 771|0x0000000782e00000, 0x0000000783000000, 0x0000000783000000|100%| O|  |TAMS 0x0000000783000000| PB 0x0000000782e00000| Untracked 
| 772|0x0000000783000000, 0x0000000783200000, 0x0000000783200000|100%| O|  |TAMS 0x0000000783200000| PB 0x0000000783000000| Untracked 
| 773|0x0000000783200000, 0x0000000783400000, 0x0000000783400000|100%| O|  |TAMS 0x0000000783400000| PB 0x0000000783200000| Untracked 
| 774|0x0000000783400000, 0x0000000783600000, 0x0000000783600000|100%| O|  |TAMS 0x0000000783600000| PB 0x0000000783400000| Untracked 
| 775|0x0000000783600000, 0x0000000783800000, 0x0000000783800000|100%| O|  |TAMS 0x0000000783800000| PB 0x0000000783600000| Untracked 
| 776|0x0000000783800000, 0x0000000783a00000, 0x0000000783a00000|100%| O|  |TAMS 0x0000000783a00000| PB 0x0000000783800000| Untracked 
| 777|0x0000000783a00000, 0x0000000783c00000, 0x0000000783c00000|100%| O|  |TAMS 0x0000000783c00000| PB 0x0000000783a00000| Untracked 
| 778|0x0000000783c00000, 0x0000000783dffff8, 0x0000000783e00000| 99%| O|  |TAMS 0x0000000783dffff8| PB 0x0000000783c00000| Untracked 
| 779|0x0000000783e00000, 0x0000000784000000, 0x0000000784000000|100%| O|  |TAMS 0x0000000784000000| PB 0x0000000783e00000| Untracked 
| 780|0x0000000784000000, 0x00000007841ffff8, 0x0000000784200000| 99%| O|  |TAMS 0x00000007841ffff8| PB 0x0000000784000000| Untracked 
| 781|0x0000000784200000, 0x0000000784400000, 0x0000000784400000|100%| O|  |TAMS 0x0000000784400000| PB 0x0000000784200000| Untracked 
| 782|0x0000000784400000, 0x00000007845ffff8, 0x0000000784600000| 99%| O|  |TAMS 0x00000007845ffff8| PB 0x0000000784400000| Untracked 
| 783|0x0000000784600000, 0x00000007847fffd0, 0x0000000784800000| 99%| O|  |TAMS 0x00000007847fffd0| PB 0x0000000784600000| Untracked 
| 784|0x0000000784800000, 0x00000007849ffff0, 0x0000000784a00000| 99%| O|  |TAMS 0x00000007849ffff0| PB 0x0000000784800000| Untracked 
| 785|0x0000000784a00000, 0x0000000784bffff8, 0x0000000784c00000| 99%| O|  |TAMS 0x0000000784bffff8| PB 0x0000000784a00000| Untracked 
| 786|0x0000000784c00000, 0x0000000784dfffe8, 0x0000000784e00000| 99%| O|  |TAMS 0x0000000784dfffe8| PB 0x0000000784c00000| Untracked 
| 787|0x0000000784e00000, 0x0000000784ffffc0, 0x0000000785000000| 99%| O|  |TAMS 0x0000000784ffffc0| PB 0x0000000784e00000| Untracked 
| 788|0x0000000785000000, 0x00000007851ffff0, 0x0000000785200000| 99%| O|  |TAMS 0x00000007851ffff0| PB 0x0000000785000000| Untracked 
| 789|0x0000000785200000, 0x00000007853fffd0, 0x0000000785400000| 99%| O|  |TAMS 0x00000007853fffd0| PB 0x0000000785200000| Untracked 
| 790|0x0000000785400000, 0x00000007855ffff8, 0x0000000785600000| 99%| O|  |TAMS 0x00000007855ffff8| PB 0x0000000785400000| Untracked 
| 791|0x0000000785600000, 0x0000000785800000, 0x0000000785800000|100%| O|  |TAMS 0x0000000785800000| PB 0x0000000785600000| Untracked 
| 792|0x0000000785800000, 0x00000007859fffd8, 0x0000000785a00000| 99%| O|  |TAMS 0x00000007859fffd8| PB 0x0000000785800000| Untracked 
| 793|0x0000000785a00000, 0x0000000785bffff0, 0x0000000785c00000| 99%| O|  |TAMS 0x0000000785bffff0| PB 0x0000000785a00000| Untracked 
| 794|0x0000000785c00000, 0x0000000785e00000, 0x0000000785e00000|100%| O|  |TAMS 0x0000000785e00000| PB 0x0000000785c00000| Untracked 
| 795|0x0000000785e00000, 0x0000000786000000, 0x0000000786000000|100%| O|  |TAMS 0x0000000786000000| PB 0x0000000785e00000| Untracked 
| 796|0x0000000786000000, 0x00000007861ffff8, 0x0000000786200000| 99%| O|  |TAMS 0x00000007861ffff8| PB 0x0000000786000000| Untracked 
| 797|0x0000000786200000, 0x00000007863fffd8, 0x0000000786400000| 99%| O|  |TAMS 0x00000007863fffd8| PB 0x0000000786200000| Untracked 
| 798|0x0000000786400000, 0x00000007865ffff0, 0x0000000786600000| 99%| O|  |TAMS 0x00000007865ffff0| PB 0x0000000786400000| Untracked 
| 799|0x0000000786600000, 0x00000007867ffff8, 0x0000000786800000| 99%| O|  |TAMS 0x00000007867ffff8| PB 0x0000000786600000| Untracked 
| 800|0x0000000786800000, 0x00000007869ffff0, 0x0000000786a00000| 99%| O|  |TAMS 0x00000007869ffff0| PB 0x0000000786800000| Untracked 
| 801|0x0000000786a00000, 0x0000000786bfffd0, 0x0000000786c00000| 99%| O|  |TAMS 0x0000000786bfffd0| PB 0x0000000786a00000| Untracked 
| 802|0x0000000786c00000, 0x0000000786dffff0, 0x0000000786e00000| 99%| O|  |TAMS 0x0000000786dffff0| PB 0x0000000786c00000| Untracked 
| 803|0x0000000786e00000, 0x0000000787000000, 0x0000000787000000|100%| O|  |TAMS 0x0000000787000000| PB 0x0000000786e00000| Untracked 
| 804|0x0000000787000000, 0x0000000787200000, 0x0000000787200000|100%| O|  |TAMS 0x0000000787200000| PB 0x0000000787000000| Untracked 
| 805|0x0000000787200000, 0x00000007873ffff0, 0x0000000787400000| 99%| O|  |TAMS 0x00000007873ffff0| PB 0x0000000787200000| Untracked 
| 806|0x0000000787400000, 0x0000000787600000, 0x0000000787600000|100%| O|  |TAMS 0x0000000787600000| PB 0x0000000787400000| Untracked 
| 807|0x0000000787600000, 0x0000000787800000, 0x0000000787800000|100%| O|  |TAMS 0x0000000787800000| PB 0x0000000787600000| Untracked 
| 808|0x0000000787800000, 0x0000000787a00000, 0x0000000787a00000|100%| O|  |TAMS 0x0000000787a00000| PB 0x0000000787800000| Untracked 
| 809|0x0000000787a00000, 0x0000000787c00000, 0x0000000787c00000|100%| O|  |TAMS 0x0000000787c00000| PB 0x0000000787a00000| Untracked 
| 810|0x0000000787c00000, 0x0000000787dfffc8, 0x0000000787e00000| 99%| O|  |TAMS 0x0000000787dfffc8| PB 0x0000000787c00000| Untracked 
| 811|0x0000000787e00000, 0x0000000788000000, 0x0000000788000000|100%| O|  |TAMS 0x0000000788000000| PB 0x0000000787e00000| Untracked 
| 812|0x0000000788000000, 0x0000000788200000, 0x0000000788200000|100%| O|  |TAMS 0x0000000788200000| PB 0x0000000788000000| Untracked 
| 813|0x0000000788200000, 0x0000000788400000, 0x0000000788400000|100%| O|  |TAMS 0x0000000788400000| PB 0x0000000788200000| Untracked 
| 814|0x0000000788400000, 0x00000007885ffff8, 0x0000000788600000| 99%| O|  |TAMS 0x00000007885ffff8| PB 0x0000000788400000| Untracked 
| 815|0x0000000788600000, 0x0000000788800000, 0x0000000788800000|100%| O|  |TAMS 0x0000000788800000| PB 0x0000000788600000| Untracked 
| 816|0x0000000788800000, 0x0000000788a00000, 0x0000000788a00000|100%| O|  |TAMS 0x0000000788a00000| PB 0x0000000788800000| Untracked 
| 817|0x0000000788a00000, 0x0000000788c00000, 0x0000000788c00000|100%| O|  |TAMS 0x0000000788c00000| PB 0x0000000788a00000| Untracked 
| 818|0x0000000788c00000, 0x0000000788e00000, 0x0000000788e00000|100%| O|  |TAMS 0x0000000788e00000| PB 0x0000000788c00000| Untracked 
| 819|0x0000000788e00000, 0x0000000789000000, 0x0000000789000000|100%| O|  |TAMS 0x0000000789000000| PB 0x0000000788e00000| Untracked 
| 820|0x0000000789000000, 0x0000000789200000, 0x0000000789200000|100%| O|  |TAMS 0x0000000789200000| PB 0x0000000789000000| Untracked 
| 821|0x0000000789200000, 0x0000000789400000, 0x0000000789400000|100%| O|  |TAMS 0x0000000789400000| PB 0x0000000789200000| Untracked 
| 822|0x0000000789400000, 0x0000000789600000, 0x0000000789600000|100%| O|  |TAMS 0x0000000789600000| PB 0x0000000789400000| Untracked 
| 823|0x0000000789600000, 0x0000000789800000, 0x0000000789800000|100%| O|  |TAMS 0x0000000789800000| PB 0x0000000789600000| Untracked 
| 824|0x0000000789800000, 0x0000000789a00000, 0x0000000789a00000|100%| O|  |TAMS 0x0000000789a00000| PB 0x0000000789800000| Untracked 
| 825|0x0000000789a00000, 0x0000000789c00000, 0x0000000789c00000|100%| O|  |TAMS 0x0000000789c00000| PB 0x0000000789a00000| Untracked 
| 826|0x0000000789c00000, 0x0000000789e00000, 0x0000000789e00000|100%| O|  |TAMS 0x0000000789e00000| PB 0x0000000789c00000| Untracked 
| 827|0x0000000789e00000, 0x000000078a000000, 0x000000078a000000|100%| O|  |TAMS 0x000000078a000000| PB 0x0000000789e00000| Untracked 
| 828|0x000000078a000000, 0x000000078a200000, 0x000000078a200000|100%| O|  |TAMS 0x000000078a200000| PB 0x000000078a000000| Untracked 
| 829|0x000000078a200000, 0x000000078a400000, 0x000000078a400000|100%| O|  |TAMS 0x000000078a400000| PB 0x000000078a200000| Untracked 
| 830|0x000000078a400000, 0x000000078a600000, 0x000000078a600000|100%| O|  |TAMS 0x000000078a600000| PB 0x000000078a400000| Untracked 
| 831|0x000000078a600000, 0x000000078a800000, 0x000000078a800000|100%| O|  |TAMS 0x000000078a800000| PB 0x000000078a600000| Untracked 
| 832|0x000000078a800000, 0x000000078aa00000, 0x000000078aa00000|100%| O|  |TAMS 0x000000078aa00000| PB 0x000000078a800000| Untracked 
| 833|0x000000078aa00000, 0x000000078ac00000, 0x000000078ac00000|100%| O|  |TAMS 0x000000078ac00000| PB 0x000000078aa00000| Untracked 
| 834|0x000000078ac00000, 0x000000078ae00000, 0x000000078ae00000|100%| O|  |TAMS 0x000000078ae00000| PB 0x000000078ac00000| Untracked 
| 835|0x000000078ae00000, 0x000000078b000000, 0x000000078b000000|100%| O|  |TAMS 0x000000078b000000| PB 0x000000078ae00000| Untracked 
| 836|0x000000078b000000, 0x000000078b200000, 0x000000078b200000|100%| O|  |TAMS 0x000000078b200000| PB 0x000000078b000000| Untracked 
| 837|0x000000078b200000, 0x000000078b400000, 0x000000078b400000|100%| O|  |TAMS 0x000000078b400000| PB 0x000000078b200000| Untracked 
| 838|0x000000078b400000, 0x000000078b600000, 0x000000078b600000|100%| O|  |TAMS 0x000000078b600000| PB 0x000000078b400000| Untracked 
| 839|0x000000078b600000, 0x000000078b800000, 0x000000078b800000|100%| O|  |TAMS 0x000000078b800000| PB 0x000000078b600000| Untracked 
| 840|0x000000078b800000, 0x000000078ba00000, 0x000000078ba00000|100%| O|  |TAMS 0x000000078ba00000| PB 0x000000078b800000| Untracked 
| 841|0x000000078ba00000, 0x000000078bc00000, 0x000000078bc00000|100%| O|  |TAMS 0x000000078bc00000| PB 0x000000078ba00000| Untracked 
| 842|0x000000078bc00000, 0x000000078be00000, 0x000000078be00000|100%| O|  |TAMS 0x000000078be00000| PB 0x000000078bc00000| Untracked 
| 843|0x000000078be00000, 0x000000078c000000, 0x000000078c000000|100%| O|  |TAMS 0x000000078c000000| PB 0x000000078be00000| Untracked 
| 844|0x000000078c000000, 0x000000078c200000, 0x000000078c200000|100%| O|  |TAMS 0x000000078c200000| PB 0x000000078c000000| Untracked 
| 845|0x000000078c200000, 0x000000078c400000, 0x000000078c400000|100%| O|  |TAMS 0x000000078c400000| PB 0x000000078c200000| Untracked 
| 846|0x000000078c400000, 0x000000078c600000, 0x000000078c600000|100%| O|  |TAMS 0x000000078c600000| PB 0x000000078c400000| Untracked 
| 847|0x000000078c600000, 0x000000078c800000, 0x000000078c800000|100%| O|  |TAMS 0x000000078c800000| PB 0x000000078c600000| Untracked 
| 848|0x000000078c800000, 0x000000078ca00000, 0x000000078ca00000|100%| O|  |TAMS 0x000000078ca00000| PB 0x000000078c800000| Untracked 
| 849|0x000000078ca00000, 0x000000078cc00000, 0x000000078cc00000|100%| O|  |TAMS 0x000000078cc00000| PB 0x000000078ca00000| Untracked 
| 850|0x000000078cc00000, 0x000000078ce00000, 0x000000078ce00000|100%| O|  |TAMS 0x000000078ce00000| PB 0x000000078cc00000| Untracked 
| 851|0x000000078ce00000, 0x000000078d000000, 0x000000078d000000|100%| O|  |TAMS 0x000000078d000000| PB 0x000000078ce00000| Untracked 
| 852|0x000000078d000000, 0x000000078d200000, 0x000000078d200000|100%| O|  |TAMS 0x000000078d200000| PB 0x000000078d000000| Untracked 
| 853|0x000000078d200000, 0x000000078d400000, 0x000000078d400000|100%| O|  |TAMS 0x000000078d400000| PB 0x000000078d200000| Untracked 
| 854|0x000000078d400000, 0x000000078d600000, 0x000000078d600000|100%| O|  |TAMS 0x000000078d600000| PB 0x000000078d400000| Untracked 
| 855|0x000000078d600000, 0x000000078d800000, 0x000000078d800000|100%| O|  |TAMS 0x000000078d800000| PB 0x000000078d600000| Untracked 
| 856|0x000000078d800000, 0x000000078da00000, 0x000000078da00000|100%| O|  |TAMS 0x000000078da00000| PB 0x000000078d800000| Untracked 
| 857|0x000000078da00000, 0x000000078dc00000, 0x000000078dc00000|100%| O|  |TAMS 0x000000078dc00000| PB 0x000000078da00000| Untracked 
| 858|0x000000078dc00000, 0x000000078de00000, 0x000000078de00000|100%| O|  |TAMS 0x000000078de00000| PB 0x000000078dc00000| Untracked 
| 859|0x000000078de00000, 0x000000078dfffff8, 0x000000078e000000| 99%| O|  |TAMS 0x000000078dfffff8| PB 0x000000078de00000| Untracked 
| 860|0x000000078e000000, 0x000000078e200000, 0x000000078e200000|100%| O|  |TAMS 0x000000078e200000| PB 0x000000078e000000| Untracked 
| 861|0x000000078e200000, 0x000000078e400000, 0x000000078e400000|100%| O|  |TAMS 0x000000078e400000| PB 0x000000078e200000| Untracked 
| 862|0x000000078e400000, 0x000000078e600000, 0x000000078e600000|100%| O|  |TAMS 0x000000078e600000| PB 0x000000078e400000| Untracked 
| 863|0x000000078e600000, 0x000000078e800000, 0x000000078e800000|100%| O|  |TAMS 0x000000078e800000| PB 0x000000078e600000| Untracked 
| 864|0x000000078e800000, 0x000000078ea00000, 0x000000078ea00000|100%| O|  |TAMS 0x000000078ea00000| PB 0x000000078e800000| Untracked 
| 865|0x000000078ea00000, 0x000000078ec00000, 0x000000078ec00000|100%| O|  |TAMS 0x000000078ec00000| PB 0x000000078ea00000| Untracked 
| 866|0x000000078ec00000, 0x000000078ee00000, 0x000000078ee00000|100%| O|  |TAMS 0x000000078ee00000| PB 0x000000078ec00000| Untracked 
| 867|0x000000078ee00000, 0x000000078f000000, 0x000000078f000000|100%| O|  |TAMS 0x000000078f000000| PB 0x000000078ee00000| Untracked 
| 868|0x000000078f000000, 0x000000078f200000, 0x000000078f200000|100%| O|  |TAMS 0x000000078f200000| PB 0x000000078f000000| Untracked 
| 869|0x000000078f200000, 0x000000078f3ffff0, 0x000000078f400000| 99%| O|  |TAMS 0x000000078f3ffff0| PB 0x000000078f200000| Untracked 
| 870|0x000000078f400000, 0x000000078f600000, 0x000000078f600000|100%| O|  |TAMS 0x000000078f600000| PB 0x000000078f400000| Untracked 
| 871|0x000000078f600000, 0x000000078f7ffff8, 0x000000078f800000| 99%| O|  |TAMS 0x000000078f7ffff8| PB 0x000000078f600000| Untracked 
| 872|0x000000078f800000, 0x000000078fa00000, 0x000000078fa00000|100%| O|  |TAMS 0x000000078fa00000| PB 0x000000078f800000| Untracked 
| 873|0x000000078fa00000, 0x000000078fc00000, 0x000000078fc00000|100%| O|  |TAMS 0x000000078fc00000| PB 0x000000078fa00000| Untracked 
| 874|0x000000078fc00000, 0x000000078fdffff0, 0x000000078fe00000| 99%| O|  |TAMS 0x000000078fdffff0| PB 0x000000078fc00000| Untracked 
| 875|0x000000078fe00000, 0x000000078ffffff8, 0x0000000790000000| 99%| O|  |TAMS 0x000000078ffffff8| PB 0x000000078fe00000| Untracked 
| 876|0x0000000790000000, 0x00000007901fffd0, 0x0000000790200000| 99%| O|  |TAMS 0x00000007901fffd0| PB 0x0000000790000000| Untracked 
| 877|0x0000000790200000, 0x0000000790400000, 0x0000000790400000|100%| O|  |TAMS 0x0000000790400000| PB 0x0000000790200000| Untracked 
| 878|0x0000000790400000, 0x0000000790600000, 0x0000000790600000|100%| O|  |TAMS 0x0000000790600000| PB 0x0000000790400000| Untracked 
| 879|0x0000000790600000, 0x00000007907ffff0, 0x0000000790800000| 99%| O|  |TAMS 0x00000007907ffff0| PB 0x0000000790600000| Untracked 
| 880|0x0000000790800000, 0x00000007909fffd8, 0x0000000790a00000| 99%| O|  |TAMS 0x00000007909fffd8| PB 0x0000000790800000| Untracked 
| 881|0x0000000790a00000, 0x0000000790c00000, 0x0000000790c00000|100%| O|  |TAMS 0x0000000790c00000| PB 0x0000000790a00000| Untracked 
| 882|0x0000000790c00000, 0x0000000790dfffd8, 0x0000000790e00000| 99%| O|  |TAMS 0x0000000790dfffd8| PB 0x0000000790c00000| Untracked 
| 883|0x0000000790e00000, 0x0000000790fffff0, 0x0000000791000000| 99%| O|  |TAMS 0x0000000790fffff0| PB 0x0000000790e00000| Untracked 
| 884|0x0000000791000000, 0x00000007911ffff0, 0x0000000791200000| 99%| O|  |TAMS 0x00000007911ffff0| PB 0x0000000791000000| Untracked 
| 885|0x0000000791200000, 0x0000000791400000, 0x0000000791400000|100%| O|  |TAMS 0x0000000791400000| PB 0x0000000791200000| Untracked 
| 886|0x0000000791400000, 0x00000007915ffff8, 0x0000000791600000| 99%| O|  |TAMS 0x00000007915ffff8| PB 0x0000000791400000| Untracked 
| 887|0x0000000791600000, 0x0000000791800000, 0x0000000791800000|100%| O|  |TAMS 0x0000000791800000| PB 0x0000000791600000| Untracked 
| 888|0x0000000791800000, 0x00000007919ffff0, 0x0000000791a00000| 99%| O|  |TAMS 0x00000007919ffff0| PB 0x0000000791800000| Untracked 
| 889|0x0000000791a00000, 0x0000000791bffff0, 0x0000000791c00000| 99%| O|  |TAMS 0x0000000791bffff0| PB 0x0000000791a00000| Untracked 
| 890|0x0000000791c00000, 0x0000000791dffff0, 0x0000000791e00000| 99%| O|  |TAMS 0x0000000791dffff0| PB 0x0000000791c00000| Untracked 
| 891|0x0000000791e00000, 0x0000000791fffff8, 0x0000000792000000| 99%| O|  |TAMS 0x0000000791fffff8| PB 0x0000000791e00000| Untracked 
| 892|0x0000000792000000, 0x0000000792200000, 0x0000000792200000|100%| O|  |TAMS 0x0000000792200000| PB 0x0000000792000000| Untracked 
| 893|0x0000000792200000, 0x0000000792400000, 0x0000000792400000|100%| O|  |TAMS 0x0000000792400000| PB 0x0000000792200000| Untracked 
| 894|0x0000000792400000, 0x0000000792600000, 0x0000000792600000|100%| O|  |TAMS 0x0000000792600000| PB 0x0000000792400000| Untracked 
| 895|0x0000000792600000, 0x0000000792800000, 0x0000000792800000|100%| O|  |TAMS 0x0000000792800000| PB 0x0000000792600000| Untracked 
| 896|0x0000000792800000, 0x0000000792a00000, 0x0000000792a00000|100%| O|  |TAMS 0x0000000792a00000| PB 0x0000000792800000| Untracked 
| 897|0x0000000792a00000, 0x0000000792c00000, 0x0000000792c00000|100%| O|  |TAMS 0x0000000792c00000| PB 0x0000000792a00000| Untracked 
| 898|0x0000000792c00000, 0x0000000792e00000, 0x0000000792e00000|100%| O|  |TAMS 0x0000000792e00000| PB 0x0000000792c00000| Untracked 
| 899|0x0000000792e00000, 0x0000000793000000, 0x0000000793000000|100%| O|  |TAMS 0x0000000793000000| PB 0x0000000792e00000| Untracked 
| 900|0x0000000793000000, 0x0000000793200000, 0x0000000793200000|100%| O|  |TAMS 0x0000000793200000| PB 0x0000000793000000| Untracked 
| 901|0x0000000793200000, 0x0000000793400000, 0x0000000793400000|100%| O|  |TAMS 0x0000000793400000| PB 0x0000000793200000| Untracked 
| 902|0x0000000793400000, 0x0000000793600000, 0x0000000793600000|100%| O|  |TAMS 0x0000000793600000| PB 0x0000000793400000| Untracked 
| 903|0x0000000793600000, 0x0000000793800000, 0x0000000793800000|100%| O|  |TAMS 0x0000000793800000| PB 0x0000000793600000| Untracked 
| 904|0x0000000793800000, 0x0000000793a00000, 0x0000000793a00000|100%| O|  |TAMS 0x0000000793a00000| PB 0x0000000793800000| Untracked 
| 905|0x0000000793a00000, 0x0000000793c00000, 0x0000000793c00000|100%| O|  |TAMS 0x0000000793c00000| PB 0x0000000793a00000| Untracked 
| 906|0x0000000793c00000, 0x0000000793e00000, 0x0000000793e00000|100%| O|  |TAMS 0x0000000793e00000| PB 0x0000000793c00000| Untracked 
| 907|0x0000000793e00000, 0x0000000794000000, 0x0000000794000000|100%| O|  |TAMS 0x0000000794000000| PB 0x0000000793e00000| Untracked 
| 908|0x0000000794000000, 0x0000000794200000, 0x0000000794200000|100%| O|  |TAMS 0x0000000794200000| PB 0x0000000794000000| Untracked 
| 909|0x0000000794200000, 0x0000000794400000, 0x0000000794400000|100%| O|  |TAMS 0x0000000794400000| PB 0x0000000794200000| Untracked 
| 910|0x0000000794400000, 0x00000007945ffff0, 0x0000000794600000| 99%| O|  |TAMS 0x00000007945ffff0| PB 0x0000000794400000| Untracked 
| 911|0x0000000794600000, 0x00000007947fffe0, 0x0000000794800000| 99%| O|  |TAMS 0x00000007947fffe0| PB 0x0000000794600000| Untracked 
| 912|0x0000000794800000, 0x0000000794a00000, 0x0000000794a00000|100%| O|  |TAMS 0x0000000794a00000| PB 0x0000000794800000| Untracked 
| 913|0x0000000794a00000, 0x0000000794c00000, 0x0000000794c00000|100%| O|  |TAMS 0x0000000794c00000| PB 0x0000000794a00000| Untracked 
| 914|0x0000000794c00000, 0x0000000794e00000, 0x0000000794e00000|100%| O|  |TAMS 0x0000000794e00000| PB 0x0000000794c00000| Untracked 
| 915|0x0000000794e00000, 0x0000000795000000, 0x0000000795000000|100%| O|  |TAMS 0x0000000795000000| PB 0x0000000794e00000| Untracked 
| 916|0x0000000795000000, 0x00000007951ffff8, 0x0000000795200000| 99%| O|  |TAMS 0x00000007951ffff8| PB 0x0000000795000000| Untracked 
| 917|0x0000000795200000, 0x0000000795400000, 0x0000000795400000|100%| O|  |TAMS 0x0000000795400000| PB 0x0000000795200000| Untracked 
| 918|0x0000000795400000, 0x00000007955fffc8, 0x0000000795600000| 99%| O|  |TAMS 0x00000007955fffc8| PB 0x0000000795400000| Untracked 
| 919|0x0000000795600000, 0x0000000795800000, 0x0000000795800000|100%| O|  |TAMS 0x0000000795800000| PB 0x0000000795600000| Untracked 
| 920|0x0000000795800000, 0x0000000795a00000, 0x0000000795a00000|100%| O|  |TAMS 0x0000000795a00000| PB 0x0000000795800000| Untracked 
| 921|0x0000000795a00000, 0x0000000795c00000, 0x0000000795c00000|100%| O|  |TAMS 0x0000000795c00000| PB 0x0000000795a00000| Untracked 
| 922|0x0000000795c00000, 0x0000000795e00000, 0x0000000795e00000|100%| O|  |TAMS 0x0000000795e00000| PB 0x0000000795c00000| Untracked 
| 923|0x0000000795e00000, 0x0000000795fffff0, 0x0000000796000000| 99%| O|  |TAMS 0x0000000795fffff0| PB 0x0000000795e00000| Untracked 
| 924|0x0000000796000000, 0x0000000796200000, 0x0000000796200000|100%| O|  |TAMS 0x0000000796200000| PB 0x0000000796000000| Untracked 
| 925|0x0000000796200000, 0x0000000796400000, 0x0000000796400000|100%| O|  |TAMS 0x0000000796400000| PB 0x0000000796200000| Untracked 
| 926|0x0000000796400000, 0x00000007965fffd8, 0x0000000796600000| 99%| O|  |TAMS 0x00000007965fffd8| PB 0x0000000796400000| Untracked 
| 927|0x0000000796600000, 0x0000000796800000, 0x0000000796800000|100%| O|  |TAMS 0x0000000796800000| PB 0x0000000796600000| Untracked 
| 928|0x0000000796800000, 0x0000000796a00000, 0x0000000796a00000|100%| O|  |TAMS 0x0000000796a00000| PB 0x0000000796800000| Untracked 
| 929|0x0000000796a00000, 0x0000000796c00000, 0x0000000796c00000|100%| O|  |TAMS 0x0000000796c00000| PB 0x0000000796a00000| Untracked 
| 930|0x0000000796c00000, 0x0000000796e00000, 0x0000000796e00000|100%| O|  |TAMS 0x0000000796e00000| PB 0x0000000796c00000| Untracked 
| 931|0x0000000796e00000, 0x0000000797000000, 0x0000000797000000|100%| O|  |TAMS 0x0000000797000000| PB 0x0000000796e00000| Untracked 
| 932|0x0000000797000000, 0x0000000797200000, 0x0000000797200000|100%| O|  |TAMS 0x0000000797200000| PB 0x0000000797000000| Untracked 
| 933|0x0000000797200000, 0x0000000797400000, 0x0000000797400000|100%| O|  |TAMS 0x0000000797400000| PB 0x0000000797200000| Untracked 
| 934|0x0000000797400000, 0x0000000797600000, 0x0000000797600000|100%| O|  |TAMS 0x0000000797600000| PB 0x0000000797400000| Untracked 
| 935|0x0000000797600000, 0x0000000797800000, 0x0000000797800000|100%| O|  |TAMS 0x0000000797800000| PB 0x0000000797600000| Untracked 
| 936|0x0000000797800000, 0x0000000797a00000, 0x0000000797a00000|100%| O|  |TAMS 0x0000000797a00000| PB 0x0000000797800000| Untracked 
| 937|0x0000000797a00000, 0x0000000797c00000, 0x0000000797c00000|100%| O|  |TAMS 0x0000000797c00000| PB 0x0000000797a00000| Untracked 
| 938|0x0000000797c00000, 0x0000000797e00000, 0x0000000797e00000|100%| O|  |TAMS 0x0000000797e00000| PB 0x0000000797c00000| Untracked 
| 939|0x0000000797e00000, 0x0000000798000000, 0x0000000798000000|100%| O|  |TAMS 0x0000000798000000| PB 0x0000000797e00000| Untracked 
| 940|0x0000000798000000, 0x0000000798200000, 0x0000000798200000|100%| O|  |TAMS 0x0000000798200000| PB 0x0000000798000000| Untracked 
| 941|0x0000000798200000, 0x0000000798400000, 0x0000000798400000|100%| O|  |TAMS 0x0000000798400000| PB 0x0000000798200000| Untracked 
| 942|0x0000000798400000, 0x0000000798600000, 0x0000000798600000|100%| O|  |TAMS 0x0000000798600000| PB 0x0000000798400000| Untracked 
| 943|0x0000000798600000, 0x0000000798800000, 0x0000000798800000|100%| O|  |TAMS 0x0000000798800000| PB 0x0000000798600000| Untracked 
| 944|0x0000000798800000, 0x0000000798a00000, 0x0000000798a00000|100%| O|  |TAMS 0x0000000798a00000| PB 0x0000000798800000| Untracked 
| 945|0x0000000798a00000, 0x0000000798c00000, 0x0000000798c00000|100%| O|  |TAMS 0x0000000798c00000| PB 0x0000000798a00000| Untracked 
| 946|0x0000000798c00000, 0x0000000798e00000, 0x0000000798e00000|100%| O|  |TAMS 0x0000000798e00000| PB 0x0000000798c00000| Untracked 
| 947|0x0000000798e00000, 0x0000000799000000, 0x0000000799000000|100%| O|  |TAMS 0x0000000799000000| PB 0x0000000798e00000| Untracked 
| 948|0x0000000799000000, 0x0000000799200000, 0x0000000799200000|100%| O|  |TAMS 0x0000000799200000| PB 0x0000000799000000| Untracked 
| 949|0x0000000799200000, 0x0000000799400000, 0x0000000799400000|100%| O|  |TAMS 0x0000000799400000| PB 0x0000000799200000| Untracked 
| 950|0x0000000799400000, 0x0000000799600000, 0x0000000799600000|100%| O|  |TAMS 0x0000000799600000| PB 0x0000000799400000| Untracked 
| 951|0x0000000799600000, 0x0000000799800000, 0x0000000799800000|100%| O|  |TAMS 0x0000000799800000| PB 0x0000000799600000| Untracked 
| 952|0x0000000799800000, 0x0000000799a00000, 0x0000000799a00000|100%| O|  |TAMS 0x0000000799a00000| PB 0x0000000799800000| Untracked 
| 953|0x0000000799a00000, 0x0000000799c00000, 0x0000000799c00000|100%| O|  |TAMS 0x0000000799c00000| PB 0x0000000799a00000| Untracked 
| 954|0x0000000799c00000, 0x0000000799e00000, 0x0000000799e00000|100%| O|  |TAMS 0x0000000799e00000| PB 0x0000000799c00000| Untracked 
| 955|0x0000000799e00000, 0x000000079a000000, 0x000000079a000000|100%| O|  |TAMS 0x000000079a000000| PB 0x0000000799e00000| Untracked 
| 956|0x000000079a000000, 0x000000079a200000, 0x000000079a200000|100%| O|  |TAMS 0x000000079a200000| PB 0x000000079a000000| Untracked 
| 957|0x000000079a200000, 0x000000079a400000, 0x000000079a400000|100%| O|  |TAMS 0x000000079a400000| PB 0x000000079a200000| Untracked 
| 958|0x000000079a400000, 0x000000079a600000, 0x000000079a600000|100%| O|  |TAMS 0x000000079a600000| PB 0x000000079a400000| Untracked 
| 959|0x000000079a600000, 0x000000079a800000, 0x000000079a800000|100%| O|  |TAMS 0x000000079a800000| PB 0x000000079a600000| Untracked 
| 960|0x000000079a800000, 0x000000079aa00000, 0x000000079aa00000|100%| O|  |TAMS 0x000000079aa00000| PB 0x000000079a800000| Untracked 
| 961|0x000000079aa00000, 0x000000079ac00000, 0x000000079ac00000|100%| O|  |TAMS 0x000000079ac00000| PB 0x000000079aa00000| Untracked 
| 962|0x000000079ac00000, 0x000000079ae00000, 0x000000079ae00000|100%| O|  |TAMS 0x000000079ae00000| PB 0x000000079ac00000| Untracked 
| 963|0x000000079ae00000, 0x000000079b000000, 0x000000079b000000|100%| O|  |TAMS 0x000000079b000000| PB 0x000000079ae00000| Untracked 
| 964|0x000000079b000000, 0x000000079b200000, 0x000000079b200000|100%| O|  |TAMS 0x000000079b200000| PB 0x000000079b000000| Untracked 
| 965|0x000000079b200000, 0x000000079b400000, 0x000000079b400000|100%| O|  |TAMS 0x000000079b400000| PB 0x000000079b200000| Untracked 
| 966|0x000000079b400000, 0x000000079b600000, 0x000000079b600000|100%| O|  |TAMS 0x000000079b600000| PB 0x000000079b400000| Untracked 
| 967|0x000000079b600000, 0x000000079b800000, 0x000000079b800000|100%| O|  |TAMS 0x000000079b800000| PB 0x000000079b600000| Untracked 
| 968|0x000000079b800000, 0x000000079ba00000, 0x000000079ba00000|100%| O|  |TAMS 0x000000079ba00000| PB 0x000000079b800000| Untracked 
| 969|0x000000079ba00000, 0x000000079bc00000, 0x000000079bc00000|100%| O|  |TAMS 0x000000079bc00000| PB 0x000000079ba00000| Untracked 
| 970|0x000000079bc00000, 0x000000079be00000, 0x000000079be00000|100%| O|  |TAMS 0x000000079be00000| PB 0x000000079bc00000| Untracked 
| 971|0x000000079be00000, 0x000000079c000000, 0x000000079c000000|100%| O|  |TAMS 0x000000079c000000| PB 0x000000079be00000| Untracked 
| 972|0x000000079c000000, 0x000000079c200000, 0x000000079c200000|100%| O|  |TAMS 0x000000079c200000| PB 0x000000079c000000| Untracked 
| 973|0x000000079c200000, 0x000000079c400000, 0x000000079c400000|100%| O|  |TAMS 0x000000079c400000| PB 0x000000079c200000| Untracked 
| 974|0x000000079c400000, 0x000000079c600000, 0x000000079c600000|100%| O|  |TAMS 0x000000079c600000| PB 0x000000079c400000| Untracked 
| 975|0x000000079c600000, 0x000000079c7fffe8, 0x000000079c800000| 99%| O|  |TAMS 0x000000079c7fffe8| PB 0x000000079c600000| Untracked 
| 976|0x000000079c800000, 0x000000079c9fffe8, 0x000000079ca00000| 99%| O|  |TAMS 0x000000079c9fffe8| PB 0x000000079c800000| Untracked 
| 977|0x000000079ca00000, 0x000000079cbfffe0, 0x000000079cc00000| 99%| O|  |TAMS 0x000000079cbfffe0| PB 0x000000079ca00000| Untracked 
| 978|0x000000079cc00000, 0x000000079cdffff8, 0x000000079ce00000| 99%| O|  |TAMS 0x000000079cdffff8| PB 0x000000079cc00000| Untracked 
| 979|0x000000079ce00000, 0x000000079cffffe0, 0x000000079d000000| 99%| O|  |TAMS 0x000000079cffffe0| PB 0x000000079ce00000| Untracked 
| 980|0x000000079d000000, 0x000000079d1ffff8, 0x000000079d200000| 99%| O|  |TAMS 0x000000079d1ffff8| PB 0x000000079d000000| Untracked 
| 981|0x000000079d200000, 0x000000079d3ffff0, 0x000000079d400000| 99%| O|  |TAMS 0x000000079d3ffff0| PB 0x000000079d200000| Untracked 
| 982|0x000000079d400000, 0x000000079d5fffe0, 0x000000079d600000| 99%| O|  |TAMS 0x000000079d5fffe0| PB 0x000000079d400000| Untracked 
| 983|0x000000079d600000, 0x000000079d800000, 0x000000079d800000|100%| O|  |TAMS 0x000000079d800000| PB 0x000000079d600000| Untracked 
| 984|0x000000079d800000, 0x000000079d9ffff0, 0x000000079da00000| 99%| O|  |TAMS 0x000000079d9ffff0| PB 0x000000079d800000| Untracked 
| 985|0x000000079da00000, 0x000000079dc00000, 0x000000079dc00000|100%| O|  |TAMS 0x000000079dc00000| PB 0x000000079da00000| Untracked 
| 986|0x000000079dc00000, 0x000000079de00000, 0x000000079de00000|100%| O|  |TAMS 0x000000079de00000| PB 0x000000079dc00000| Untracked 
| 987|0x000000079de00000, 0x000000079dfffff0, 0x000000079e000000| 99%| O|  |TAMS 0x000000079dfffff0| PB 0x000000079de00000| Untracked 
| 988|0x000000079e000000, 0x000000079e200000, 0x000000079e200000|100%| O|  |TAMS 0x000000079e200000| PB 0x000000079e000000| Untracked 
| 989|0x000000079e200000, 0x000000079e400000, 0x000000079e400000|100%| O|  |TAMS 0x000000079e400000| PB 0x000000079e200000| Untracked 
| 990|0x000000079e400000, 0x000000079e600000, 0x000000079e600000|100%| O|  |TAMS 0x000000079e600000| PB 0x000000079e400000| Untracked 
| 991|0x000000079e600000, 0x000000079e800000, 0x000000079e800000|100%| O|  |TAMS 0x000000079e800000| PB 0x000000079e600000| Untracked 
| 992|0x000000079e800000, 0x000000079ea00000, 0x000000079ea00000|100%| O|  |TAMS 0x000000079ea00000| PB 0x000000079e800000| Untracked 
| 993|0x000000079ea00000, 0x000000079ec00000, 0x000000079ec00000|100%| O|  |TAMS 0x000000079ec00000| PB 0x000000079ea00000| Untracked 
| 994|0x000000079ec00000, 0x000000079ee00000, 0x000000079ee00000|100%| O|  |TAMS 0x000000079ee00000| PB 0x000000079ec00000| Untracked 
| 995|0x000000079ee00000, 0x000000079f000000, 0x000000079f000000|100%| O|  |TAMS 0x000000079f000000| PB 0x000000079ee00000| Untracked 
| 996|0x000000079f000000, 0x000000079f200000, 0x000000079f200000|100%| O|  |TAMS 0x000000079f200000| PB 0x000000079f000000| Untracked 
| 997|0x000000079f200000, 0x000000079f3fffd8, 0x000000079f400000| 99%| O|  |TAMS 0x000000079f3fffd8| PB 0x000000079f200000| Untracked 
| 998|0x000000079f400000, 0x000000079f600000, 0x000000079f600000|100%| O|  |TAMS 0x000000079f600000| PB 0x000000079f400000| Untracked 
| 999|0x000000079f600000, 0x000000079f800000, 0x000000079f800000|100%| O|  |TAMS 0x000000079f800000| PB 0x000000079f600000| Untracked 
|1000|0x000000079f800000, 0x000000079f9ffff8, 0x000000079fa00000| 99%| O|  |TAMS 0x000000079f9ffff8| PB 0x000000079f800000| Untracked 
|1001|0x000000079fa00000, 0x000000079fbffff0, 0x000000079fc00000| 99%| O|  |TAMS 0x000000079fbffff0| PB 0x000000079fa00000| Untracked 
|1002|0x000000079fc00000, 0x000000079fdfffe0, 0x000000079fe00000| 99%| O|  |TAMS 0x000000079fdfffe0| PB 0x000000079fc00000| Untracked 
|1003|0x000000079fe00000, 0x000000079fffffe0, 0x00000007a0000000| 99%| O|  |TAMS 0x000000079fffffe0| PB 0x000000079fe00000| Untracked 
|1004|0x00000007a0000000, 0x00000007a01ffff0, 0x00000007a0200000| 99%| O|  |TAMS 0x00000007a01ffff0| PB 0x00000007a0000000| Untracked 
|1005|0x00000007a0200000, 0x00000007a03ffff8, 0x00000007a0400000| 99%| O|  |TAMS 0x00000007a03ffff8| PB 0x00000007a0200000| Untracked 
|1006|0x00000007a0400000, 0x00000007a0600000, 0x00000007a0600000|100%| O|  |TAMS 0x00000007a0600000| PB 0x00000007a0400000| Untracked 
|1007|0x00000007a0600000, 0x00000007a0800000, 0x00000007a0800000|100%| O|  |TAMS 0x00000007a0800000| PB 0x00000007a0600000| Untracked 
|1008|0x00000007a0800000, 0x00000007a0a00000, 0x00000007a0a00000|100%| O|  |TAMS 0x00000007a0a00000| PB 0x00000007a0800000| Untracked 
|1009|0x00000007a0a00000, 0x00000007a0c00000, 0x00000007a0c00000|100%| O|  |TAMS 0x00000007a0c00000| PB 0x00000007a0a00000| Untracked 
|1010|0x00000007a0c00000, 0x00000007a0e00000, 0x00000007a0e00000|100%| O|  |TAMS 0x00000007a0e00000| PB 0x00000007a0c00000| Untracked 
|1011|0x00000007a0e00000, 0x00000007a1000000, 0x00000007a1000000|100%| O|  |TAMS 0x00000007a1000000| PB 0x00000007a0e00000| Untracked 
|1012|0x00000007a1000000, 0x00000007a1200000, 0x00000007a1200000|100%| O|  |TAMS 0x00000007a1200000| PB 0x00000007a1000000| Untracked 
|1013|0x00000007a1200000, 0x00000007a1400000, 0x00000007a1400000|100%| O|  |TAMS 0x00000007a1400000| PB 0x00000007a1200000| Untracked 
|1014|0x00000007a1400000, 0x00000007a1600000, 0x00000007a1600000|100%| O|  |TAMS 0x00000007a1600000| PB 0x00000007a1400000| Untracked 
|1015|0x00000007a1600000, 0x00000007a1800000, 0x00000007a1800000|100%| O|  |TAMS 0x00000007a1800000| PB 0x00000007a1600000| Untracked 
|1016|0x00000007a1800000, 0x00000007a1a00000, 0x00000007a1a00000|100%| O|  |TAMS 0x00000007a1a00000| PB 0x00000007a1800000| Untracked 
|1017|0x00000007a1a00000, 0x00000007a1c00000, 0x00000007a1c00000|100%| O|  |TAMS 0x00000007a1c00000| PB 0x00000007a1a00000| Untracked 
|1018|0x00000007a1c00000, 0x00000007a1e00000, 0x00000007a1e00000|100%| O|  |TAMS 0x00000007a1e00000| PB 0x00000007a1c00000| Untracked 
|1019|0x00000007a1e00000, 0x00000007a2000000, 0x00000007a2000000|100%| O|  |TAMS 0x00000007a2000000| PB 0x00000007a1e00000| Untracked 
|1020|0x00000007a2000000, 0x00000007a2200000, 0x00000007a2200000|100%| O|  |TAMS 0x00000007a2200000| PB 0x00000007a2000000| Untracked 
|1021|0x00000007a2200000, 0x00000007a2400000, 0x00000007a2400000|100%| O|  |TAMS 0x00000007a2400000| PB 0x00000007a2200000| Untracked 
|1022|0x00000007a2400000, 0x00000007a2600000, 0x00000007a2600000|100%| O|  |TAMS 0x00000007a2600000| PB 0x00000007a2400000| Untracked 
|1023|0x00000007a2600000, 0x00000007a2800000, 0x00000007a2800000|100%| O|  |TAMS 0x00000007a2800000| PB 0x00000007a2600000| Untracked 
|1024|0x00000007a2800000, 0x00000007a2a00000, 0x00000007a2a00000|100%| O|  |TAMS 0x00000007a2a00000| PB 0x00000007a2800000| Untracked 
|1025|0x00000007a2a00000, 0x00000007a2bfffc8, 0x00000007a2c00000| 99%| O|  |TAMS 0x00000007a2bfffc8| PB 0x00000007a2a00000| Untracked 
|1026|0x00000007a2c00000, 0x00000007a2e00000, 0x00000007a2e00000|100%| O|  |TAMS 0x00000007a2e00000| PB 0x00000007a2c00000| Untracked 
|1027|0x00000007a2e00000, 0x00000007a3000000, 0x00000007a3000000|100%| O|  |TAMS 0x00000007a3000000| PB 0x00000007a2e00000| Untracked 
|1028|0x00000007a3000000, 0x00000007a3200000, 0x00000007a3200000|100%| O|  |TAMS 0x00000007a3200000| PB 0x00000007a3000000| Untracked 
|1029|0x00000007a3200000, 0x00000007a3400000, 0x00000007a3400000|100%| O|  |TAMS 0x00000007a3400000| PB 0x00000007a3200000| Untracked 
|1030|0x00000007a3400000, 0x00000007a3600000, 0x00000007a3600000|100%| O|  |TAMS 0x00000007a3600000| PB 0x00000007a3400000| Untracked 
|1031|0x00000007a3600000, 0x00000007a3800000, 0x00000007a3800000|100%| O|  |TAMS 0x00000007a3800000| PB 0x00000007a3600000| Untracked 
|1032|0x00000007a3800000, 0x00000007a3a00000, 0x00000007a3a00000|100%| O|  |TAMS 0x00000007a3a00000| PB 0x00000007a3800000| Untracked 
|1033|0x00000007a3a00000, 0x00000007a3c00000, 0x00000007a3c00000|100%| O|  |TAMS 0x00000007a3c00000| PB 0x00000007a3a00000| Untracked 
|1034|0x00000007a3c00000, 0x00000007a3e00000, 0x00000007a3e00000|100%| O|  |TAMS 0x00000007a3e00000| PB 0x00000007a3c00000| Untracked 
|1035|0x00000007a3e00000, 0x00000007a3fffff0, 0x00000007a4000000| 99%| O|  |TAMS 0x00000007a3fffff0| PB 0x00000007a3e00000| Untracked 
|1036|0x00000007a4000000, 0x00000007a4200000, 0x00000007a4200000|100%| O|  |TAMS 0x00000007a4200000| PB 0x00000007a4000000| Untracked 
|1037|0x00000007a4200000, 0x00000007a4400000, 0x00000007a4400000|100%| O|  |TAMS 0x00000007a4400000| PB 0x00000007a4200000| Untracked 
|1038|0x00000007a4400000, 0x00000007a4600000, 0x00000007a4600000|100%| O|  |TAMS 0x00000007a4600000| PB 0x00000007a4400000| Untracked 
|1039|0x00000007a4600000, 0x00000007a47fffd8, 0x00000007a4800000| 99%| O|  |TAMS 0x00000007a47fffd8| PB 0x00000007a4600000| Untracked 
|1040|0x00000007a4800000, 0x00000007a49ffff0, 0x00000007a4a00000| 99%| O|  |TAMS 0x00000007a49ffff0| PB 0x00000007a4800000| Untracked 
|1041|0x00000007a4a00000, 0x00000007a4bffff8, 0x00000007a4c00000| 99%| O|  |TAMS 0x00000007a4bffff8| PB 0x00000007a4a00000| Untracked 
|1042|0x00000007a4c00000, 0x00000007a4dffff0, 0x00000007a4e00000| 99%| O|  |TAMS 0x00000007a4dffff0| PB 0x00000007a4c00000| Untracked 
|1043|0x00000007a4e00000, 0x00000007a5000000, 0x00000007a5000000|100%| O|  |TAMS 0x00000007a5000000| PB 0x00000007a4e00000| Untracked 
|1044|0x00000007a5000000, 0x00000007a5200000, 0x00000007a5200000|100%| O|  |TAMS 0x00000007a5200000| PB 0x00000007a5000000| Untracked 
|1045|0x00000007a5200000, 0x00000007a53ffff0, 0x00000007a5400000| 99%| O|  |TAMS 0x00000007a53ffff0| PB 0x00000007a5200000| Untracked 
|1046|0x00000007a5400000, 0x00000007a55ffff0, 0x00000007a5600000| 99%| O|  |TAMS 0x00000007a55ffff0| PB 0x00000007a5400000| Untracked 
|1047|0x00000007a5600000, 0x00000007a57ffff8, 0x00000007a5800000| 99%| O|  |TAMS 0x00000007a57ffff8| PB 0x00000007a5600000| Untracked 
|1048|0x00000007a5800000, 0x00000007a59fffe8, 0x00000007a5a00000| 99%| O|  |TAMS 0x00000007a59fffe8| PB 0x00000007a5800000| Untracked 
|1049|0x00000007a5a00000, 0x00000007a5bffff8, 0x00000007a5c00000| 99%| O|  |TAMS 0x00000007a5bffff8| PB 0x00000007a5a00000| Untracked 
|1050|0x00000007a5c00000, 0x00000007a5e00000, 0x00000007a5e00000|100%| O|  |TAMS 0x00000007a5e00000| PB 0x00000007a5c00000| Untracked 
|1051|0x00000007a5e00000, 0x00000007a6000000, 0x00000007a6000000|100%| O|  |TAMS 0x00000007a6000000| PB 0x00000007a5e00000| Untracked 
|1052|0x00000007a6000000, 0x00000007a61ffff8, 0x00000007a6200000| 99%| O|  |TAMS 0x00000007a61ffff8| PB 0x00000007a6000000| Untracked 
|1053|0x00000007a6200000, 0x00000007a63fffc0, 0x00000007a6400000| 99%| O|  |TAMS 0x00000007a63fffc0| PB 0x00000007a6200000| Untracked 
|1054|0x00000007a6400000, 0x00000007a65ffff8, 0x00000007a6600000| 99%| O|  |TAMS 0x00000007a65ffff8| PB 0x00000007a6400000| Untracked 
|1055|0x00000007a6600000, 0x00000007a67ffff0, 0x00000007a6800000| 99%| O|  |TAMS 0x00000007a67ffff0| PB 0x00000007a6600000| Untracked 
|1056|0x00000007a6800000, 0x00000007a69ffff0, 0x00000007a6a00000| 99%| O|  |TAMS 0x00000007a69ffff0| PB 0x00000007a6800000| Untracked 
|1057|0x00000007a6a00000, 0x00000007a6bfffc0, 0x00000007a6c00000| 99%| O|  |TAMS 0x00000007a6bfffc0| PB 0x00000007a6a00000| Untracked 
|1058|0x00000007a6c00000, 0x00000007a6dffff8, 0x00000007a6e00000| 99%| O|  |TAMS 0x00000007a6dffff8| PB 0x00000007a6c00000| Untracked 
|1059|0x00000007a6e00000, 0x00000007a6ffffe8, 0x00000007a7000000| 99%| O|  |TAMS 0x00000007a6ffffe8| PB 0x00000007a6e00000| Untracked 
|1060|0x00000007a7000000, 0x00000007a71fffe0, 0x00000007a7200000| 99%| O|  |TAMS 0x00000007a71fffe0| PB 0x00000007a7000000| Untracked 
|1061|0x00000007a7200000, 0x00000007a73fffe0, 0x00000007a7400000| 99%| O|  |TAMS 0x00000007a73fffe0| PB 0x00000007a7200000| Untracked 
|1062|0x00000007a7400000, 0x00000007a7600000, 0x00000007a7600000|100%| O|  |TAMS 0x00000007a7600000| PB 0x00000007a7400000| Untracked 
|1063|0x00000007a7600000, 0x00000007a77fffc8, 0x00000007a7800000| 99%| O|  |TAMS 0x00000007a77fffc8| PB 0x00000007a7600000| Untracked 
|1064|0x00000007a7800000, 0x00000007a79fffe8, 0x00000007a7a00000| 99%| O|  |TAMS 0x00000007a79fffe8| PB 0x00000007a7800000| Untracked 
|1065|0x00000007a7a00000, 0x00000007a7bfffe8, 0x00000007a7c00000| 99%| O|  |TAMS 0x00000007a7bfffe8| PB 0x00000007a7a00000| Untracked 
|1066|0x00000007a7c00000, 0x00000007a7e00000, 0x00000007a7e00000|100%| O|  |TAMS 0x00000007a7e00000| PB 0x00000007a7c00000| Untracked 
|1067|0x00000007a7e00000, 0x00000007a7fffff8, 0x00000007a8000000| 99%| O|  |TAMS 0x00000007a7fffff8| PB 0x00000007a7e00000| Untracked 
|1068|0x00000007a8000000, 0x00000007a81fffe8, 0x00000007a8200000| 99%| O|  |TAMS 0x00000007a81fffe8| PB 0x00000007a8000000| Untracked 
|1069|0x00000007a8200000, 0x00000007a83fffc8, 0x00000007a8400000| 99%| O|  |TAMS 0x00000007a83fffc8| PB 0x00000007a8200000| Untracked 
|1070|0x00000007a8400000, 0x00000007a8600000, 0x00000007a8600000|100%| O|  |TAMS 0x00000007a8600000| PB 0x00000007a8400000| Untracked 
|1071|0x00000007a8600000, 0x00000007a87fffd8, 0x00000007a8800000| 99%| O|  |TAMS 0x00000007a87fffd8| PB 0x00000007a8600000| Untracked 
|1072|0x00000007a8800000, 0x00000007a89fffd8, 0x00000007a8a00000| 99%| O|  |TAMS 0x00000007a89fffd8| PB 0x00000007a8800000| Untracked 
|1073|0x00000007a8a00000, 0x00000007a8bffff8, 0x00000007a8c00000| 99%| O|  |TAMS 0x00000007a8bffff8| PB 0x00000007a8a00000| Untracked 
|1074|0x00000007a8c00000, 0x00000007a8dfffd8, 0x00000007a8e00000| 99%| O|  |TAMS 0x00000007a8dfffd8| PB 0x00000007a8c00000| Untracked 
|1075|0x00000007a8e00000, 0x00000007a8ffffc8, 0x00000007a9000000| 99%| O|  |TAMS 0x00000007a8ffffc8| PB 0x00000007a8e00000| Untracked 
|1076|0x00000007a9000000, 0x00000007a91ffff0, 0x00000007a9200000| 99%| O|  |TAMS 0x00000007a91ffff0| PB 0x00000007a9000000| Untracked 
|1077|0x00000007a9200000, 0x00000007a93ffff0, 0x00000007a9400000| 99%| O|  |TAMS 0x00000007a93ffff0| PB 0x00000007a9200000| Untracked 
|1078|0x00000007a9400000, 0x00000007a95ffff0, 0x00000007a9600000| 99%| O|  |TAMS 0x00000007a95ffff0| PB 0x00000007a9400000| Untracked 
|1079|0x00000007a9600000, 0x00000007a9800000, 0x00000007a9800000|100%| O|  |TAMS 0x00000007a9800000| PB 0x00000007a9600000| Untracked 
|1080|0x00000007a9800000, 0x00000007a99fffd0, 0x00000007a9a00000| 99%| O|  |TAMS 0x00000007a99fffd0| PB 0x00000007a9800000| Untracked 
|1081|0x00000007a9a00000, 0x00000007a9bfffd8, 0x00000007a9c00000| 99%| O|  |TAMS 0x00000007a9bfffd8| PB 0x00000007a9a00000| Untracked 
|1082|0x00000007a9c00000, 0x00000007a9e00000, 0x00000007a9e00000|100%| O|  |TAMS 0x00000007a9e00000| PB 0x00000007a9c00000| Untracked 
|1083|0x00000007a9e00000, 0x00000007a9fffff0, 0x00000007aa000000| 99%| O|  |TAMS 0x00000007a9fffff0| PB 0x00000007a9e00000| Untracked 
|1084|0x00000007aa000000, 0x00000007aa200000, 0x00000007aa200000|100%| O|  |TAMS 0x00000007aa200000| PB 0x00000007aa000000| Untracked 
|1085|0x00000007aa200000, 0x00000007aa3ffff0, 0x00000007aa400000| 99%| O|  |TAMS 0x00000007aa3ffff0| PB 0x00000007aa200000| Untracked 
|1086|0x00000007aa400000, 0x00000007aa600000, 0x00000007aa600000|100%| O|  |TAMS 0x00000007aa600000| PB 0x00000007aa400000| Untracked 
|1087|0x00000007aa600000, 0x00000007aa7ffff0, 0x00000007aa800000| 99%| O|  |TAMS 0x00000007aa7ffff0| PB 0x00000007aa600000| Untracked 
|1088|0x00000007aa800000, 0x00000007aa9fffc0, 0x00000007aaa00000| 99%| O|  |TAMS 0x00000007aa9fffc0| PB 0x00000007aa800000| Untracked 
|1089|0x00000007aaa00000, 0x00000007aabffff8, 0x00000007aac00000| 99%| O|  |TAMS 0x00000007aabffff8| PB 0x00000007aaa00000| Untracked 
|1090|0x00000007aac00000, 0x00000007aadffff0, 0x00000007aae00000| 99%| O|  |TAMS 0x00000007aadffff0| PB 0x00000007aac00000| Untracked 
|1091|0x00000007aae00000, 0x00000007aafffff8, 0x00000007ab000000| 99%| O|  |TAMS 0x00000007aafffff8| PB 0x00000007aae00000| Untracked 
|1092|0x00000007ab000000, 0x00000007ab200000, 0x00000007ab200000|100%| O|  |TAMS 0x00000007ab200000| PB 0x00000007ab000000| Untracked 
|1093|0x00000007ab200000, 0x00000007ab400000, 0x00000007ab400000|100%| O|  |TAMS 0x00000007ab400000| PB 0x00000007ab200000| Untracked 
|1094|0x00000007ab400000, 0x00000007ab600000, 0x00000007ab600000|100%| O|  |TAMS 0x00000007ab600000| PB 0x00000007ab400000| Untracked 
|1095|0x00000007ab600000, 0x00000007ab7ffff8, 0x00000007ab800000| 99%| O|  |TAMS 0x00000007ab7ffff8| PB 0x00000007ab600000| Untracked 
|1096|0x00000007ab800000, 0x00000007aba00000, 0x00000007aba00000|100%| O|  |TAMS 0x00000007aba00000| PB 0x00000007ab800000| Untracked 
|1097|0x00000007aba00000, 0x00000007abbffff8, 0x00000007abc00000| 99%| O|  |TAMS 0x00000007abbffff8| PB 0x00000007aba00000| Untracked 
|1098|0x00000007abc00000, 0x00000007abe00000, 0x00000007abe00000|100%| O|  |TAMS 0x00000007abe00000| PB 0x00000007abc00000| Untracked 
|1099|0x00000007abe00000, 0x00000007ac000000, 0x00000007ac000000|100%| O|  |TAMS 0x00000007ac000000| PB 0x00000007abe00000| Untracked 
|1100|0x00000007ac000000, 0x00000007ac1ffff0, 0x00000007ac200000| 99%| O|  |TAMS 0x00000007ac1ffff0| PB 0x00000007ac000000| Untracked 
|1101|0x00000007ac200000, 0x00000007ac400000, 0x00000007ac400000|100%| O|  |TAMS 0x00000007ac400000| PB 0x00000007ac200000| Untracked 
|1102|0x00000007ac400000, 0x00000007ac600000, 0x00000007ac600000|100%| O|  |TAMS 0x00000007ac600000| PB 0x00000007ac400000| Untracked 
|1103|0x00000007ac600000, 0x00000007ac800000, 0x00000007ac800000|100%| O|  |TAMS 0x00000007ac800000| PB 0x00000007ac600000| Untracked 
|1104|0x00000007ac800000, 0x00000007aca00000, 0x00000007aca00000|100%| O|  |TAMS 0x00000007aca00000| PB 0x00000007ac800000| Untracked 
|1105|0x00000007aca00000, 0x00000007acc00000, 0x00000007acc00000|100%| O|  |TAMS 0x00000007acc00000| PB 0x00000007aca00000| Untracked 
|1106|0x00000007acc00000, 0x00000007ace00000, 0x00000007ace00000|100%| O|  |TAMS 0x00000007ace00000| PB 0x00000007acc00000| Untracked 
|1107|0x00000007ace00000, 0x00000007ad000000, 0x00000007ad000000|100%| O|  |TAMS 0x00000007ad000000| PB 0x00000007ace00000| Untracked 
|1108|0x00000007ad000000, 0x00000007ad200000, 0x00000007ad200000|100%| O|  |TAMS 0x00000007ad200000| PB 0x00000007ad000000| Untracked 
|1109|0x00000007ad200000, 0x00000007ad400000, 0x00000007ad400000|100%| O|  |TAMS 0x00000007ad400000| PB 0x00000007ad200000| Untracked 
|1110|0x00000007ad400000, 0x00000007ad5fffd0, 0x00000007ad600000| 99%| O|  |TAMS 0x00000007ad5fffd0| PB 0x00000007ad400000| Untracked 
|1111|0x00000007ad600000, 0x00000007ad800000, 0x00000007ad800000|100%| O|  |TAMS 0x00000007ad800000| PB 0x00000007ad600000| Untracked 
|1112|0x00000007ad800000, 0x00000007ada00000, 0x00000007ada00000|100%| O|  |TAMS 0x00000007ada00000| PB 0x00000007ad800000| Untracked 
|1113|0x00000007ada00000, 0x00000007adc00000, 0x00000007adc00000|100%| O|  |TAMS 0x00000007adc00000| PB 0x00000007ada00000| Untracked 
|1114|0x00000007adc00000, 0x00000007ade00000, 0x00000007ade00000|100%| O|  |TAMS 0x00000007ade00000| PB 0x00000007adc00000| Untracked 
|1115|0x00000007ade00000, 0x00000007ae000000, 0x00000007ae000000|100%| O|  |TAMS 0x00000007ae000000| PB 0x00000007ade00000| Untracked 
|1116|0x00000007ae000000, 0x00000007ae200000, 0x00000007ae200000|100%| O|  |TAMS 0x00000007ae200000| PB 0x00000007ae000000| Untracked 
|1117|0x00000007ae200000, 0x00000007ae400000, 0x00000007ae400000|100%| O|  |TAMS 0x00000007ae400000| PB 0x00000007ae200000| Untracked 
|1118|0x00000007ae400000, 0x00000007ae600000, 0x00000007ae600000|100%| O|  |TAMS 0x00000007ae600000| PB 0x00000007ae400000| Untracked 
|1119|0x00000007ae600000, 0x00000007ae800000, 0x00000007ae800000|100%| O|  |TAMS 0x00000007ae800000| PB 0x00000007ae600000| Untracked 
|1120|0x00000007ae800000, 0x00000007aea00000, 0x00000007aea00000|100%| O|  |TAMS 0x00000007aea00000| PB 0x00000007ae800000| Untracked 
|1121|0x00000007aea00000, 0x00000007aec00000, 0x00000007aec00000|100%| O|  |TAMS 0x00000007aec00000| PB 0x00000007aea00000| Untracked 
|1122|0x00000007aec00000, 0x00000007aee00000, 0x00000007aee00000|100%| O|  |TAMS 0x00000007aee00000| PB 0x00000007aec00000| Untracked 
|1123|0x00000007aee00000, 0x00000007af000000, 0x00000007af000000|100%| O|  |TAMS 0x00000007af000000| PB 0x00000007aee00000| Untracked 
|1124|0x00000007af000000, 0x00000007af200000, 0x00000007af200000|100%| O|  |TAMS 0x00000007af200000| PB 0x00000007af000000| Untracked 
|1125|0x00000007af200000, 0x00000007af400000, 0x00000007af400000|100%| O|  |TAMS 0x00000007af400000| PB 0x00000007af200000| Untracked 
|1126|0x00000007af400000, 0x00000007af600000, 0x00000007af600000|100%| O|  |TAMS 0x00000007af600000| PB 0x00000007af400000| Untracked 
|1127|0x00000007af600000, 0x00000007af800000, 0x00000007af800000|100%| O|  |TAMS 0x00000007af800000| PB 0x00000007af600000| Untracked 
|1128|0x00000007af800000, 0x00000007afa00000, 0x00000007afa00000|100%| O|  |TAMS 0x00000007afa00000| PB 0x00000007af800000| Untracked 
|1129|0x00000007afa00000, 0x00000007afc00000, 0x00000007afc00000|100%| O|  |TAMS 0x00000007afc00000| PB 0x00000007afa00000| Untracked 
|1130|0x00000007afc00000, 0x00000007afe00000, 0x00000007afe00000|100%| O|  |TAMS 0x00000007afe00000| PB 0x00000007afc00000| Untracked 
|1131|0x00000007afe00000, 0x00000007b0000000, 0x00000007b0000000|100%| O|  |TAMS 0x00000007b0000000| PB 0x00000007afe00000| Untracked 
|1132|0x00000007b0000000, 0x00000007b0200000, 0x00000007b0200000|100%| O|  |TAMS 0x00000007b0200000| PB 0x00000007b0000000| Untracked 
|1133|0x00000007b0200000, 0x00000007b0400000, 0x00000007b0400000|100%| O|  |TAMS 0x00000007b0400000| PB 0x00000007b0200000| Untracked 
|1134|0x00000007b0400000, 0x00000007b0600000, 0x00000007b0600000|100%| O|  |TAMS 0x00000007b0600000| PB 0x00000007b0400000| Untracked 
|1135|0x00000007b0600000, 0x00000007b0800000, 0x00000007b0800000|100%| O|  |TAMS 0x00000007b0800000| PB 0x00000007b0600000| Untracked 
|1136|0x00000007b0800000, 0x00000007b0a00000, 0x00000007b0a00000|100%| O|  |TAMS 0x00000007b0a00000| PB 0x00000007b0800000| Untracked 
|1137|0x00000007b0a00000, 0x00000007b0c00000, 0x00000007b0c00000|100%| O|  |TAMS 0x00000007b0c00000| PB 0x00000007b0a00000| Untracked 
|1138|0x00000007b0c00000, 0x00000007b0e00000, 0x00000007b0e00000|100%| O|  |TAMS 0x00000007b0e00000| PB 0x00000007b0c00000| Untracked 
|1139|0x00000007b0e00000, 0x00000007b1000000, 0x00000007b1000000|100%| O|  |TAMS 0x00000007b1000000| PB 0x00000007b0e00000| Untracked 
|1140|0x00000007b1000000, 0x00000007b1200000, 0x00000007b1200000|100%| O|  |TAMS 0x00000007b1200000| PB 0x00000007b1000000| Untracked 
|1141|0x00000007b1200000, 0x00000007b1400000, 0x00000007b1400000|100%| O|  |TAMS 0x00000007b1400000| PB 0x00000007b1200000| Untracked 
|1142|0x00000007b1400000, 0x00000007b1600000, 0x00000007b1600000|100%| O|  |TAMS 0x00000007b1600000| PB 0x00000007b1400000| Untracked 
|1143|0x00000007b1600000, 0x00000007b1800000, 0x00000007b1800000|100%| O|  |TAMS 0x00000007b1800000| PB 0x00000007b1600000| Untracked 
|1144|0x00000007b1800000, 0x00000007b1a00000, 0x00000007b1a00000|100%| O|  |TAMS 0x00000007b1a00000| PB 0x00000007b1800000| Untracked 
|1145|0x00000007b1a00000, 0x00000007b1c00000, 0x00000007b1c00000|100%| O|  |TAMS 0x00000007b1c00000| PB 0x00000007b1a00000| Untracked 
|1146|0x00000007b1c00000, 0x00000007b1e00000, 0x00000007b1e00000|100%| O|  |TAMS 0x00000007b1e00000| PB 0x00000007b1c00000| Untracked 
|1147|0x00000007b1e00000, 0x00000007b2000000, 0x00000007b2000000|100%| O|  |TAMS 0x00000007b2000000| PB 0x00000007b1e00000| Untracked 
|1148|0x00000007b2000000, 0x00000007b2200000, 0x00000007b2200000|100%| O|  |TAMS 0x00000007b2200000| PB 0x00000007b2000000| Untracked 
|1149|0x00000007b2200000, 0x00000007b2400000, 0x00000007b2400000|100%| O|  |TAMS 0x00000007b2400000| PB 0x00000007b2200000| Untracked 
|1150|0x00000007b2400000, 0x00000007b2600000, 0x00000007b2600000|100%| O|  |TAMS 0x00000007b2600000| PB 0x00000007b2400000| Untracked 
|1151|0x00000007b2600000, 0x00000007b2800000, 0x00000007b2800000|100%| O|  |TAMS 0x00000007b2800000| PB 0x00000007b2600000| Untracked 
|1152|0x00000007b2800000, 0x00000007b2a00000, 0x00000007b2a00000|100%| O|  |TAMS 0x00000007b2a00000| PB 0x00000007b2800000| Untracked 
|1153|0x00000007b2a00000, 0x00000007b2c00000, 0x00000007b2c00000|100%| O|  |TAMS 0x00000007b2c00000| PB 0x00000007b2a00000| Untracked 
|1154|0x00000007b2c00000, 0x00000007b2e00000, 0x00000007b2e00000|100%| O|  |TAMS 0x00000007b2e00000| PB 0x00000007b2c00000| Untracked 
|1155|0x00000007b2e00000, 0x00000007b3000000, 0x00000007b3000000|100%| O|  |TAMS 0x00000007b3000000| PB 0x00000007b2e00000| Untracked 
|1156|0x00000007b3000000, 0x00000007b3200000, 0x00000007b3200000|100%| O|  |TAMS 0x00000007b3200000| PB 0x00000007b3000000| Untracked 
|1157|0x00000007b3200000, 0x00000007b3400000, 0x00000007b3400000|100%| O|  |TAMS 0x00000007b3400000| PB 0x00000007b3200000| Untracked 
|1158|0x00000007b3400000, 0x00000007b3600000, 0x00000007b3600000|100%| O|  |TAMS 0x00000007b3600000| PB 0x00000007b3400000| Untracked 
|1159|0x00000007b3600000, 0x00000007b3800000, 0x00000007b3800000|100%| O|  |TAMS 0x00000007b3800000| PB 0x00000007b3600000| Untracked 
|1160|0x00000007b3800000, 0x00000007b3a00000, 0x00000007b3a00000|100%| O|  |TAMS 0x00000007b3a00000| PB 0x00000007b3800000| Untracked 
|1161|0x00000007b3a00000, 0x00000007b3c00000, 0x00000007b3c00000|100%| O|  |TAMS 0x00000007b3c00000| PB 0x00000007b3a00000| Untracked 
|1162|0x00000007b3c00000, 0x00000007b3e00000, 0x00000007b3e00000|100%| O|  |TAMS 0x00000007b3e00000| PB 0x00000007b3c00000| Untracked 
|1163|0x00000007b3e00000, 0x00000007b4000000, 0x00000007b4000000|100%| O|  |TAMS 0x00000007b4000000| PB 0x00000007b3e00000| Untracked 
|1164|0x00000007b4000000, 0x00000007b4200000, 0x00000007b4200000|100%| O|  |TAMS 0x00000007b4200000| PB 0x00000007b4000000| Untracked 
|1165|0x00000007b4200000, 0x00000007b4400000, 0x00000007b4400000|100%| O|  |TAMS 0x00000007b4400000| PB 0x00000007b4200000| Untracked 
|1166|0x00000007b4400000, 0x00000007b4600000, 0x00000007b4600000|100%| O|  |TAMS 0x00000007b4600000| PB 0x00000007b4400000| Untracked 
|1167|0x00000007b4600000, 0x00000007b4800000, 0x00000007b4800000|100%| O|  |TAMS 0x00000007b4800000| PB 0x00000007b4600000| Untracked 
|1168|0x00000007b4800000, 0x00000007b4a00000, 0x00000007b4a00000|100%| O|  |TAMS 0x00000007b4a00000| PB 0x00000007b4800000| Untracked 
|1169|0x00000007b4a00000, 0x00000007b4c00000, 0x00000007b4c00000|100%| O|  |TAMS 0x00000007b4c00000| PB 0x00000007b4a00000| Untracked 
|1170|0x00000007b4c00000, 0x00000007b4e00000, 0x00000007b4e00000|100%| O|  |TAMS 0x00000007b4e00000| PB 0x00000007b4c00000| Untracked 
|1171|0x00000007b4e00000, 0x00000007b5000000, 0x00000007b5000000|100%| O|  |TAMS 0x00000007b5000000| PB 0x00000007b4e00000| Untracked 
|1172|0x00000007b5000000, 0x00000007b5200000, 0x00000007b5200000|100%| O|  |TAMS 0x00000007b5200000| PB 0x00000007b5000000| Untracked 
|1173|0x00000007b5200000, 0x00000007b5400000, 0x00000007b5400000|100%| O|  |TAMS 0x00000007b5400000| PB 0x00000007b5200000| Untracked 
|1174|0x00000007b5400000, 0x00000007b5600000, 0x00000007b5600000|100%| O|  |TAMS 0x00000007b5600000| PB 0x00000007b5400000| Untracked 
|1175|0x00000007b5600000, 0x00000007b5800000, 0x00000007b5800000|100%| O|  |TAMS 0x00000007b5800000| PB 0x00000007b5600000| Untracked 
|1176|0x00000007b5800000, 0x00000007b5a00000, 0x00000007b5a00000|100%| O|  |TAMS 0x00000007b5a00000| PB 0x00000007b5800000| Untracked 
|1177|0x00000007b5a00000, 0x00000007b5c00000, 0x00000007b5c00000|100%| O|  |TAMS 0x00000007b5c00000| PB 0x00000007b5a00000| Untracked 
|1178|0x00000007b5c00000, 0x00000007b5e00000, 0x00000007b5e00000|100%| O|  |TAMS 0x00000007b5e00000| PB 0x00000007b5c00000| Untracked 
|1179|0x00000007b5e00000, 0x00000007b6000000, 0x00000007b6000000|100%| O|  |TAMS 0x00000007b6000000| PB 0x00000007b5e00000| Untracked 
|1180|0x00000007b6000000, 0x00000007b6200000, 0x00000007b6200000|100%| O|  |TAMS 0x00000007b6200000| PB 0x00000007b6000000| Untracked 
|1181|0x00000007b6200000, 0x00000007b6400000, 0x00000007b6400000|100%| O|  |TAMS 0x00000007b6400000| PB 0x00000007b6200000| Untracked 
|1182|0x00000007b6400000, 0x00000007b6600000, 0x00000007b6600000|100%| O|  |TAMS 0x00000007b6600000| PB 0x00000007b6400000| Untracked 
|1183|0x00000007b6600000, 0x00000007b6800000, 0x00000007b6800000|100%| O|  |TAMS 0x00000007b6800000| PB 0x00000007b6600000| Untracked 
|1184|0x00000007b6800000, 0x00000007b6a00000, 0x00000007b6a00000|100%| O|  |TAMS 0x00000007b6a00000| PB 0x00000007b6800000| Untracked 
|1185|0x00000007b6a00000, 0x00000007b6c00000, 0x00000007b6c00000|100%| O|  |TAMS 0x00000007b6c00000| PB 0x00000007b6a00000| Untracked 
|1186|0x00000007b6c00000, 0x00000007b6e00000, 0x00000007b6e00000|100%| O|  |TAMS 0x00000007b6e00000| PB 0x00000007b6c00000| Untracked 
|1187|0x00000007b6e00000, 0x00000007b7000000, 0x00000007b7000000|100%| O|  |TAMS 0x00000007b7000000| PB 0x00000007b6e00000| Untracked 
|1188|0x00000007b7000000, 0x00000007b7200000, 0x00000007b7200000|100%| O|  |TAMS 0x00000007b7200000| PB 0x00000007b7000000| Untracked 
|1189|0x00000007b7200000, 0x00000007b7400000, 0x00000007b7400000|100%| O|  |TAMS 0x00000007b7400000| PB 0x00000007b7200000| Untracked 
|1190|0x00000007b7400000, 0x00000007b7600000, 0x00000007b7600000|100%| O|  |TAMS 0x00000007b7600000| PB 0x00000007b7400000| Untracked 
|1191|0x00000007b7600000, 0x00000007b7800000, 0x00000007b7800000|100%| O|  |TAMS 0x00000007b7800000| PB 0x00000007b7600000| Untracked 
|1192|0x00000007b7800000, 0x00000007b7a00000, 0x00000007b7a00000|100%| O|  |TAMS 0x00000007b7a00000| PB 0x00000007b7800000| Untracked 
|1193|0x00000007b7a00000, 0x00000007b7c00000, 0x00000007b7c00000|100%| O|  |TAMS 0x00000007b7c00000| PB 0x00000007b7a00000| Untracked 
|1194|0x00000007b7c00000, 0x00000007b7e00000, 0x00000007b7e00000|100%| O|  |TAMS 0x00000007b7e00000| PB 0x00000007b7c00000| Untracked 
|1195|0x00000007b7e00000, 0x00000007b8000000, 0x00000007b8000000|100%| O|  |TAMS 0x00000007b8000000| PB 0x00000007b7e00000| Untracked 
|1196|0x00000007b8000000, 0x00000007b8200000, 0x00000007b8200000|100%| O|  |TAMS 0x00000007b8200000| PB 0x00000007b8000000| Untracked 
|1197|0x00000007b8200000, 0x00000007b8400000, 0x00000007b8400000|100%| O|  |TAMS 0x00000007b8400000| PB 0x00000007b8200000| Untracked 
|1198|0x00000007b8400000, 0x00000007b8600000, 0x00000007b8600000|100%| O|  |TAMS 0x00000007b8600000| PB 0x00000007b8400000| Untracked 
|1199|0x00000007b8600000, 0x00000007b8800000, 0x00000007b8800000|100%| O|  |TAMS 0x00000007b8800000| PB 0x00000007b8600000| Untracked 
|1200|0x00000007b8800000, 0x00000007b8a00000, 0x00000007b8a00000|100%| O|  |TAMS 0x00000007b8a00000| PB 0x00000007b8800000| Untracked 
|1201|0x00000007b8a00000, 0x00000007b8c00000, 0x00000007b8c00000|100%| O|  |TAMS 0x00000007b8c00000| PB 0x00000007b8a00000| Untracked 
|1202|0x00000007b8c00000, 0x00000007b8e00000, 0x00000007b8e00000|100%| O|  |TAMS 0x00000007b8e00000| PB 0x00000007b8c00000| Untracked 
|1203|0x00000007b8e00000, 0x00000007b9000000, 0x00000007b9000000|100%| O|  |TAMS 0x00000007b9000000| PB 0x00000007b8e00000| Untracked 
|1204|0x00000007b9000000, 0x00000007b9200000, 0x00000007b9200000|100%| O|  |TAMS 0x00000007b9200000| PB 0x00000007b9000000| Untracked 
|1205|0x00000007b9200000, 0x00000007b9400000, 0x00000007b9400000|100%| O|  |TAMS 0x00000007b9400000| PB 0x00000007b9200000| Untracked 
|1206|0x00000007b9400000, 0x00000007b9600000, 0x00000007b9600000|100%| O|  |TAMS 0x00000007b9600000| PB 0x00000007b9400000| Untracked 
|1207|0x00000007b9600000, 0x00000007b9800000, 0x00000007b9800000|100%| O|  |TAMS 0x00000007b9800000| PB 0x00000007b9600000| Untracked 
|1208|0x00000007b9800000, 0x00000007b9a00000, 0x00000007b9a00000|100%| O|  |TAMS 0x00000007b9a00000| PB 0x00000007b9800000| Untracked 
|1209|0x00000007b9a00000, 0x00000007b9c00000, 0x00000007b9c00000|100%| O|  |TAMS 0x00000007b9c00000| PB 0x00000007b9a00000| Untracked 
|1210|0x00000007b9c00000, 0x00000007b9e00000, 0x00000007b9e00000|100%| O|  |TAMS 0x00000007b9e00000| PB 0x00000007b9c00000| Untracked 
|1211|0x00000007b9e00000, 0x00000007ba000000, 0x00000007ba000000|100%| O|  |TAMS 0x00000007ba000000| PB 0x00000007b9e00000| Untracked 
|1212|0x00000007ba000000, 0x00000007ba200000, 0x00000007ba200000|100%| O|  |TAMS 0x00000007ba200000| PB 0x00000007ba000000| Untracked 
|1213|0x00000007ba200000, 0x00000007ba400000, 0x00000007ba400000|100%| O|  |TAMS 0x00000007ba400000| PB 0x00000007ba200000| Untracked 
|1214|0x00000007ba400000, 0x00000007ba600000, 0x00000007ba600000|100%| O|  |TAMS 0x00000007ba600000| PB 0x00000007ba400000| Untracked 
|1215|0x00000007ba600000, 0x00000007ba800000, 0x00000007ba800000|100%| O|  |TAMS 0x00000007ba800000| PB 0x00000007ba600000| Untracked 
|1216|0x00000007ba800000, 0x00000007baa00000, 0x00000007baa00000|100%| O|  |TAMS 0x00000007baa00000| PB 0x00000007ba800000| Untracked 
|1217|0x00000007baa00000, 0x00000007bac00000, 0x00000007bac00000|100%| O|  |TAMS 0x00000007bac00000| PB 0x00000007baa00000| Untracked 
|1218|0x00000007bac00000, 0x00000007bae00000, 0x00000007bae00000|100%| O|  |TAMS 0x00000007bae00000| PB 0x00000007bac00000| Untracked 
|1219|0x00000007bae00000, 0x00000007baffffc8, 0x00000007bb000000| 99%| O|  |TAMS 0x00000007baffffc8| PB 0x00000007bae00000| Untracked 
|1220|0x00000007bb000000, 0x00000007bb1fffd0, 0x00000007bb200000| 99%| O|  |TAMS 0x00000007bb1fffd0| PB 0x00000007bb000000| Untracked 
|1221|0x00000007bb200000, 0x00000007bb400000, 0x00000007bb400000|100%| O|  |TAMS 0x00000007bb400000| PB 0x00000007bb200000| Untracked 
|1222|0x00000007bb400000, 0x00000007bb600000, 0x00000007bb600000|100%| O|  |TAMS 0x00000007bb600000| PB 0x00000007bb400000| Untracked 
|1223|0x00000007bb600000, 0x00000007bb800000, 0x00000007bb800000|100%| O|  |TAMS 0x00000007bb800000| PB 0x00000007bb600000| Untracked 
|1224|0x00000007bb800000, 0x00000007bba00000, 0x00000007bba00000|100%| O|  |TAMS 0x00000007bba00000| PB 0x00000007bb800000| Untracked 
|1225|0x00000007bba00000, 0x00000007bbbffff8, 0x00000007bbc00000| 99%| O|  |TAMS 0x00000007bbbffff8| PB 0x00000007bba00000| Untracked 
|1226|0x00000007bbc00000, 0x00000007bbe00000, 0x00000007bbe00000|100%| O|  |TAMS 0x00000007bbe00000| PB 0x00000007bbc00000| Untracked 
|1227|0x00000007bbe00000, 0x00000007bbffffe0, 0x00000007bc000000| 99%| O|  |TAMS 0x00000007bbffffe0| PB 0x00000007bbe00000| Untracked 
|1228|0x00000007bc000000, 0x00000007bc1ffff0, 0x00000007bc200000| 99%| O|  |TAMS 0x00000007bc1ffff0| PB 0x00000007bc000000| Untracked 
|1229|0x00000007bc200000, 0x00000007bc3ffff0, 0x00000007bc400000| 99%| O|  |TAMS 0x00000007bc3ffff0| PB 0x00000007bc200000| Untracked 
|1230|0x00000007bc400000, 0x00000007bc5ffff0, 0x00000007bc600000| 99%| O|  |TAMS 0x00000007bc5ffff0| PB 0x00000007bc400000| Untracked 
|1231|0x00000007bc600000, 0x00000007bc7ffff0, 0x00000007bc800000| 99%| O|  |TAMS 0x00000007bc7ffff0| PB 0x00000007bc600000| Untracked 
|1232|0x00000007bc800000, 0x00000007bc9fffe8, 0x00000007bca00000| 99%| O|  |TAMS 0x00000007bc9fffe8| PB 0x00000007bc800000| Untracked 
|1233|0x00000007bca00000, 0x00000007bcbfffe0, 0x00000007bcc00000| 99%| O|  |TAMS 0x00000007bcbfffe0| PB 0x00000007bca00000| Untracked 
|1234|0x00000007bcc00000, 0x00000007bce00000, 0x00000007bce00000|100%| O|  |TAMS 0x00000007bce00000| PB 0x00000007bcc00000| Untracked 
|1235|0x00000007bce00000, 0x00000007bd000000, 0x00000007bd000000|100%| O|  |TAMS 0x00000007bd000000| PB 0x00000007bce00000| Untracked 
|1236|0x00000007bd000000, 0x00000007bd200000, 0x00000007bd200000|100%| O|  |TAMS 0x00000007bd200000| PB 0x00000007bd000000| Untracked 
|1237|0x00000007bd200000, 0x00000007bd3fffc0, 0x00000007bd400000| 99%| O|  |TAMS 0x00000007bd3fffc0| PB 0x00000007bd200000| Untracked 
|1238|0x00000007bd400000, 0x00000007bd5ffff0, 0x00000007bd600000| 99%| O|  |TAMS 0x00000007bd5ffff0| PB 0x00000007bd400000| Untracked 
|1239|0x00000007bd600000, 0x00000007bd800000, 0x00000007bd800000|100%| O|  |TAMS 0x00000007bd800000| PB 0x00000007bd600000| Untracked 
|1240|0x00000007bd800000, 0x00000007bd9fffe0, 0x00000007bda00000| 99%| O|  |TAMS 0x00000007bd9fffe0| PB 0x00000007bd800000| Untracked 
|1241|0x00000007bda00000, 0x00000007bdbfffd8, 0x00000007bdc00000| 99%| O|  |TAMS 0x00000007bdbfffd8| PB 0x00000007bda00000| Untracked 
|1242|0x00000007bdc00000, 0x00000007bddfffe8, 0x00000007bde00000| 99%| O|  |TAMS 0x00000007bddfffe8| PB 0x00000007bdc00000| Untracked 
|1243|0x00000007bde00000, 0x00000007be000000, 0x00000007be000000|100%| O|  |TAMS 0x00000007be000000| PB 0x00000007bde00000| Untracked 
|1244|0x00000007be000000, 0x00000007be1ffff8, 0x00000007be200000| 99%| O|  |TAMS 0x00000007be1ffff8| PB 0x00000007be000000| Untracked 
|1245|0x00000007be200000, 0x00000007be3fffc0, 0x00000007be400000| 99%| O|  |TAMS 0x00000007be3fffc0| PB 0x00000007be200000| Untracked 
|1246|0x00000007be400000, 0x00000007be5ffff8, 0x00000007be600000| 99%| O|  |TAMS 0x00000007be5ffff8| PB 0x00000007be400000| Untracked 
|1247|0x00000007be600000, 0x00000007be7ffff0, 0x00000007be800000| 99%| O|  |TAMS 0x00000007be7ffff0| PB 0x00000007be600000| Untracked 
|1248|0x00000007be800000, 0x00000007bea00000, 0x00000007bea00000|100%| O|  |TAMS 0x00000007bea00000| PB 0x00000007be800000| Untracked 
|1249|0x00000007bea00000, 0x00000007bebffff0, 0x00000007bec00000| 99%| O|  |TAMS 0x00000007bebffff0| PB 0x00000007bea00000| Untracked 
|1250|0x00000007bec00000, 0x00000007bedfffe8, 0x00000007bee00000| 99%| O|  |TAMS 0x00000007bedfffe8| PB 0x00000007bec00000| Untracked 
|1251|0x00000007bee00000, 0x00000007bf000000, 0x00000007bf000000|100%| O|  |TAMS 0x00000007bf000000| PB 0x00000007bee00000| Untracked 
|1252|0x00000007bf000000, 0x00000007bf1ffff0, 0x00000007bf200000| 99%| O|  |TAMS 0x00000007bf1ffff0| PB 0x00000007bf000000| Untracked 
|1253|0x00000007bf200000, 0x00000007bf400000, 0x00000007bf400000|100%| O|  |TAMS 0x00000007bf400000| PB 0x00000007bf200000| Untracked 
|1254|0x00000007bf400000, 0x00000007bf600000, 0x00000007bf600000|100%| O|  |TAMS 0x00000007bf600000| PB 0x00000007bf400000| Untracked 
|1255|0x00000007bf600000, 0x00000007bf7ffff8, 0x00000007bf800000| 99%| O|  |TAMS 0x00000007bf7ffff8| PB 0x00000007bf600000| Untracked 
|1256|0x00000007bf800000, 0x00000007bfa00000, 0x00000007bfa00000|100%| O|  |TAMS 0x00000007bfa00000| PB 0x00000007bf800000| Untracked 
|1257|0x00000007bfa00000, 0x00000007bfbffff8, 0x00000007bfc00000| 99%| O|  |TAMS 0x00000007bfbffff8| PB 0x00000007bfa00000| Untracked 
|1258|0x00000007bfc00000, 0x00000007bfdfffd8, 0x00000007bfe00000| 99%| O|  |TAMS 0x00000007bfdfffd8| PB 0x00000007bfc00000| Untracked 
|1259|0x00000007bfe00000, 0x00000007bfffffe0, 0x00000007c0000000| 99%| O|  |TAMS 0x00000007bfffffe0| PB 0x00000007bfe00000| Untracked 
|1260|0x00000007c0000000, 0x00000007c01ffff8, 0x00000007c0200000| 99%| O|  |TAMS 0x00000007c01ffff8| PB 0x00000007c0000000| Untracked 
|1261|0x00000007c0200000, 0x00000007c03ffff0, 0x00000007c0400000| 99%| O|  |TAMS 0x00000007c03ffff0| PB 0x00000007c0200000| Untracked 
|1262|0x00000007c0400000, 0x00000007c0600000, 0x00000007c0600000|100%| O|  |TAMS 0x00000007c0600000| PB 0x00000007c0400000| Untracked 
|1263|0x00000007c0600000, 0x00000007c0800000, 0x00000007c0800000|100%| O|  |TAMS 0x00000007c0800000| PB 0x00000007c0600000| Untracked 
|1264|0x00000007c0800000, 0x00000007c09fffd8, 0x00000007c0a00000| 99%| O|  |TAMS 0x00000007c09fffd8| PB 0x00000007c0800000| Untracked 
|1265|0x00000007c0a00000, 0x00000007c0c00000, 0x00000007c0c00000|100%| O|  |TAMS 0x00000007c0c00000| PB 0x00000007c0a00000| Untracked 
|1266|0x00000007c0c00000, 0x00000007c0e00000, 0x00000007c0e00000|100%| O|  |TAMS 0x00000007c0e00000| PB 0x00000007c0c00000| Untracked 
|1267|0x00000007c0e00000, 0x00000007c1000000, 0x00000007c1000000|100%| O|  |TAMS 0x00000007c1000000| PB 0x00000007c0e00000| Untracked 
|1268|0x00000007c1000000, 0x00000007c1200000, 0x00000007c1200000|100%| O|  |TAMS 0x00000007c1200000| PB 0x00000007c1000000| Untracked 
|1269|0x00000007c1200000, 0x00000007c1400000, 0x00000007c1400000|100%| O|  |TAMS 0x00000007c1400000| PB 0x00000007c1200000| Untracked 
|1270|0x00000007c1400000, 0x00000007c1600000, 0x00000007c1600000|100%| O|  |TAMS 0x00000007c1600000| PB 0x00000007c1400000| Untracked 
|1271|0x00000007c1600000, 0x00000007c1800000, 0x00000007c1800000|100%| O|  |TAMS 0x00000007c1800000| PB 0x00000007c1600000| Untracked 
|1272|0x00000007c1800000, 0x00000007c1a00000, 0x00000007c1a00000|100%| O|  |TAMS 0x00000007c1a00000| PB 0x00000007c1800000| Untracked 
|1273|0x00000007c1a00000, 0x00000007c1c00000, 0x00000007c1c00000|100%| O|  |TAMS 0x00000007c1c00000| PB 0x00000007c1a00000| Untracked 
|1274|0x00000007c1c00000, 0x00000007c1e00000, 0x00000007c1e00000|100%| O|  |TAMS 0x00000007c1e00000| PB 0x00000007c1c00000| Untracked 
|1275|0x00000007c1e00000, 0x00000007c2000000, 0x00000007c2000000|100%| O|  |TAMS 0x00000007c2000000| PB 0x00000007c1e00000| Untracked 
|1276|0x00000007c2000000, 0x00000007c2200000, 0x00000007c2200000|100%| O|  |TAMS 0x00000007c2200000| PB 0x00000007c2000000| Untracked 
|1277|0x00000007c2200000, 0x00000007c2400000, 0x00000007c2400000|100%| O|  |TAMS 0x00000007c2400000| PB 0x00000007c2200000| Untracked 
|1278|0x00000007c2400000, 0x00000007c2600000, 0x00000007c2600000|100%| O|  |TAMS 0x00000007c2600000| PB 0x00000007c2400000| Untracked 
|1279|0x00000007c2600000, 0x00000007c2800000, 0x00000007c2800000|100%| O|  |TAMS 0x00000007c2800000| PB 0x00000007c2600000| Untracked 
|1280|0x00000007c2800000, 0x00000007c2a00000, 0x00000007c2a00000|100%| O|  |TAMS 0x00000007c2a00000| PB 0x00000007c2800000| Untracked 
|1281|0x00000007c2a00000, 0x00000007c2c00000, 0x00000007c2c00000|100%| O|  |TAMS 0x00000007c2c00000| PB 0x00000007c2a00000| Untracked 
|1282|0x00000007c2c00000, 0x00000007c2e00000, 0x00000007c2e00000|100%| O|  |TAMS 0x00000007c2e00000| PB 0x00000007c2c00000| Untracked 
|1283|0x00000007c2e00000, 0x00000007c3000000, 0x00000007c3000000|100%| O|  |TAMS 0x00000007c3000000| PB 0x00000007c2e00000| Untracked 
|1284|0x00000007c3000000, 0x00000007c3200000, 0x00000007c3200000|100%| O|  |TAMS 0x00000007c3200000| PB 0x00000007c3000000| Untracked 
|1285|0x00000007c3200000, 0x00000007c3400000, 0x00000007c3400000|100%| O|  |TAMS 0x00000007c3400000| PB 0x00000007c3200000| Untracked 
|1286|0x00000007c3400000, 0x00000007c3600000, 0x00000007c3600000|100%| O|  |TAMS 0x00000007c3600000| PB 0x00000007c3400000| Untracked 
|1287|0x00000007c3600000, 0x00000007c3800000, 0x00000007c3800000|100%| O|  |TAMS 0x00000007c3800000| PB 0x00000007c3600000| Untracked 
|1288|0x00000007c3800000, 0x00000007c3a00000, 0x00000007c3a00000|100%| O|  |TAMS 0x00000007c3a00000| PB 0x00000007c3800000| Untracked 
|1289|0x00000007c3a00000, 0x00000007c3c00000, 0x00000007c3c00000|100%| O|  |TAMS 0x00000007c3c00000| PB 0x00000007c3a00000| Untracked 
|1290|0x00000007c3c00000, 0x00000007c3e00000, 0x00000007c3e00000|100%| O|  |TAMS 0x00000007c3e00000| PB 0x00000007c3c00000| Untracked 
|1291|0x00000007c3e00000, 0x00000007c4000000, 0x00000007c4000000|100%| O|  |TAMS 0x00000007c4000000| PB 0x00000007c3e00000| Untracked 
|1292|0x00000007c4000000, 0x00000007c4200000, 0x00000007c4200000|100%| O|  |TAMS 0x00000007c4200000| PB 0x00000007c4000000| Untracked 
|1293|0x00000007c4200000, 0x00000007c4400000, 0x00000007c4400000|100%| O|  |TAMS 0x00000007c4400000| PB 0x00000007c4200000| Untracked 
|1294|0x00000007c4400000, 0x00000007c4600000, 0x00000007c4600000|100%| O|  |TAMS 0x00000007c4600000| PB 0x00000007c4400000| Untracked 
|1295|0x00000007c4600000, 0x00000007c4800000, 0x00000007c4800000|100%| O|  |TAMS 0x00000007c4800000| PB 0x00000007c4600000| Untracked 
|1296|0x00000007c4800000, 0x00000007c4a00000, 0x00000007c4a00000|100%| O|  |TAMS 0x00000007c4a00000| PB 0x00000007c4800000| Untracked 
|1297|0x00000007c4a00000, 0x00000007c4c00000, 0x00000007c4c00000|100%| O|  |TAMS 0x00000007c4c00000| PB 0x00000007c4a00000| Untracked 
|1298|0x00000007c4c00000, 0x00000007c4e00000, 0x00000007c4e00000|100%| O|  |TAMS 0x00000007c4e00000| PB 0x00000007c4c00000| Untracked 
|1299|0x00000007c4e00000, 0x00000007c5000000, 0x00000007c5000000|100%| O|  |TAMS 0x00000007c5000000| PB 0x00000007c4e00000| Untracked 
|1300|0x00000007c5000000, 0x00000007c5200000, 0x00000007c5200000|100%| O|  |TAMS 0x00000007c5200000| PB 0x00000007c5000000| Untracked 
|1301|0x00000007c5200000, 0x00000007c5400000, 0x00000007c5400000|100%| O|  |TAMS 0x00000007c5400000| PB 0x00000007c5200000| Untracked 
|1302|0x00000007c5400000, 0x00000007c5600000, 0x00000007c5600000|100%| O|  |TAMS 0x00000007c5600000| PB 0x00000007c5400000| Untracked 
|1303|0x00000007c5600000, 0x00000007c5800000, 0x00000007c5800000|100%| O|  |TAMS 0x00000007c5800000| PB 0x00000007c5600000| Untracked 
|1304|0x00000007c5800000, 0x00000007c5a00000, 0x00000007c5a00000|100%| O|  |TAMS 0x00000007c5a00000| PB 0x00000007c5800000| Untracked 
|1305|0x00000007c5a00000, 0x00000007c5c00000, 0x00000007c5c00000|100%| O|  |TAMS 0x00000007c5c00000| PB 0x00000007c5a00000| Untracked 
|1306|0x00000007c5c00000, 0x00000007c5e00000, 0x00000007c5e00000|100%| O|  |TAMS 0x00000007c5e00000| PB 0x00000007c5c00000| Untracked 
|1307|0x00000007c5e00000, 0x00000007c6000000, 0x00000007c6000000|100%| O|  |TAMS 0x00000007c6000000| PB 0x00000007c5e00000| Untracked 
|1308|0x00000007c6000000, 0x00000007c6200000, 0x00000007c6200000|100%| O|  |TAMS 0x00000007c6200000| PB 0x00000007c6000000| Untracked 
|1309|0x00000007c6200000, 0x00000007c6400000, 0x00000007c6400000|100%| O|  |TAMS 0x00000007c6400000| PB 0x00000007c6200000| Untracked 
|1310|0x00000007c6400000, 0x00000007c6600000, 0x00000007c6600000|100%| O|  |TAMS 0x00000007c6600000| PB 0x00000007c6400000| Untracked 
|1311|0x00000007c6600000, 0x00000007c6800000, 0x00000007c6800000|100%| O|  |TAMS 0x00000007c6800000| PB 0x00000007c6600000| Untracked 
|1312|0x00000007c6800000, 0x00000007c6a00000, 0x00000007c6a00000|100%| O|  |TAMS 0x00000007c6a00000| PB 0x00000007c6800000| Untracked 
|1313|0x00000007c6a00000, 0x00000007c6c00000, 0x00000007c6c00000|100%| O|  |TAMS 0x00000007c6c00000| PB 0x00000007c6a00000| Untracked 
|1314|0x00000007c6c00000, 0x00000007c6e00000, 0x00000007c6e00000|100%| O|  |TAMS 0x00000007c6e00000| PB 0x00000007c6c00000| Untracked 
|1315|0x00000007c6e00000, 0x00000007c6fffff8, 0x00000007c7000000| 99%| O|  |TAMS 0x00000007c6fffff8| PB 0x00000007c6e00000| Untracked 
|1316|0x00000007c7000000, 0x00000007c7200000, 0x00000007c7200000|100%| O|  |TAMS 0x00000007c7200000| PB 0x00000007c7000000| Untracked 
|1317|0x00000007c7200000, 0x00000007c7400000, 0x00000007c7400000|100%| O|  |TAMS 0x00000007c7400000| PB 0x00000007c7200000| Untracked 
|1318|0x00000007c7400000, 0x00000007c7600000, 0x00000007c7600000|100%| O|  |TAMS 0x00000007c7600000| PB 0x00000007c7400000| Untracked 
|1319|0x00000007c7600000, 0x00000007c77ffff8, 0x00000007c7800000| 99%| O|  |TAMS 0x00000007c77ffff8| PB 0x00000007c7600000| Untracked 
|1320|0x00000007c7800000, 0x00000007c79fffd8, 0x00000007c7a00000| 99%| O|  |TAMS 0x00000007c79fffd8| PB 0x00000007c7800000| Untracked 
|1321|0x00000007c7a00000, 0x00000007c7c00000, 0x00000007c7c00000|100%| O|  |TAMS 0x00000007c7c00000| PB 0x00000007c7a00000| Untracked 
|1322|0x00000007c7c00000, 0x00000007c7dfffd8, 0x00000007c7e00000| 99%| O|  |TAMS 0x00000007c7dfffd8| PB 0x00000007c7c00000| Untracked 
|1323|0x00000007c7e00000, 0x00000007c8000000, 0x00000007c8000000|100%| O|  |TAMS 0x00000007c8000000| PB 0x00000007c7e00000| Untracked 
|1324|0x00000007c8000000, 0x00000007c81fffd8, 0x00000007c8200000| 99%| O|  |TAMS 0x00000007c81fffd8| PB 0x00000007c8000000| Untracked 
|1325|0x00000007c8200000, 0x00000007c83ffff8, 0x00000007c8400000| 99%| O|  |TAMS 0x00000007c83ffff8| PB 0x00000007c8200000| Untracked 
|1326|0x00000007c8400000, 0x00000007c85ffff0, 0x00000007c8600000| 99%| O|  |TAMS 0x00000007c85ffff0| PB 0x00000007c8400000| Untracked 
|1327|0x00000007c8600000, 0x00000007c87fffd8, 0x00000007c8800000| 99%| O|  |TAMS 0x00000007c87fffd8| PB 0x00000007c8600000| Untracked 
|1328|0x00000007c8800000, 0x00000007c89ffff0, 0x00000007c8a00000| 99%| O|  |TAMS 0x00000007c89ffff0| PB 0x00000007c8800000| Untracked 
|1329|0x00000007c8a00000, 0x00000007c8bfffe8, 0x00000007c8c00000| 99%| O|  |TAMS 0x00000007c8bfffe8| PB 0x00000007c8a00000| Untracked 
|1330|0x00000007c8c00000, 0x00000007c8dffff0, 0x00000007c8e00000| 99%| O|  |TAMS 0x00000007c8dffff0| PB 0x00000007c8c00000| Untracked 
|1331|0x00000007c8e00000, 0x00000007c8fffff0, 0x00000007c9000000| 99%| O|  |TAMS 0x00000007c8fffff0| PB 0x00000007c8e00000| Untracked 
|1332|0x00000007c9000000, 0x00000007c91ffff8, 0x00000007c9200000| 99%| O|  |TAMS 0x00000007c91ffff8| PB 0x00000007c9000000| Untracked 
|1333|0x00000007c9200000, 0x00000007c9400000, 0x00000007c9400000|100%| O|  |TAMS 0x00000007c9400000| PB 0x00000007c9200000| Untracked 
|1334|0x00000007c9400000, 0x00000007c9600000, 0x00000007c9600000|100%| O|  |TAMS 0x00000007c9600000| PB 0x00000007c9400000| Untracked 
|1335|0x00000007c9600000, 0x00000007c9800000, 0x00000007c9800000|100%| O|  |TAMS 0x00000007c9800000| PB 0x00000007c9600000| Untracked 
|1336|0x00000007c9800000, 0x00000007c99ffff0, 0x00000007c9a00000| 99%| O|  |TAMS 0x00000007c99ffff0| PB 0x00000007c9800000| Untracked 
|1337|0x00000007c9a00000, 0x00000007c9bfffd8, 0x00000007c9c00000| 99%| O|  |TAMS 0x00000007c9bfffd8| PB 0x00000007c9a00000| Untracked 
|1338|0x00000007c9c00000, 0x00000007c9dffff8, 0x00000007c9e00000| 99%| O|  |TAMS 0x00000007c9dffff8| PB 0x00000007c9c00000| Untracked 
|1339|0x00000007c9e00000, 0x00000007c9ffffd8, 0x00000007ca000000| 99%| O|  |TAMS 0x00000007c9ffffd8| PB 0x00000007c9e00000| Untracked 
|1340|0x00000007ca000000, 0x00000007ca200000, 0x00000007ca200000|100%| O|  |TAMS 0x00000007ca200000| PB 0x00000007ca000000| Untracked 
|1341|0x00000007ca200000, 0x00000007ca3ffff0, 0x00000007ca400000| 99%| O|  |TAMS 0x00000007ca3ffff0| PB 0x00000007ca200000| Untracked 
|1342|0x00000007ca400000, 0x00000007ca5ffff8, 0x00000007ca600000| 99%| O|  |TAMS 0x00000007ca5ffff8| PB 0x00000007ca400000| Untracked 
|1343|0x00000007ca600000, 0x00000007ca7fffe8, 0x00000007ca800000| 99%| O|  |TAMS 0x00000007ca7fffe8| PB 0x00000007ca600000| Untracked 
|1344|0x00000007ca800000, 0x00000007ca9ffff0, 0x00000007caa00000| 99%| O|  |TAMS 0x00000007ca9ffff0| PB 0x00000007ca800000| Untracked 
|1345|0x00000007caa00000, 0x00000007cabffff8, 0x00000007cac00000| 99%| O|  |TAMS 0x00000007cabffff8| PB 0x00000007caa00000| Untracked 
|1346|0x00000007cac00000, 0x00000007cae00000, 0x00000007cae00000|100%| O|  |TAMS 0x00000007cae00000| PB 0x00000007cac00000| Untracked 
|1347|0x00000007cae00000, 0x00000007cafffff0, 0x00000007cb000000| 99%| O|  |TAMS 0x00000007cafffff0| PB 0x00000007cae00000| Untracked 
|1348|0x00000007cb000000, 0x00000007cb200000, 0x00000007cb200000|100%| O|  |TAMS 0x00000007cb200000| PB 0x00000007cb000000| Untracked 
|1349|0x00000007cb200000, 0x00000007cb3ffff0, 0x00000007cb400000| 99%| O|  |TAMS 0x00000007cb3ffff0| PB 0x00000007cb200000| Untracked 
|1350|0x00000007cb400000, 0x00000007cb5ffff8, 0x00000007cb600000| 99%| O|  |TAMS 0x00000007cb5ffff8| PB 0x00000007cb400000| Untracked 
|1351|0x00000007cb600000, 0x00000007cb7fffe8, 0x00000007cb800000| 99%| O|  |TAMS 0x00000007cb7fffe8| PB 0x00000007cb600000| Untracked 
|1352|0x00000007cb800000, 0x00000007cba00000, 0x00000007cba00000|100%| O|  |TAMS 0x00000007cba00000| PB 0x00000007cb800000| Untracked 
|1353|0x00000007cba00000, 0x00000007cbc00000, 0x00000007cbc00000|100%| O|  |TAMS 0x00000007cbc00000| PB 0x00000007cba00000| Untracked 
|1354|0x00000007cbc00000, 0x00000007cbdfffe0, 0x00000007cbe00000| 99%| O|  |TAMS 0x00000007cbdfffe0| PB 0x00000007cbc00000| Untracked 
|1355|0x00000007cbe00000, 0x00000007cc000000, 0x00000007cc000000|100%| O|  |TAMS 0x00000007cc000000| PB 0x00000007cbe00000| Untracked 
|1356|0x00000007cc000000, 0x00000007cc200000, 0x00000007cc200000|100%| O|  |TAMS 0x00000007cc200000| PB 0x00000007cc000000| Untracked 
|1357|0x00000007cc200000, 0x00000007cc400000, 0x00000007cc400000|100%| O|  |TAMS 0x00000007cc400000| PB 0x00000007cc200000| Untracked 
|1358|0x00000007cc400000, 0x00000007cc600000, 0x00000007cc600000|100%| O|  |TAMS 0x00000007cc600000| PB 0x00000007cc400000| Untracked 
|1359|0x00000007cc600000, 0x00000007cc800000, 0x00000007cc800000|100%| O|  |TAMS 0x00000007cc800000| PB 0x00000007cc600000| Untracked 
|1360|0x00000007cc800000, 0x00000007cca00000, 0x00000007cca00000|100%| O|  |TAMS 0x00000007cca00000| PB 0x00000007cc800000| Untracked 
|1361|0x00000007cca00000, 0x00000007ccc00000, 0x00000007ccc00000|100%| O|  |TAMS 0x00000007ccc00000| PB 0x00000007cca00000| Untracked 
|1362|0x00000007ccc00000, 0x00000007cce00000, 0x00000007cce00000|100%| O|  |TAMS 0x00000007cce00000| PB 0x00000007ccc00000| Untracked 
|1363|0x00000007cce00000, 0x00000007cd000000, 0x00000007cd000000|100%| O|  |TAMS 0x00000007cd000000| PB 0x00000007cce00000| Untracked 
|1364|0x00000007cd000000, 0x00000007cd200000, 0x00000007cd200000|100%| O|  |TAMS 0x00000007cd200000| PB 0x00000007cd000000| Untracked 
|1365|0x00000007cd200000, 0x00000007cd400000, 0x00000007cd400000|100%| O|  |TAMS 0x00000007cd400000| PB 0x00000007cd200000| Untracked 
|1366|0x00000007cd400000, 0x00000007cd600000, 0x00000007cd600000|100%| O|  |TAMS 0x00000007cd600000| PB 0x00000007cd400000| Untracked 
|1367|0x00000007cd600000, 0x00000007cd800000, 0x00000007cd800000|100%| O|  |TAMS 0x00000007cd800000| PB 0x00000007cd600000| Untracked 
|1368|0x00000007cd800000, 0x00000007cda00000, 0x00000007cda00000|100%| O|  |TAMS 0x00000007cda00000| PB 0x00000007cd800000| Untracked 
|1369|0x00000007cda00000, 0x00000007cdc00000, 0x00000007cdc00000|100%| O|  |TAMS 0x00000007cdc00000| PB 0x00000007cda00000| Untracked 
|1370|0x00000007cdc00000, 0x00000007cde00000, 0x00000007cde00000|100%| O|  |TAMS 0x00000007cde00000| PB 0x00000007cdc00000| Untracked 
|1371|0x00000007cde00000, 0x00000007ce000000, 0x00000007ce000000|100%| O|  |TAMS 0x00000007ce000000| PB 0x00000007cde00000| Untracked 
|1372|0x00000007ce000000, 0x00000007ce200000, 0x00000007ce200000|100%| O|  |TAMS 0x00000007ce200000| PB 0x00000007ce000000| Untracked 
|1373|0x00000007ce200000, 0x00000007ce400000, 0x00000007ce400000|100%| O|  |TAMS 0x00000007ce400000| PB 0x00000007ce200000| Untracked 
|1374|0x00000007ce400000, 0x00000007ce600000, 0x00000007ce600000|100%| O|  |TAMS 0x00000007ce600000| PB 0x00000007ce400000| Untracked 
|1375|0x00000007ce600000, 0x00000007ce800000, 0x00000007ce800000|100%| O|  |TAMS 0x00000007ce800000| PB 0x00000007ce600000| Untracked 
|1376|0x00000007ce800000, 0x00000007cea00000, 0x00000007cea00000|100%| O|  |TAMS 0x00000007cea00000| PB 0x00000007ce800000| Untracked 
|1377|0x00000007cea00000, 0x00000007cec00000, 0x00000007cec00000|100%| O|  |TAMS 0x00000007cec00000| PB 0x00000007cea00000| Untracked 
|1378|0x00000007cec00000, 0x00000007cee00000, 0x00000007cee00000|100%| O|  |TAMS 0x00000007cee00000| PB 0x00000007cec00000| Untracked 
|1379|0x00000007cee00000, 0x00000007cf000000, 0x00000007cf000000|100%| O|  |TAMS 0x00000007cf000000| PB 0x00000007cee00000| Untracked 
|1380|0x00000007cf000000, 0x00000007cf200000, 0x00000007cf200000|100%| O|  |TAMS 0x00000007cf200000| PB 0x00000007cf000000| Untracked 
|1381|0x00000007cf200000, 0x00000007cf400000, 0x00000007cf400000|100%| O|  |TAMS 0x00000007cf400000| PB 0x00000007cf200000| Untracked 
|1382|0x00000007cf400000, 0x00000007cf600000, 0x00000007cf600000|100%| O|  |TAMS 0x00000007cf600000| PB 0x00000007cf400000| Untracked 
|1383|0x00000007cf600000, 0x00000007cf800000, 0x00000007cf800000|100%| O|  |TAMS 0x00000007cf800000| PB 0x00000007cf600000| Untracked 
|1384|0x00000007cf800000, 0x00000007cfa00000, 0x00000007cfa00000|100%| O|  |TAMS 0x00000007cfa00000| PB 0x00000007cf800000| Untracked 
|1385|0x00000007cfa00000, 0x00000007cfc00000, 0x00000007cfc00000|100%| O|  |TAMS 0x00000007cfc00000| PB 0x00000007cfa00000| Untracked 
|1386|0x00000007cfc00000, 0x00000007cfe00000, 0x00000007cfe00000|100%| O|  |TAMS 0x00000007cfe00000| PB 0x00000007cfc00000| Untracked 
|1387|0x00000007cfe00000, 0x00000007d0000000, 0x00000007d0000000|100%| O|  |TAMS 0x00000007d0000000| PB 0x00000007cfe00000| Untracked 
|1388|0x00000007d0000000, 0x00000007d0200000, 0x00000007d0200000|100%| O|  |TAMS 0x00000007d0200000| PB 0x00000007d0000000| Untracked 
|1389|0x00000007d0200000, 0x00000007d0400000, 0x00000007d0400000|100%| O|  |TAMS 0x00000007d0400000| PB 0x00000007d0200000| Untracked 
|1390|0x00000007d0400000, 0x00000007d0600000, 0x00000007d0600000|100%| O|  |TAMS 0x00000007d0600000| PB 0x00000007d0400000| Untracked 
|1391|0x00000007d0600000, 0x00000007d0800000, 0x00000007d0800000|100%| O|  |TAMS 0x00000007d0800000| PB 0x00000007d0600000| Untracked 
|1392|0x00000007d0800000, 0x00000007d0a00000, 0x00000007d0a00000|100%| O|  |TAMS 0x00000007d0a00000| PB 0x00000007d0800000| Untracked 
|1393|0x00000007d0a00000, 0x00000007d0c00000, 0x00000007d0c00000|100%| O|  |TAMS 0x00000007d0c00000| PB 0x00000007d0a00000| Untracked 
|1394|0x00000007d0c00000, 0x00000007d0e00000, 0x00000007d0e00000|100%| O|  |TAMS 0x00000007d0e00000| PB 0x00000007d0c00000| Untracked 
|1395|0x00000007d0e00000, 0x00000007d1000000, 0x00000007d1000000|100%| O|  |TAMS 0x00000007d1000000| PB 0x00000007d0e00000| Untracked 
|1396|0x00000007d1000000, 0x00000007d11ffff0, 0x00000007d1200000| 99%| O|  |TAMS 0x00000007d11ffff0| PB 0x00000007d1000000| Untracked 
|1397|0x00000007d1200000, 0x00000007d1400000, 0x00000007d1400000|100%| O|  |TAMS 0x00000007d1400000| PB 0x00000007d1200000| Untracked 
|1398|0x00000007d1400000, 0x00000007d1600000, 0x00000007d1600000|100%| O|  |TAMS 0x00000007d1600000| PB 0x00000007d1400000| Untracked 
|1399|0x00000007d1600000, 0x00000007d1800000, 0x00000007d1800000|100%| O|  |TAMS 0x00000007d1800000| PB 0x00000007d1600000| Untracked 
|1400|0x00000007d1800000, 0x00000007d1a00000, 0x00000007d1a00000|100%| O|  |TAMS 0x00000007d1a00000| PB 0x00000007d1800000| Untracked 
|1401|0x00000007d1a00000, 0x00000007d1c00000, 0x00000007d1c00000|100%| O|  |TAMS 0x00000007d1c00000| PB 0x00000007d1a00000| Untracked 
|1402|0x00000007d1c00000, 0x00000007d1e00000, 0x00000007d1e00000|100%| O|  |TAMS 0x00000007d1e00000| PB 0x00000007d1c00000| Untracked 
|1403|0x00000007d1e00000, 0x00000007d2000000, 0x00000007d2000000|100%| O|  |TAMS 0x00000007d2000000| PB 0x00000007d1e00000| Untracked 
|1404|0x00000007d2000000, 0x00000007d2200000, 0x00000007d2200000|100%| O|  |TAMS 0x00000007d2200000| PB 0x00000007d2000000| Untracked 
|1405|0x00000007d2200000, 0x00000007d2400000, 0x00000007d2400000|100%| O|  |TAMS 0x00000007d2400000| PB 0x00000007d2200000| Untracked 
|1406|0x00000007d2400000, 0x00000007d2600000, 0x00000007d2600000|100%| O|  |TAMS 0x00000007d2600000| PB 0x00000007d2400000| Untracked 
|1407|0x00000007d2600000, 0x00000007d2800000, 0x00000007d2800000|100%| O|  |TAMS 0x00000007d2800000| PB 0x00000007d2600000| Untracked 
|1408|0x00000007d2800000, 0x00000007d2a00000, 0x00000007d2a00000|100%| O|  |TAMS 0x00000007d2a00000| PB 0x00000007d2800000| Untracked 
|1409|0x00000007d2a00000, 0x00000007d2c00000, 0x00000007d2c00000|100%| O|  |TAMS 0x00000007d2c00000| PB 0x00000007d2a00000| Untracked 
|1410|0x00000007d2c00000, 0x00000007d2e00000, 0x00000007d2e00000|100%| O|  |TAMS 0x00000007d2e00000| PB 0x00000007d2c00000| Untracked 
|1411|0x00000007d2e00000, 0x00000007d2fffff8, 0x00000007d3000000| 99%| O|  |TAMS 0x00000007d2fffff8| PB 0x00000007d2e00000| Untracked 
|1412|0x00000007d3000000, 0x00000007d3200000, 0x00000007d3200000|100%| O|  |TAMS 0x00000007d3200000| PB 0x00000007d3000000| Untracked 
|1413|0x00000007d3200000, 0x00000007d3400000, 0x00000007d3400000|100%| O|  |TAMS 0x00000007d3400000| PB 0x00000007d3200000| Untracked 
|1414|0x00000007d3400000, 0x00000007d3600000, 0x00000007d3600000|100%| O|  |TAMS 0x00000007d3600000| PB 0x00000007d3400000| Untracked 
|1415|0x00000007d3600000, 0x00000007d3800000, 0x00000007d3800000|100%| O|  |TAMS 0x00000007d3800000| PB 0x00000007d3600000| Untracked 
|1416|0x00000007d3800000, 0x00000007d3a00000, 0x00000007d3a00000|100%| O|  |TAMS 0x00000007d3a00000| PB 0x00000007d3800000| Untracked 
|1417|0x00000007d3a00000, 0x00000007d3bffff0, 0x00000007d3c00000| 99%| O|  |TAMS 0x00000007d3bffff0| PB 0x00000007d3a00000| Untracked 
|1418|0x00000007d3c00000, 0x00000007d3e00000, 0x00000007d3e00000|100%| O|  |TAMS 0x00000007d3e00000| PB 0x00000007d3c00000| Untracked 
|1419|0x00000007d3e00000, 0x00000007d3fffff0, 0x00000007d4000000| 99%| O|  |TAMS 0x00000007d3fffff0| PB 0x00000007d3e00000| Untracked 
|1420|0x00000007d4000000, 0x00000007d41ffff0, 0x00000007d4200000| 99%| O|  |TAMS 0x00000007d41ffff0| PB 0x00000007d4000000| Untracked 
|1421|0x00000007d4200000, 0x00000007d43fffd8, 0x00000007d4400000| 99%| O|  |TAMS 0x00000007d43fffd8| PB 0x00000007d4200000| Untracked 
|1422|0x00000007d4400000, 0x00000007d45ffff0, 0x00000007d4600000| 99%| O|  |TAMS 0x00000007d45ffff0| PB 0x00000007d4400000| Untracked 
|1423|0x00000007d4600000, 0x00000007d4800000, 0x00000007d4800000|100%| O|  |TAMS 0x00000007d4800000| PB 0x00000007d4600000| Untracked 
|1424|0x00000007d4800000, 0x00000007d49ffff8, 0x00000007d4a00000| 99%| O|  |TAMS 0x00000007d49ffff8| PB 0x00000007d4800000| Untracked 
|1425|0x00000007d4a00000, 0x00000007d4bffff0, 0x00000007d4c00000| 99%| O|  |TAMS 0x00000007d4bffff0| PB 0x00000007d4a00000| Untracked 
|1426|0x00000007d4c00000, 0x00000007d4dffff0, 0x00000007d4e00000| 99%| O|  |TAMS 0x00000007d4dffff0| PB 0x00000007d4c00000| Untracked 
|1427|0x00000007d4e00000, 0x00000007d4ffffd8, 0x00000007d5000000| 99%| O|  |TAMS 0x00000007d4ffffd8| PB 0x00000007d4e00000| Untracked 
|1428|0x00000007d5000000, 0x00000007d51ffff8, 0x00000007d5200000| 99%| O|  |TAMS 0x00000007d51ffff8| PB 0x00000007d5000000| Untracked 
|1429|0x00000007d5200000, 0x00000007d53fffd8, 0x00000007d5400000| 99%| O|  |TAMS 0x00000007d53fffd8| PB 0x00000007d5200000| Untracked 
|1430|0x00000007d5400000, 0x00000007d55ffff0, 0x00000007d5600000| 99%| O|  |TAMS 0x00000007d55ffff0| PB 0x00000007d5400000| Untracked 
|1431|0x00000007d5600000, 0x00000007d57fffc8, 0x00000007d5800000| 99%| O|  |TAMS 0x00000007d57fffc8| PB 0x00000007d5600000| Untracked 
|1432|0x00000007d5800000, 0x00000007d59fffe8, 0x00000007d5a00000| 99%| O|  |TAMS 0x00000007d59fffe8| PB 0x00000007d5800000| Untracked 
|1433|0x00000007d5a00000, 0x00000007d5bffff0, 0x00000007d5c00000| 99%| O|  |TAMS 0x00000007d5bffff0| PB 0x00000007d5a00000| Untracked 
|1434|0x00000007d5c00000, 0x00000007d5dfffd8, 0x00000007d5e00000| 99%| O|  |TAMS 0x00000007d5dfffd8| PB 0x00000007d5c00000| Untracked 
|1435|0x00000007d5e00000, 0x00000007d5ffffc8, 0x00000007d6000000| 99%| O|  |TAMS 0x00000007d5ffffc8| PB 0x00000007d5e00000| Untracked 
|1436|0x00000007d6000000, 0x00000007d61ffff8, 0x00000007d6200000| 99%| O|  |TAMS 0x00000007d61ffff8| PB 0x00000007d6000000| Untracked 
|1437|0x00000007d6200000, 0x00000007d63ffff8, 0x00000007d6400000| 99%| O|  |TAMS 0x00000007d63ffff8| PB 0x00000007d6200000| Untracked 
|1438|0x00000007d6400000, 0x00000007d65ffff8, 0x00000007d6600000| 99%| O|  |TAMS 0x00000007d65ffff8| PB 0x00000007d6400000| Untracked 
|1439|0x00000007d6600000, 0x00000007d67ffe70, 0x00000007d6800000| 99%| O|  |TAMS 0x00000007d67ffe70| PB 0x00000007d6600000| Untracked 
|1440|0x00000007d6800000, 0x00000007d69ffff0, 0x00000007d6a00000| 99%| O|  |TAMS 0x00000007d69ffff0| PB 0x00000007d6800000| Untracked 
|1441|0x00000007d6a00000, 0x00000007d6c00000, 0x00000007d6c00000|100%| O|  |TAMS 0x00000007d6c00000| PB 0x00000007d6a00000| Untracked 
|1442|0x00000007d6c00000, 0x00000007d6dffff0, 0x00000007d6e00000| 99%| O|  |TAMS 0x00000007d6dffff0| PB 0x00000007d6c00000| Untracked 
|1443|0x00000007d6e00000, 0x00000007d7000000, 0x00000007d7000000|100%| O|  |TAMS 0x00000007d7000000| PB 0x00000007d6e00000| Untracked 
|1444|0x00000007d7000000, 0x00000007d7200000, 0x00000007d7200000|100%| O|  |TAMS 0x00000007d7200000| PB 0x00000007d7000000| Untracked 
|1445|0x00000007d7200000, 0x00000007d7400000, 0x00000007d7400000|100%| O|  |TAMS 0x00000007d7400000| PB 0x00000007d7200000| Untracked 
|1446|0x00000007d7400000, 0x00000007d75ffff8, 0x00000007d7600000| 99%| O|  |TAMS 0x00000007d75ffff8| PB 0x00000007d7400000| Untracked 
|1447|0x00000007d7600000, 0x00000007d77ffff0, 0x00000007d7800000| 99%| O|  |TAMS 0x00000007d77ffff0| PB 0x00000007d7600000| Untracked 
|1448|0x00000007d7800000, 0x00000007d7a00000, 0x00000007d7a00000|100%| O|  |TAMS 0x00000007d7a00000| PB 0x00000007d7800000| Untracked 
|1449|0x00000007d7a00000, 0x00000007d7c00000, 0x00000007d7c00000|100%| O|  |TAMS 0x00000007d7c00000| PB 0x00000007d7a00000| Untracked 
|1450|0x00000007d7c00000, 0x00000007d7e00000, 0x00000007d7e00000|100%| O|  |TAMS 0x00000007d7e00000| PB 0x00000007d7c00000| Untracked 
|1451|0x00000007d7e00000, 0x00000007d8000000, 0x00000007d8000000|100%| O|  |TAMS 0x00000007d8000000| PB 0x00000007d7e00000| Untracked 
|1452|0x00000007d8000000, 0x00000007d8200000, 0x00000007d8200000|100%| O|  |TAMS 0x00000007d8200000| PB 0x00000007d8000000| Untracked 
|1453|0x00000007d8200000, 0x00000007d8400000, 0x00000007d8400000|100%| O|  |TAMS 0x00000007d8400000| PB 0x00000007d8200000| Untracked 
|1454|0x00000007d8400000, 0x00000007d8600000, 0x00000007d8600000|100%| O|  |TAMS 0x00000007d8600000| PB 0x00000007d8400000| Untracked 
|1455|0x00000007d8600000, 0x00000007d8800000, 0x00000007d8800000|100%| O|  |TAMS 0x00000007d8800000| PB 0x00000007d8600000| Untracked 
|1456|0x00000007d8800000, 0x00000007d8a00000, 0x00000007d8a00000|100%| O|  |TAMS 0x00000007d8a00000| PB 0x00000007d8800000| Untracked 
|1457|0x00000007d8a00000, 0x00000007d8c00000, 0x00000007d8c00000|100%| O|  |TAMS 0x00000007d8c00000| PB 0x00000007d8a00000| Untracked 
|1458|0x00000007d8c00000, 0x00000007d8dfffc8, 0x00000007d8e00000| 99%| O|  |TAMS 0x00000007d8dfffc8| PB 0x00000007d8c00000| Untracked 
|1459|0x00000007d8e00000, 0x00000007d9000000, 0x00000007d9000000|100%| O|  |TAMS 0x00000007d9000000| PB 0x00000007d8e00000| Untracked 
|1460|0x00000007d9000000, 0x00000007d9200000, 0x00000007d9200000|100%| O|  |TAMS 0x00000007d9200000| PB 0x00000007d9000000| Untracked 
|1461|0x00000007d9200000, 0x00000007d9400000, 0x00000007d9400000|100%| O|  |TAMS 0x00000007d9400000| PB 0x00000007d9200000| Untracked 
|1462|0x00000007d9400000, 0x00000007d9600000, 0x00000007d9600000|100%| O|  |TAMS 0x00000007d9600000| PB 0x00000007d9400000| Untracked 
|1463|0x00000007d9600000, 0x00000007d9800000, 0x00000007d9800000|100%| O|  |TAMS 0x00000007d9800000| PB 0x00000007d9600000| Untracked 
|1464|0x00000007d9800000, 0x00000007d9a00000, 0x00000007d9a00000|100%| O|  |TAMS 0x00000007d9a00000| PB 0x00000007d9800000| Untracked 
|1465|0x00000007d9a00000, 0x00000007d9c00000, 0x00000007d9c00000|100%| O|  |TAMS 0x00000007d9c00000| PB 0x00000007d9a00000| Untracked 
|1466|0x00000007d9c00000, 0x00000007d9e00000, 0x00000007d9e00000|100%| O|  |TAMS 0x00000007d9e00000| PB 0x00000007d9c00000| Untracked 
|1467|0x00000007d9e00000, 0x00000007da000000, 0x00000007da000000|100%| O|  |TAMS 0x00000007da000000| PB 0x00000007d9e00000| Untracked 
|1468|0x00000007da000000, 0x00000007da200000, 0x00000007da200000|100%| O|  |TAMS 0x00000007da200000| PB 0x00000007da000000| Untracked 
|1469|0x00000007da200000, 0x00000007da400000, 0x00000007da400000|100%| O|  |TAMS 0x00000007da400000| PB 0x00000007da200000| Untracked 
|1470|0x00000007da400000, 0x00000007da600000, 0x00000007da600000|100%| O|  |TAMS 0x00000007da600000| PB 0x00000007da400000| Untracked 
|1471|0x00000007da600000, 0x00000007da800000, 0x00000007da800000|100%| O|  |TAMS 0x00000007da800000| PB 0x00000007da600000| Untracked 
|1472|0x00000007da800000, 0x00000007da9ffff8, 0x00000007daa00000| 99%| O|  |TAMS 0x00000007da9ffff8| PB 0x00000007da800000| Untracked 
|1473|0x00000007daa00000, 0x00000007dabffff0, 0x00000007dac00000| 99%| O|  |TAMS 0x00000007dabffff0| PB 0x00000007daa00000| Untracked 
|1474|0x00000007dac00000, 0x00000007dadfffe8, 0x00000007dae00000| 99%| O|  |TAMS 0x00000007dadfffe8| PB 0x00000007dac00000| Untracked 
|1475|0x00000007dae00000, 0x00000007daffffe0, 0x00000007db000000| 99%| O|  |TAMS 0x00000007daffffe0| PB 0x00000007dae00000| Untracked 
|1476|0x00000007db000000, 0x00000007db1ffff8, 0x00000007db200000| 99%| O|  |TAMS 0x00000007db1ffff8| PB 0x00000007db000000| Untracked 
|1477|0x00000007db200000, 0x00000007db400000, 0x00000007db400000|100%| O|  |TAMS 0x00000007db400000| PB 0x00000007db200000| Untracked 
|1478|0x00000007db400000, 0x00000007db600000, 0x00000007db600000|100%| O|  |TAMS 0x00000007db600000| PB 0x00000007db400000| Untracked 
|1479|0x00000007db600000, 0x00000007db800000, 0x00000007db800000|100%| O|  |TAMS 0x00000007db800000| PB 0x00000007db600000| Untracked 
|1480|0x00000007db800000, 0x00000007dba00000, 0x00000007dba00000|100%| O|  |TAMS 0x00000007dba00000| PB 0x00000007db800000| Untracked 
|1481|0x00000007dba00000, 0x00000007dbc00000, 0x00000007dbc00000|100%| O|  |TAMS 0x00000007dbc00000| PB 0x00000007dba00000| Untracked 
|1482|0x00000007dbc00000, 0x00000007dbe00000, 0x00000007dbe00000|100%| O|  |TAMS 0x00000007dbe00000| PB 0x00000007dbc00000| Untracked 
|1483|0x00000007dbe00000, 0x00000007dc000000, 0x00000007dc000000|100%| O|  |TAMS 0x00000007dc000000| PB 0x00000007dbe00000| Untracked 
|1484|0x00000007dc000000, 0x00000007dc200000, 0x00000007dc200000|100%| O|  |TAMS 0x00000007dc200000| PB 0x00000007dc000000| Untracked 
|1485|0x00000007dc200000, 0x00000007dc400000, 0x00000007dc400000|100%| O|  |TAMS 0x00000007dc400000| PB 0x00000007dc200000| Untracked 
|1486|0x00000007dc400000, 0x00000007dc600000, 0x00000007dc600000|100%| O|  |TAMS 0x00000007dc600000| PB 0x00000007dc400000| Untracked 
|1487|0x00000007dc600000, 0x00000007dc7ffff8, 0x00000007dc800000| 99%| O|  |TAMS 0x00000007dc7ffff8| PB 0x00000007dc600000| Untracked 
|1488|0x00000007dc800000, 0x00000007dca00000, 0x00000007dca00000|100%| O|  |TAMS 0x00000007dca00000| PB 0x00000007dc800000| Untracked 
|1489|0x00000007dca00000, 0x00000007dcc00000, 0x00000007dcc00000|100%| O|  |TAMS 0x00000007dcc00000| PB 0x00000007dca00000| Untracked 
|1490|0x00000007dcc00000, 0x00000007dce00000, 0x00000007dce00000|100%| O|  |TAMS 0x00000007dce00000| PB 0x00000007dcc00000| Untracked 
|1491|0x00000007dce00000, 0x00000007dd000000, 0x00000007dd000000|100%| O|  |TAMS 0x00000007dd000000| PB 0x00000007dce00000| Untracked 
|1492|0x00000007dd000000, 0x00000007dd1fffe8, 0x00000007dd200000| 99%| O|  |TAMS 0x00000007dd1fffe8| PB 0x00000007dd000000| Untracked 
|1493|0x00000007dd200000, 0x00000007dd400000, 0x00000007dd400000|100%| O|  |TAMS 0x00000007dd400000| PB 0x00000007dd200000| Untracked 
|1494|0x00000007dd400000, 0x00000007dd600000, 0x00000007dd600000|100%| O|  |TAMS 0x00000007dd600000| PB 0x00000007dd400000| Untracked 
|1495|0x00000007dd600000, 0x00000007dd800000, 0x00000007dd800000|100%| O|  |TAMS 0x00000007dd800000| PB 0x00000007dd600000| Untracked 
|1496|0x00000007dd800000, 0x00000007dda00000, 0x00000007dda00000|100%| O|  |TAMS 0x00000007dda00000| PB 0x00000007dd800000| Untracked 
|1497|0x00000007dda00000, 0x00000007ddc00000, 0x00000007ddc00000|100%| O|  |TAMS 0x00000007ddc00000| PB 0x00000007dda00000| Untracked 
|1498|0x00000007ddc00000, 0x00000007dddffff0, 0x00000007dde00000| 99%| O|  |TAMS 0x00000007dddffff0| PB 0x00000007ddc00000| Untracked 
|1499|0x00000007dde00000, 0x00000007de000000, 0x00000007de000000|100%| O|  |TAMS 0x00000007de000000| PB 0x00000007dde00000| Untracked 
|1500|0x00000007de000000, 0x00000007de200000, 0x00000007de200000|100%| O|  |TAMS 0x00000007de200000| PB 0x00000007de000000| Untracked 
|1501|0x00000007de200000, 0x00000007de3ffff8, 0x00000007de400000| 99%| O|  |TAMS 0x00000007de3ffff8| PB 0x00000007de200000| Untracked 
|1502|0x00000007de400000, 0x00000007de5fffd8, 0x00000007de600000| 99%| O|  |TAMS 0x00000007de5fffd8| PB 0x00000007de400000| Untracked 
|1503|0x00000007de600000, 0x00000007de7ffff0, 0x00000007de800000| 99%| O|  |TAMS 0x00000007de7ffff0| PB 0x00000007de600000| Untracked 
|1504|0x00000007de800000, 0x00000007dea00000, 0x00000007dea00000|100%| O|  |TAMS 0x00000007dea00000| PB 0x00000007de800000| Untracked 
|1505|0x00000007dea00000, 0x00000007dec00000, 0x00000007dec00000|100%| O|  |TAMS 0x00000007dec00000| PB 0x00000007dea00000| Untracked 
|1506|0x00000007dec00000, 0x00000007dedffff8, 0x00000007dee00000| 99%| O|  |TAMS 0x00000007dedffff8| PB 0x00000007dec00000| Untracked 
|1507|0x00000007dee00000, 0x00000007defffff0, 0x00000007df000000| 99%| O|  |TAMS 0x00000007defffff0| PB 0x00000007dee00000| Untracked 
|1508|0x00000007df000000, 0x00000007df1ffff0, 0x00000007df200000| 99%| O|  |TAMS 0x00000007df1ffff0| PB 0x00000007df000000| Untracked 
|1509|0x00000007df200000, 0x00000007df400000, 0x00000007df400000|100%| O|  |TAMS 0x00000007df400000| PB 0x00000007df200000| Untracked 
|1510|0x00000007df400000, 0x00000007df5fffe0, 0x00000007df600000| 99%| O|  |TAMS 0x00000007df5fffe0| PB 0x00000007df400000| Untracked 
|1511|0x00000007df600000, 0x00000007df7fffc8, 0x00000007df800000| 99%| O|  |TAMS 0x00000007df7fffc8| PB 0x00000007df600000| Untracked 
|1512|0x00000007df800000, 0x00000007dfa00000, 0x00000007dfa00000|100%| O|  |TAMS 0x00000007dfa00000| PB 0x00000007df800000| Untracked 
|1513|0x00000007dfa00000, 0x00000007dfbfffd8, 0x00000007dfc00000| 99%| O|  |TAMS 0x00000007dfbfffd8| PB 0x00000007dfa00000| Untracked 
|1514|0x00000007dfc00000, 0x00000007dfdffff0, 0x00000007dfe00000| 99%| O|  |TAMS 0x00000007dfdffff0| PB 0x00000007dfc00000| Untracked 
|1515|0x00000007dfe00000, 0x00000007dffffff8, 0x00000007e0000000| 99%| O|  |TAMS 0x00000007dffffff8| PB 0x00000007dfe00000| Untracked 
|1516|0x00000007e0000000, 0x00000007e0200000, 0x00000007e0200000|100%| O|  |TAMS 0x00000007e0200000| PB 0x00000007e0000000| Untracked 
|1517|0x00000007e0200000, 0x00000007e03ffff0, 0x00000007e0400000| 99%| O|  |TAMS 0x00000007e03ffff0| PB 0x00000007e0200000| Untracked 
|1518|0x00000007e0400000, 0x00000007e05fffd8, 0x00000007e0600000| 99%| O|  |TAMS 0x00000007e05fffd8| PB 0x00000007e0400000| Untracked 
|1519|0x00000007e0600000, 0x00000007e0800000, 0x00000007e0800000|100%| O|  |TAMS 0x00000007e0800000| PB 0x00000007e0600000| Untracked 
|1520|0x00000007e0800000, 0x00000007e09ffff0, 0x00000007e0a00000| 99%| O|  |TAMS 0x00000007e09ffff0| PB 0x00000007e0800000| Untracked 
|1521|0x00000007e0a00000, 0x00000007e0bffff0, 0x00000007e0c00000| 99%| O|  |TAMS 0x00000007e0bffff0| PB 0x00000007e0a00000| Untracked 
|1522|0x00000007e0c00000, 0x00000007e0e00000, 0x00000007e0e00000|100%|HS|  |TAMS 0x00000007e0e00000| PB 0x00000007e0c00000| Untracked 
|1523|0x00000007e0e00000, 0x00000007e1000000, 0x00000007e1000000|100%|HC|  |TAMS 0x00000007e1000000| PB 0x00000007e0e00000| Untracked 
|1524|0x00000007e1000000, 0x00000007e1200000, 0x00000007e1200000|100%|HC|  |TAMS 0x00000007e1200000| PB 0x00000007e1000000| Untracked 
|1525|0x00000007e1200000, 0x00000007e1400000, 0x00000007e1400000|100%|HC|  |TAMS 0x00000007e1400000| PB 0x00000007e1200000| Untracked 
|1526|0x00000007e1400000, 0x00000007e1600000, 0x00000007e1600000|100%|HC|  |TAMS 0x00000007e1600000| PB 0x00000007e1400000| Untracked 
|1527|0x00000007e1600000, 0x00000007e1800000, 0x00000007e1800000|100%|HC|  |TAMS 0x00000007e1800000| PB 0x00000007e1600000| Untracked 
|1528|0x00000007e1800000, 0x00000007e1a00000, 0x00000007e1a00000|100%|HC|  |TAMS 0x00000007e1a00000| PB 0x00000007e1800000| Untracked 
|1529|0x00000007e1a00000, 0x00000007e1c00000, 0x00000007e1c00000|100%|HC|  |TAMS 0x00000007e1c00000| PB 0x00000007e1a00000| Untracked 
|1530|0x00000007e1c00000, 0x00000007e1e00000, 0x00000007e1e00000|100%|HC|  |TAMS 0x00000007e1e00000| PB 0x00000007e1c00000| Untracked 
|1531|0x00000007e1e00000, 0x00000007e2000000, 0x00000007e2000000|100%|HC|  |TAMS 0x00000007e2000000| PB 0x00000007e1e00000| Untracked 
|1532|0x00000007e2000000, 0x00000007e2200000, 0x00000007e2200000|100%|HC|  |TAMS 0x00000007e2200000| PB 0x00000007e2000000| Untracked 
|1533|0x00000007e2200000, 0x00000007e2400000, 0x00000007e2400000|100%|HC|  |TAMS 0x00000007e2400000| PB 0x00000007e2200000| Untracked 
|1534|0x00000007e2400000, 0x00000007e2600000, 0x00000007e2600000|100%|HC|  |TAMS 0x00000007e2600000| PB 0x00000007e2400000| Untracked 
|1535|0x00000007e2600000, 0x00000007e2800000, 0x00000007e2800000|100%|HC|  |TAMS 0x00000007e2800000| PB 0x00000007e2600000| Untracked 
|1536|0x00000007e2800000, 0x00000007e2a00000, 0x00000007e2a00000|100%|HC|  |TAMS 0x00000007e2a00000| PB 0x00000007e2800000| Untracked 
|1537|0x00000007e2a00000, 0x00000007e2c00000, 0x00000007e2c00000|100%|HC|  |TAMS 0x00000007e2c00000| PB 0x00000007e2a00000| Untracked 
|1538|0x00000007e2c00000, 0x00000007e2e00000, 0x00000007e2e00000|100%|HC|  |TAMS 0x00000007e2e00000| PB 0x00000007e2c00000| Untracked 
|1539|0x00000007e2e00000, 0x00000007e3000000, 0x00000007e3000000|100%|HC|  |TAMS 0x00000007e3000000| PB 0x00000007e2e00000| Untracked 
|1540|0x00000007e3000000, 0x00000007e3200000, 0x00000007e3200000|100%| O|  |TAMS 0x00000007e3200000| PB 0x00000007e3000000| Untracked 
|1541|0x00000007e3200000, 0x00000007e3400000, 0x00000007e3400000|100%| O|  |TAMS 0x00000007e3400000| PB 0x00000007e3200000| Untracked 
|1542|0x00000007e3400000, 0x00000007e3600000, 0x00000007e3600000|100%| O|  |TAMS 0x00000007e3600000| PB 0x00000007e3400000| Untracked 
|1543|0x00000007e3600000, 0x00000007e3800000, 0x00000007e3800000|100%| O|  |TAMS 0x00000007e3800000| PB 0x00000007e3600000| Untracked 
|1544|0x00000007e3800000, 0x00000007e3a00000, 0x00000007e3a00000|100%| O|  |TAMS 0x00000007e3a00000| PB 0x00000007e3800000| Untracked 
|1545|0x00000007e3a00000, 0x00000007e3c00000, 0x00000007e3c00000|100%| O|  |TAMS 0x00000007e3c00000| PB 0x00000007e3a00000| Untracked 
|1546|0x00000007e3c00000, 0x00000007e3e00000, 0x00000007e3e00000|100%| O|  |TAMS 0x00000007e3e00000| PB 0x00000007e3c00000| Untracked 
|1547|0x00000007e3e00000, 0x00000007e4000000, 0x00000007e4000000|100%| O|  |TAMS 0x00000007e4000000| PB 0x00000007e3e00000| Untracked 
|1548|0x00000007e4000000, 0x00000007e4200000, 0x00000007e4200000|100%| O|  |TAMS 0x00000007e4200000| PB 0x00000007e4000000| Untracked 
|1549|0x00000007e4200000, 0x00000007e4400000, 0x00000007e4400000|100%| O|  |TAMS 0x00000007e4400000| PB 0x00000007e4200000| Untracked 
|1550|0x00000007e4400000, 0x00000007e4600000, 0x00000007e4600000|100%| O|  |TAMS 0x00000007e4600000| PB 0x00000007e4400000| Untracked 
|1551|0x00000007e4600000, 0x00000007e4800000, 0x00000007e4800000|100%| O|  |TAMS 0x00000007e4800000| PB 0x00000007e4600000| Untracked 
|1552|0x00000007e4800000, 0x00000007e4a00000, 0x00000007e4a00000|100%| O|  |TAMS 0x00000007e4a00000| PB 0x00000007e4800000| Untracked 
|1553|0x00000007e4a00000, 0x00000007e4c00000, 0x00000007e4c00000|100%| O|  |TAMS 0x00000007e4c00000| PB 0x00000007e4a00000| Untracked 
|1554|0x00000007e4c00000, 0x00000007e4dffff0, 0x00000007e4e00000| 99%| O|  |TAMS 0x00000007e4dffff0| PB 0x00000007e4c00000| Untracked 
|1555|0x00000007e4e00000, 0x00000007e4fffff0, 0x00000007e5000000| 99%| O|  |TAMS 0x00000007e4fffff0| PB 0x00000007e4e00000| Untracked 
|1556|0x00000007e5000000, 0x00000007e5200000, 0x00000007e5200000|100%| O|  |TAMS 0x00000007e5200000| PB 0x00000007e5000000| Untracked 
|1557|0x00000007e5200000, 0x00000007e5400000, 0x00000007e5400000|100%| O|  |TAMS 0x00000007e5400000| PB 0x00000007e5200000| Untracked 
|1558|0x00000007e5400000, 0x00000007e5600000, 0x00000007e5600000|100%| O|  |TAMS 0x00000007e5600000| PB 0x00000007e5400000| Untracked 
|1559|0x00000007e5600000, 0x00000007e57ffff0, 0x00000007e5800000| 99%| O|  |TAMS 0x00000007e57ffff0| PB 0x00000007e5600000| Untracked 
|1560|0x00000007e5800000, 0x00000007e5a00000, 0x00000007e5a00000|100%| O|  |TAMS 0x00000007e5a00000| PB 0x00000007e5800000| Untracked 
|1561|0x00000007e5a00000, 0x00000007e5bffff8, 0x00000007e5c00000| 99%| O|  |TAMS 0x00000007e5bffff8| PB 0x00000007e5a00000| Untracked 
|1562|0x00000007e5c00000, 0x00000007e5e00000, 0x00000007e5e00000|100%| O|  |TAMS 0x00000007e5e00000| PB 0x00000007e5c00000| Untracked 
|1563|0x00000007e5e00000, 0x00000007e5ffffc8, 0x00000007e6000000| 99%| O|  |TAMS 0x00000007e5ffffc8| PB 0x00000007e5e00000| Untracked 
|1564|0x00000007e6000000, 0x00000007e6200000, 0x00000007e6200000|100%| O|  |TAMS 0x00000007e6200000| PB 0x00000007e6000000| Untracked 
|1565|0x00000007e6200000, 0x00000007e6400000, 0x00000007e6400000|100%| O|  |TAMS 0x00000007e6400000| PB 0x00000007e6200000| Untracked 
|1566|0x00000007e6400000, 0x00000007e65ffff0, 0x00000007e6600000| 99%| O|  |TAMS 0x00000007e65ffff0| PB 0x00000007e6400000| Untracked 
|1567|0x00000007e6600000, 0x00000007e6800000, 0x00000007e6800000|100%| O|  |TAMS 0x00000007e6800000| PB 0x00000007e6600000| Untracked 
|1568|0x00000007e6800000, 0x00000007e69ffff0, 0x00000007e6a00000| 99%| O|  |TAMS 0x00000007e69ffff0| PB 0x00000007e6800000| Untracked 
|1569|0x00000007e6a00000, 0x00000007e6bfffd8, 0x00000007e6c00000| 99%| O|  |TAMS 0x00000007e6bfffd8| PB 0x00000007e6a00000| Untracked 
|1570|0x00000007e6c00000, 0x00000007e6dffff0, 0x00000007e6e00000| 99%| O|  |TAMS 0x00000007e6dffff0| PB 0x00000007e6c00000| Untracked 
|1571|0x00000007e6e00000, 0x00000007e7000000, 0x00000007e7000000|100%| O|  |TAMS 0x00000007e7000000| PB 0x00000007e6e00000| Untracked 
|1572|0x00000007e7000000, 0x00000007e7200000, 0x00000007e7200000|100%| O|  |TAMS 0x00000007e7200000| PB 0x00000007e7000000| Untracked 
|1573|0x00000007e7200000, 0x00000007e7400000, 0x00000007e7400000|100%| O|  |TAMS 0x00000007e7400000| PB 0x00000007e7200000| Untracked 
|1574|0x00000007e7400000, 0x00000007e75ffff8, 0x00000007e7600000| 99%| O|  |TAMS 0x00000007e75ffff8| PB 0x00000007e7400000| Untracked 
|1575|0x00000007e7600000, 0x00000007e7800000, 0x00000007e7800000|100%| O|  |TAMS 0x00000007e7800000| PB 0x00000007e7600000| Untracked 
|1576|0x00000007e7800000, 0x00000007e79ffff8, 0x00000007e7a00000| 99%| O|  |TAMS 0x00000007e79ffff8| PB 0x00000007e7800000| Untracked 
|1577|0x00000007e7a00000, 0x00000007e7bffff8, 0x00000007e7c00000| 99%| O|  |TAMS 0x00000007e7bffff8| PB 0x00000007e7a00000| Untracked 
|1578|0x00000007e7c00000, 0x00000007e7e00000, 0x00000007e7e00000|100%| O|  |TAMS 0x00000007e7e00000| PB 0x00000007e7c00000| Untracked 
|1579|0x00000007e7e00000, 0x00000007e7fffff0, 0x00000007e8000000| 99%| O|  |TAMS 0x00000007e7fffff0| PB 0x00000007e7e00000| Untracked 
|1580|0x00000007e8000000, 0x00000007e81ffff0, 0x00000007e8200000| 99%| O|  |TAMS 0x00000007e81ffff0| PB 0x00000007e8000000| Untracked 
|1581|0x00000007e8200000, 0x00000007e8400000, 0x00000007e8400000|100%| O|  |TAMS 0x00000007e8400000| PB 0x00000007e8200000| Untracked 
|1582|0x00000007e8400000, 0x00000007e8600000, 0x00000007e8600000|100%| O|  |TAMS 0x00000007e8600000| PB 0x00000007e8400000| Untracked 
|1583|0x00000007e8600000, 0x00000007e8800000, 0x00000007e8800000|100%| O|  |TAMS 0x00000007e8800000| PB 0x00000007e8600000| Untracked 
|1584|0x00000007e8800000, 0x00000007e8a00000, 0x00000007e8a00000|100%| O|  |TAMS 0x00000007e8a00000| PB 0x00000007e8800000| Untracked 
|1585|0x00000007e8a00000, 0x00000007e8c00000, 0x00000007e8c00000|100%| O|  |TAMS 0x00000007e8c00000| PB 0x00000007e8a00000| Untracked 
|1586|0x00000007e8c00000, 0x00000007e8e00000, 0x00000007e8e00000|100%| O|  |TAMS 0x00000007e8e00000| PB 0x00000007e8c00000| Untracked 
|1587|0x00000007e8e00000, 0x00000007e9000000, 0x00000007e9000000|100%| O|  |TAMS 0x00000007e9000000| PB 0x00000007e8e00000| Untracked 
|1588|0x00000007e9000000, 0x00000007e9200000, 0x00000007e9200000|100%| O|  |TAMS 0x00000007e9200000| PB 0x00000007e9000000| Untracked 
|1589|0x00000007e9200000, 0x00000007e9400000, 0x00000007e9400000|100%| O|  |TAMS 0x00000007e9400000| PB 0x00000007e9200000| Untracked 
|1590|0x00000007e9400000, 0x00000007e9600000, 0x00000007e9600000|100%| O|  |TAMS 0x00000007e9600000| PB 0x00000007e9400000| Untracked 
|1591|0x00000007e9600000, 0x00000007e9800000, 0x00000007e9800000|100%| O|  |TAMS 0x00000007e9800000| PB 0x00000007e9600000| Untracked 
|1592|0x00000007e9800000, 0x00000007e9a00000, 0x00000007e9a00000|100%| O|  |TAMS 0x00000007e9a00000| PB 0x00000007e9800000| Untracked 
|1593|0x00000007e9a00000, 0x00000007e9c00000, 0x00000007e9c00000|100%| O|  |TAMS 0x00000007e9c00000| PB 0x00000007e9a00000| Untracked 
|1594|0x00000007e9c00000, 0x00000007e9e00000, 0x00000007e9e00000|100%| O|  |TAMS 0x00000007e9e00000| PB 0x00000007e9c00000| Untracked 
|1595|0x00000007e9e00000, 0x00000007ea000000, 0x00000007ea000000|100%| O|  |TAMS 0x00000007ea000000| PB 0x00000007e9e00000| Untracked 
|1596|0x00000007ea000000, 0x00000007ea200000, 0x00000007ea200000|100%| O|  |TAMS 0x00000007ea200000| PB 0x00000007ea000000| Untracked 
|1597|0x00000007ea200000, 0x00000007ea400000, 0x00000007ea400000|100%| O|  |TAMS 0x00000007ea400000| PB 0x00000007ea200000| Untracked 
|1598|0x00000007ea400000, 0x00000007ea600000, 0x00000007ea600000|100%| O|  |TAMS 0x00000007ea600000| PB 0x00000007ea400000| Untracked 
|1599|0x00000007ea600000, 0x00000007ea800000, 0x00000007ea800000|100%| O|  |TAMS 0x00000007ea800000| PB 0x00000007ea600000| Untracked 
|1600|0x00000007ea800000, 0x00000007eaa00000, 0x00000007eaa00000|100%| O|  |TAMS 0x00000007eaa00000| PB 0x00000007ea800000| Untracked 
|1601|0x00000007eaa00000, 0x00000007eac00000, 0x00000007eac00000|100%| O|  |TAMS 0x00000007eac00000| PB 0x00000007eaa00000| Untracked 
|1602|0x00000007eac00000, 0x00000007eae00000, 0x00000007eae00000|100%| O|  |TAMS 0x00000007eae00000| PB 0x00000007eac00000| Untracked 
|1603|0x00000007eae00000, 0x00000007eb000000, 0x00000007eb000000|100%| O|  |TAMS 0x00000007eb000000| PB 0x00000007eae00000| Untracked 
|1604|0x00000007eb000000, 0x00000007eb200000, 0x00000007eb200000|100%| O|  |TAMS 0x00000007eb200000| PB 0x00000007eb000000| Untracked 
|1605|0x00000007eb200000, 0x00000007eb400000, 0x00000007eb400000|100%| O|  |TAMS 0x00000007eb400000| PB 0x00000007eb200000| Untracked 
|1606|0x00000007eb400000, 0x00000007eb600000, 0x00000007eb600000|100%| O|  |TAMS 0x00000007eb600000| PB 0x00000007eb400000| Untracked 
|1607|0x00000007eb600000, 0x00000007eb800000, 0x00000007eb800000|100%| O|  |TAMS 0x00000007eb800000| PB 0x00000007eb600000| Untracked 
|1608|0x00000007eb800000, 0x00000007eb9fffe8, 0x00000007eba00000| 99%| O|  |TAMS 0x00000007eb9fffe8| PB 0x00000007eb800000| Untracked 
|1609|0x00000007eba00000, 0x00000007ebbfffe8, 0x00000007ebc00000| 99%| O|  |TAMS 0x00000007ebbfffe8| PB 0x00000007eba00000| Untracked 
|1610|0x00000007ebc00000, 0x00000007ebe00000, 0x00000007ebe00000|100%| O|  |TAMS 0x00000007ebe00000| PB 0x00000007ebc00000| Untracked 
|1611|0x00000007ebe00000, 0x00000007ebfffff8, 0x00000007ec000000| 99%| O|  |TAMS 0x00000007ebfffff8| PB 0x00000007ebe00000| Untracked 
|1612|0x00000007ec000000, 0x00000007ec1ffff0, 0x00000007ec200000| 99%| O|  |TAMS 0x00000007ec1ffff0| PB 0x00000007ec000000| Untracked 
|1613|0x00000007ec200000, 0x00000007ec400000, 0x00000007ec400000|100%| O|  |TAMS 0x00000007ec400000| PB 0x00000007ec200000| Untracked 
|1614|0x00000007ec400000, 0x00000007ec5fffc8, 0x00000007ec600000| 99%| O|  |TAMS 0x00000007ec5fffc8| PB 0x00000007ec400000| Untracked 
|1615|0x00000007ec600000, 0x00000007ec800000, 0x00000007ec800000|100%| O|  |TAMS 0x00000007ec800000| PB 0x00000007ec600000| Untracked 
|1616|0x00000007ec800000, 0x00000007eca00000, 0x00000007eca00000|100%| O|  |TAMS 0x00000007eca00000| PB 0x00000007ec800000| Untracked 
|1617|0x00000007eca00000, 0x00000007ecc00000, 0x00000007ecc00000|100%| O|  |TAMS 0x00000007ecc00000| PB 0x00000007eca00000| Untracked 
|1618|0x00000007ecc00000, 0x00000007ece00000, 0x00000007ece00000|100%| O|  |TAMS 0x00000007ece00000| PB 0x00000007ecc00000| Untracked 
|1619|0x00000007ece00000, 0x00000007ed000000, 0x00000007ed000000|100%| O|  |TAMS 0x00000007ed000000| PB 0x00000007ece00000| Untracked 
|1620|0x00000007ed000000, 0x00000007ed200000, 0x00000007ed200000|100%| O|  |TAMS 0x00000007ed200000| PB 0x00000007ed000000| Untracked 
|1621|0x00000007ed200000, 0x00000007ed400000, 0x00000007ed400000|100%| O|  |TAMS 0x00000007ed400000| PB 0x00000007ed200000| Untracked 
|1622|0x00000007ed400000, 0x00000007ed600000, 0x00000007ed600000|100%| O|  |TAMS 0x00000007ed600000| PB 0x00000007ed400000| Untracked 
|1623|0x00000007ed600000, 0x00000007ed800000, 0x00000007ed800000|100%| O|  |TAMS 0x00000007ed800000| PB 0x00000007ed600000| Untracked 
|1624|0x00000007ed800000, 0x00000007eda00000, 0x00000007eda00000|100%| O|  |TAMS 0x00000007eda00000| PB 0x00000007ed800000| Untracked 
|1625|0x00000007eda00000, 0x00000007edc00000, 0x00000007edc00000|100%| O|  |TAMS 0x00000007edc00000| PB 0x00000007eda00000| Untracked 
|1626|0x00000007edc00000, 0x00000007ede00000, 0x00000007ede00000|100%| O|  |TAMS 0x00000007ede00000| PB 0x00000007edc00000| Untracked 
|1627|0x00000007ede00000, 0x00000007ee000000, 0x00000007ee000000|100%| O|  |TAMS 0x00000007ee000000| PB 0x00000007ede00000| Untracked 
|1628|0x00000007ee000000, 0x00000007ee200000, 0x00000007ee200000|100%| O|  |TAMS 0x00000007ee200000| PB 0x00000007ee000000| Untracked 
|1629|0x00000007ee200000, 0x00000007ee400000, 0x00000007ee400000|100%| O|  |TAMS 0x00000007ee400000| PB 0x00000007ee200000| Untracked 
|1630|0x00000007ee400000, 0x00000007ee600000, 0x00000007ee600000|100%| O|  |TAMS 0x00000007ee600000| PB 0x00000007ee400000| Untracked 
|1631|0x00000007ee600000, 0x00000007ee800000, 0x00000007ee800000|100%| O|  |TAMS 0x00000007ee800000| PB 0x00000007ee600000| Untracked 
|1632|0x00000007ee800000, 0x00000007ee9ffff0, 0x00000007eea00000| 99%| O|  |TAMS 0x00000007ee9ffff0| PB 0x00000007ee800000| Untracked 
|1633|0x00000007eea00000, 0x00000007eebfffd8, 0x00000007eec00000| 99%| O|  |TAMS 0x00000007eebfffd8| PB 0x00000007eea00000| Untracked 
|1634|0x00000007eec00000, 0x00000007eee00000, 0x00000007eee00000|100%| O|  |TAMS 0x00000007eee00000| PB 0x00000007eec00000| Untracked 
|1635|0x00000007eee00000, 0x00000007ef000000, 0x00000007ef000000|100%| O|  |TAMS 0x00000007ef000000| PB 0x00000007eee00000| Untracked 
|1636|0x00000007ef000000, 0x00000007ef200000, 0x00000007ef200000|100%| O|  |TAMS 0x00000007ef200000| PB 0x00000007ef000000| Untracked 
|1637|0x00000007ef200000, 0x00000007ef400000, 0x00000007ef400000|100%| O|  |TAMS 0x00000007ef400000| PB 0x00000007ef200000| Untracked 
|1638|0x00000007ef400000, 0x00000007ef600000, 0x00000007ef600000|100%| O|  |TAMS 0x00000007ef600000| PB 0x00000007ef400000| Untracked 
|1639|0x00000007ef600000, 0x00000007ef800000, 0x00000007ef800000|100%| O|  |TAMS 0x00000007ef800000| PB 0x00000007ef600000| Untracked 
|1640|0x00000007ef800000, 0x00000007efa00000, 0x00000007efa00000|100%| O|  |TAMS 0x00000007efa00000| PB 0x00000007ef800000| Untracked 
|1641|0x00000007efa00000, 0x00000007efc00000, 0x00000007efc00000|100%| O|  |TAMS 0x00000007efc00000| PB 0x00000007efa00000| Untracked 
|1642|0x00000007efc00000, 0x00000007efe00000, 0x00000007efe00000|100%| O|  |TAMS 0x00000007efe00000| PB 0x00000007efc00000| Untracked 
|1643|0x00000007efe00000, 0x00000007f0000000, 0x00000007f0000000|100%| O|  |TAMS 0x00000007f0000000| PB 0x00000007efe00000| Untracked 
|1644|0x00000007f0000000, 0x00000007f0200000, 0x00000007f0200000|100%| O|  |TAMS 0x00000007f0200000| PB 0x00000007f0000000| Untracked 
|1645|0x00000007f0200000, 0x00000007f0400000, 0x00000007f0400000|100%| O|  |TAMS 0x00000007f0400000| PB 0x00000007f0200000| Untracked 
|1646|0x00000007f0400000, 0x00000007f0600000, 0x00000007f0600000|100%| O|  |TAMS 0x00000007f0600000| PB 0x00000007f0400000| Untracked 
|1647|0x00000007f0600000, 0x00000007f0800000, 0x00000007f0800000|100%| O|  |TAMS 0x00000007f0800000| PB 0x00000007f0600000| Untracked 
|1648|0x00000007f0800000, 0x00000007f0a00000, 0x00000007f0a00000|100%| O|  |TAMS 0x00000007f0a00000| PB 0x00000007f0800000| Untracked 
|1649|0x00000007f0a00000, 0x00000007f0c00000, 0x00000007f0c00000|100%| O|  |TAMS 0x00000007f0c00000| PB 0x00000007f0a00000| Untracked 
|1650|0x00000007f0c00000, 0x00000007f0e00000, 0x00000007f0e00000|100%| O|  |TAMS 0x00000007f0e00000| PB 0x00000007f0c00000| Untracked 
|1651|0x00000007f0e00000, 0x00000007f1000000, 0x00000007f1000000|100%| O|  |TAMS 0x00000007f1000000| PB 0x00000007f0e00000| Untracked 
|1652|0x00000007f1000000, 0x00000007f1200000, 0x00000007f1200000|100%| O|  |TAMS 0x00000007f1200000| PB 0x00000007f1000000| Untracked 
|1653|0x00000007f1200000, 0x00000007f13ffff0, 0x00000007f1400000| 99%| O|  |TAMS 0x00000007f13ffff0| PB 0x00000007f1200000| Untracked 
|1654|0x00000007f1400000, 0x00000007f15ffff0, 0x00000007f1600000| 99%| O|  |TAMS 0x00000007f15ffff0| PB 0x00000007f1400000| Untracked 
|1655|0x00000007f1600000, 0x00000007f1800000, 0x00000007f1800000|100%| O|  |TAMS 0x00000007f1800000| PB 0x00000007f1600000| Untracked 
|1656|0x00000007f1800000, 0x00000007f1a00000, 0x00000007f1a00000|100%| O|  |TAMS 0x00000007f1a00000| PB 0x00000007f1800000| Untracked 
|1657|0x00000007f1a00000, 0x00000007f1c00000, 0x00000007f1c00000|100%| O|  |TAMS 0x00000007f1c00000| PB 0x00000007f1a00000| Untracked 
|1658|0x00000007f1c00000, 0x00000007f1e00000, 0x00000007f1e00000|100%| O|  |TAMS 0x00000007f1e00000| PB 0x00000007f1c00000| Untracked 
|1659|0x00000007f1e00000, 0x00000007f2000000, 0x00000007f2000000|100%| O|  |TAMS 0x00000007f2000000| PB 0x00000007f1e00000| Untracked 
|1660|0x00000007f2000000, 0x00000007f21fffd8, 0x00000007f2200000| 99%| O|  |TAMS 0x00000007f21fffd8| PB 0x00000007f2000000| Untracked 
|1661|0x00000007f2200000, 0x00000007f23ffff0, 0x00000007f2400000| 99%| O|  |TAMS 0x00000007f23ffff0| PB 0x00000007f2200000| Untracked 
|1662|0x00000007f2400000, 0x00000007f25ffff0, 0x00000007f2600000| 99%| O|  |TAMS 0x00000007f25ffff0| PB 0x00000007f2400000| Untracked 
|1663|0x00000007f2600000, 0x00000007f27ffff8, 0x00000007f2800000| 99%| O|  |TAMS 0x00000007f27ffff8| PB 0x00000007f2600000| Untracked 
|1664|0x00000007f2800000, 0x00000007f29ffff8, 0x00000007f2a00000| 99%| O|  |TAMS 0x00000007f29ffff8| PB 0x00000007f2800000| Untracked 
|1665|0x00000007f2a00000, 0x00000007f2bfffe0, 0x00000007f2c00000| 99%| O|  |TAMS 0x00000007f2bfffe0| PB 0x00000007f2a00000| Untracked 
|1666|0x00000007f2c00000, 0x00000007f2df1428, 0x00000007f2e00000| 97%| O|  |TAMS 0x00000007f2df1428| PB 0x00000007f2c00000| Untracked 
|1667|0x00000007f2e00000, 0x00000007f2fffff0, 0x00000007f3000000| 99%| O|  |TAMS 0x00000007f2fffff0| PB 0x00000007f2e00000| Untracked 
|1668|0x00000007f3000000, 0x00000007f31ffff0, 0x00000007f3200000| 99%| O|  |TAMS 0x00000007f31ffff0| PB 0x00000007f3000000| Untracked 
|1669|0x00000007f3200000, 0x00000007f33ffff0, 0x00000007f3400000| 99%| O|  |TAMS 0x00000007f33ffff0| PB 0x00000007f3200000| Untracked 
|1670|0x00000007f3400000, 0x00000007f35fffd8, 0x00000007f3600000| 99%| O|  |TAMS 0x00000007f35fffd8| PB 0x00000007f3400000| Untracked 
|1671|0x00000007f3600000, 0x00000007f3800000, 0x00000007f3800000|100%| O|  |TAMS 0x00000007f3800000| PB 0x00000007f3600000| Untracked 
|1672|0x00000007f3800000, 0x00000007f3a00000, 0x00000007f3a00000|100%| O|  |TAMS 0x00000007f3a00000| PB 0x00000007f3800000| Untracked 
|1673|0x00000007f3a00000, 0x00000007f3c00000, 0x00000007f3c00000|100%| O|  |TAMS 0x00000007f3c00000| PB 0x00000007f3a00000| Untracked 
|1674|0x00000007f3c00000, 0x00000007f3dffff8, 0x00000007f3e00000| 99%| O|  |TAMS 0x00000007f3dffff8| PB 0x00000007f3c00000| Untracked 
|1675|0x00000007f3e00000, 0x00000007f4000000, 0x00000007f4000000|100%| O|  |TAMS 0x00000007f4000000| PB 0x00000007f3e00000| Untracked 
|1676|0x00000007f4000000, 0x00000007f41fffe8, 0x00000007f4200000| 99%| O|  |TAMS 0x00000007f41fffe8| PB 0x00000007f4000000| Untracked 
|1677|0x00000007f4200000, 0x00000007f4400000, 0x00000007f4400000|100%| O|  |TAMS 0x00000007f4400000| PB 0x00000007f4200000| Untracked 
|1678|0x00000007f4400000, 0x00000007f45ffff8, 0x00000007f4600000| 99%| O|  |TAMS 0x00000007f45ffff8| PB 0x00000007f4400000| Untracked 
|1679|0x00000007f4600000, 0x00000007f47ffff0, 0x00000007f4800000| 99%| O|  |TAMS 0x00000007f47ffff0| PB 0x00000007f4600000| Untracked 
|1680|0x00000007f4800000, 0x00000007f49ffff0, 0x00000007f4a00000| 99%| O|  |TAMS 0x00000007f49ffff0| PB 0x00000007f4800000| Untracked 
|1681|0x00000007f4a00000, 0x00000007f4c00000, 0x00000007f4c00000|100%| O|  |TAMS 0x00000007f4c00000| PB 0x00000007f4a00000| Untracked 
|1682|0x00000007f4c00000, 0x00000007f4dffff8, 0x00000007f4e00000| 99%| O|  |TAMS 0x00000007f4dffff8| PB 0x00000007f4c00000| Untracked 
|1683|0x00000007f4e00000, 0x00000007f4fffff0, 0x00000007f5000000| 99%| O|  |TAMS 0x00000007f4fffff0| PB 0x00000007f4e00000| Untracked 
|1684|0x00000007f5000000, 0x00000007f51ffff8, 0x00000007f5200000| 99%| O|  |TAMS 0x00000007f51ffff8| PB 0x00000007f5000000| Untracked 
|1685|0x00000007f5200000, 0x00000007f53ffff0, 0x00000007f5400000| 99%| O|  |TAMS 0x00000007f53ffff0| PB 0x00000007f5200000| Untracked 
|1686|0x00000007f5400000, 0x00000007f55fffd8, 0x00000007f5600000| 99%| O|  |TAMS 0x00000007f55fffd8| PB 0x00000007f5400000| Untracked 
|1687|0x00000007f5600000, 0x00000007f57fffe0, 0x00000007f5800000| 99%| O|  |TAMS 0x00000007f57fffe0| PB 0x00000007f5600000| Untracked 
|1688|0x00000007f5800000, 0x00000007f59fffe8, 0x00000007f5a00000| 99%| O|  |TAMS 0x00000007f59fffe8| PB 0x00000007f5800000| Untracked 
|1689|0x00000007f5a00000, 0x00000007f5bfffd0, 0x00000007f5c00000| 99%| O|  |TAMS 0x00000007f5bfffd0| PB 0x00000007f5a00000| Untracked 
|1690|0x00000007f5c00000, 0x00000007f5dfffc0, 0x00000007f5e00000| 99%| O|  |TAMS 0x00000007f5dfffc0| PB 0x00000007f5c00000| Untracked 
|1691|0x00000007f5e00000, 0x00000007f5fffff0, 0x00000007f6000000| 99%| O|  |TAMS 0x00000007f5fffff0| PB 0x00000007f5e00000| Untracked 
|1692|0x00000007f6000000, 0x00000007f61ffff8, 0x00000007f6200000| 99%| O|  |TAMS 0x00000007f61ffff8| PB 0x00000007f6000000| Untracked 
|1693|0x00000007f6200000, 0x00000007f63ffff0, 0x00000007f6400000| 99%| O|  |TAMS 0x00000007f63ffff0| PB 0x00000007f6200000| Untracked 
|1694|0x00000007f6400000, 0x00000007f65ffff0, 0x00000007f6600000| 99%| O|  |TAMS 0x00000007f65ffff0| PB 0x00000007f6400000| Untracked 
|1695|0x00000007f6600000, 0x00000007f67ffff0, 0x00000007f6800000| 99%| O|  |TAMS 0x00000007f67ffff0| PB 0x00000007f6600000| Untracked 
|1696|0x00000007f6800000, 0x00000007f69ffff0, 0x00000007f6a00000| 99%| O|  |TAMS 0x00000007f69ffff0| PB 0x00000007f6800000| Untracked 
|1697|0x00000007f6a00000, 0x00000007f6bffff0, 0x00000007f6c00000| 99%| O|  |TAMS 0x00000007f6bffff0| PB 0x00000007f6a00000| Untracked 
|1698|0x00000007f6c00000, 0x00000007f6dfffd0, 0x00000007f6e00000| 99%| O|  |TAMS 0x00000007f6dfffd0| PB 0x00000007f6c00000| Untracked 
|1699|0x00000007f6e00000, 0x00000007f6fffff8, 0x00000007f7000000| 99%| O|  |TAMS 0x00000007f6fffff8| PB 0x00000007f6e00000| Untracked 
|1700|0x00000007f7000000, 0x00000007f71ffff0, 0x00000007f7200000| 99%| O|  |TAMS 0x00000007f71ffff0| PB 0x00000007f7000000| Untracked 
|1701|0x00000007f7200000, 0x00000007f73ffff8, 0x00000007f7400000| 99%| O|  |TAMS 0x00000007f73ffff8| PB 0x00000007f7200000| Untracked 
|1702|0x00000007f7400000, 0x00000007f7600000, 0x00000007f7600000|100%| O|  |TAMS 0x00000007f7600000| PB 0x00000007f7400000| Untracked 
|1703|0x00000007f7600000, 0x00000007f77ffff0, 0x00000007f7800000| 99%| O|  |TAMS 0x00000007f77ffff0| PB 0x00000007f7600000| Untracked 
|1704|0x00000007f7800000, 0x00000007f79ffff8, 0x00000007f7a00000| 99%| O|  |TAMS 0x00000007f79ffff8| PB 0x00000007f7800000| Untracked 
|1705|0x00000007f7a00000, 0x00000007f7bffff0, 0x00000007f7c00000| 99%| O|  |TAMS 0x00000007f7bffff0| PB 0x00000007f7a00000| Untracked 
|1706|0x00000007f7c00000, 0x00000007f7e00000, 0x00000007f7e00000|100%| O|  |TAMS 0x00000007f7e00000| PB 0x00000007f7c00000| Untracked 
|1707|0x00000007f7e00000, 0x00000007f7fffff0, 0x00000007f8000000| 99%| O|  |TAMS 0x00000007f7fffff0| PB 0x00000007f7e00000| Untracked 
|1708|0x00000007f8000000, 0x00000007f81fffd8, 0x00000007f8200000| 99%| O|  |TAMS 0x00000007f81fffd8| PB 0x00000007f8000000| Untracked 
|1709|0x00000007f8200000, 0x00000007f83ffff8, 0x00000007f8400000| 99%| O|  |TAMS 0x00000007f83ffff8| PB 0x00000007f8200000| Untracked 
|1710|0x00000007f8400000, 0x00000007f85accd0, 0x00000007f8600000| 83%| O|  |TAMS 0x00000007f85accd0| PB 0x00000007f8400000| Untracked 
|1711|0x00000007f8600000, 0x00000007f872bd88, 0x00000007f8800000| 58%| O|  |TAMS 0x00000007f872bd88| PB 0x00000007f8600000| Untracked 
|1712|0x00000007f8800000, 0x00000007f88b2280, 0x00000007f8a00000| 34%| O|  |TAMS 0x00000007f88b2280| PB 0x00000007f8800000| Untracked 
|1713|0x00000007f8a00000, 0x00000007f8b37c30, 0x00000007f8c00000| 60%| O|  |TAMS 0x00000007f8b37c30| PB 0x00000007f8a00000| Untracked 
|1714|0x00000007f8c00000, 0x00000007f8db0cf8, 0x00000007f8e00000| 84%| O|  |TAMS 0x00000007f8db0cf8| PB 0x00000007f8c00000| Untracked 
|1715|0x00000007f8e00000, 0x00000007f8fad450, 0x00000007f9000000| 83%| O|  |TAMS 0x00000007f8fad450| PB 0x00000007f8e00000| Untracked 
|1716|0x00000007f9000000, 0x00000007f91fffd8, 0x00000007f9200000| 99%| O|  |TAMS 0x00000007f91fffd8| PB 0x00000007f9000000| Untracked 
|1717|0x00000007f9200000, 0x00000007f92ba040, 0x00000007f9400000| 36%| O|  |TAMS 0x00000007f92ba040| PB 0x00000007f9200000| Untracked 
|1718|0x00000007f9400000, 0x00000007f955ace8, 0x00000007f9600000| 67%| O|  |TAMS 0x00000007f955ace8| PB 0x00000007f9400000| Untracked 
|1719|0x00000007f9600000, 0x00000007f96ba2c8, 0x00000007f9800000| 36%| O|  |TAMS 0x00000007f96ba2c8| PB 0x00000007f9600000| Untracked 
|1720|0x00000007f9800000, 0x00000007f9a00000, 0x00000007f9a00000|100%| O|  |TAMS 0x00000007f9a00000| PB 0x00000007f9800000| Untracked 
|1721|0x00000007f9a00000, 0x00000007f9c00000, 0x00000007f9c00000|100%| O|  |TAMS 0x00000007f9c00000| PB 0x00000007f9a00000| Untracked 
|1722|0x00000007f9c00000, 0x00000007f9e00000, 0x00000007f9e00000|100%| O|  |TAMS 0x00000007f9e00000| PB 0x00000007f9c00000| Untracked 
|1723|0x00000007f9e00000, 0x00000007fa000000, 0x00000007fa000000|100%| O|  |TAMS 0x00000007fa000000| PB 0x00000007f9e00000| Untracked 
|1724|0x00000007fa000000, 0x00000007fa200000, 0x00000007fa200000|100%| O|  |TAMS 0x00000007fa200000| PB 0x00000007fa000000| Untracked 
|1725|0x00000007fa200000, 0x00000007fa400000, 0x00000007fa400000|100%| O|  |TAMS 0x00000007fa400000| PB 0x00000007fa200000| Untracked 
|1726|0x00000007fa400000, 0x00000007fa421150, 0x00000007fa600000|  6%| O|  |TAMS 0x00000007fa421150| PB 0x00000007fa400000| Untracked 
|1727|0x00000007fa600000, 0x00000007fa800000, 0x00000007fa800000|100%| O|  |TAMS 0x00000007fa800000| PB 0x00000007fa600000| Untracked 
|1728|0x00000007fa800000, 0x00000007faa00000, 0x00000007faa00000|100%| O|  |TAMS 0x00000007faa00000| PB 0x00000007fa800000| Untracked 
|1729|0x00000007faa00000, 0x00000007fac00000, 0x00000007fac00000|100%| O|  |TAMS 0x00000007fac00000| PB 0x00000007faa00000| Untracked 
|1730|0x00000007fac00000, 0x00000007fae00000, 0x00000007fae00000|100%| O|  |TAMS 0x00000007fae00000| PB 0x00000007fac00000| Untracked 
|1731|0x00000007fae00000, 0x00000007fb000000, 0x00000007fb000000|100%| O|  |TAMS 0x00000007fb000000| PB 0x00000007fae00000| Untracked 
|1732|0x00000007fb000000, 0x00000007fb200000, 0x00000007fb200000|100%| O|  |TAMS 0x00000007fb200000| PB 0x00000007fb000000| Untracked 
|1733|0x00000007fb200000, 0x00000007fb400000, 0x00000007fb400000|100%| O|  |TAMS 0x00000007fb400000| PB 0x00000007fb200000| Untracked 
|1734|0x00000007fb400000, 0x00000007fb600000, 0x00000007fb600000|100%| O|  |TAMS 0x00000007fb600000| PB 0x00000007fb400000| Untracked 
|1735|0x00000007fb600000, 0x00000007fb800000, 0x00000007fb800000|100%| O|  |TAMS 0x00000007fb800000| PB 0x00000007fb600000| Untracked 
|1736|0x00000007fb800000, 0x00000007fba00000, 0x00000007fba00000|100%| O|  |TAMS 0x00000007fba00000| PB 0x00000007fb800000| Untracked 
|1737|0x00000007fba00000, 0x00000007fbc00000, 0x00000007fbc00000|100%| O|  |TAMS 0x00000007fbc00000| PB 0x00000007fba00000| Untracked 
|1738|0x00000007fbc00000, 0x00000007fbe00000, 0x00000007fbe00000|100%| O|  |TAMS 0x00000007fbe00000| PB 0x00000007fbc00000| Untracked 
|1739|0x00000007fbe00000, 0x00000007fc000000, 0x00000007fc000000|100%| O|  |TAMS 0x00000007fc000000| PB 0x00000007fbe00000| Untracked 
|1740|0x00000007fc000000, 0x00000007fc200000, 0x00000007fc200000|100%| O|  |TAMS 0x00000007fc200000| PB 0x00000007fc000000| Untracked 
|1741|0x00000007fc200000, 0x00000007fc400000, 0x00000007fc400000|100%| O|  |TAMS 0x00000007fc400000| PB 0x00000007fc200000| Untracked 
|1742|0x00000007fc400000, 0x00000007fc600000, 0x00000007fc600000|100%| O|  |TAMS 0x00000007fc600000| PB 0x00000007fc400000| Untracked 
|1743|0x00000007fc600000, 0x00000007fc800000, 0x00000007fc800000|100%| O|  |TAMS 0x00000007fc800000| PB 0x00000007fc600000| Untracked 
|1744|0x00000007fc800000, 0x00000007fca00000, 0x00000007fca00000|100%| O|  |TAMS 0x00000007fca00000| PB 0x00000007fc800000| Untracked 
|1745|0x00000007fca00000, 0x00000007fcc00000, 0x00000007fcc00000|100%| O|  |TAMS 0x00000007fcc00000| PB 0x00000007fca00000| Untracked 
|1746|0x00000007fcc00000, 0x00000007fcdfffe0, 0x00000007fce00000| 99%| O|  |TAMS 0x00000007fcdfffe0| PB 0x00000007fcc00000| Untracked 
|1747|0x00000007fce00000, 0x00000007fcfffff0, 0x00000007fd000000| 99%| O|  |TAMS 0x00000007fcfffff0| PB 0x00000007fce00000| Untracked 
|1748|0x00000007fd000000, 0x00000007fd200000, 0x00000007fd200000|100%| O|  |TAMS 0x00000007fd200000| PB 0x00000007fd000000| Untracked 
|1749|0x00000007fd200000, 0x00000007fd3fffe0, 0x00000007fd400000| 99%| O|  |TAMS 0x00000007fd3fffe0| PB 0x00000007fd200000| Untracked 
|1750|0x00000007fd400000, 0x00000007fd600000, 0x00000007fd600000|100%| O|  |TAMS 0x00000007fd600000| PB 0x00000007fd400000| Untracked 
|1751|0x00000007fd600000, 0x00000007fd7ffff8, 0x00000007fd800000| 99%| O|  |TAMS 0x00000007fd7ffff8| PB 0x00000007fd600000| Untracked 
|1752|0x00000007fd800000, 0x00000007fd9ffff8, 0x00000007fda00000| 99%| O|  |TAMS 0x00000007fd9ffff8| PB 0x00000007fd800000| Untracked 
|1753|0x00000007fda00000, 0x00000007fdbffff8, 0x00000007fdc00000| 99%| O|  |TAMS 0x00000007fdbffff8| PB 0x00000007fda00000| Untracked 
|1754|0x00000007fdc00000, 0x00000007fddffff8, 0x00000007fde00000| 99%| O|  |TAMS 0x00000007fddffff8| PB 0x00000007fdc00000| Untracked 
|1755|0x00000007fde00000, 0x00000007fe000000, 0x00000007fe000000|100%| O|  |TAMS 0x00000007fe000000| PB 0x00000007fde00000| Untracked 
|1756|0x00000007fe000000, 0x00000007fe200000, 0x00000007fe200000|100%| O|  |TAMS 0x00000007fe200000| PB 0x00000007fe000000| Untracked 
|1757|0x00000007fe200000, 0x00000007fe400000, 0x00000007fe400000|100%| O|  |TAMS 0x00000007fe400000| PB 0x00000007fe200000| Untracked 
|1758|0x00000007fe400000, 0x00000007fe5fffe8, 0x00000007fe600000| 99%| O|  |TAMS 0x00000007fe5fffe8| PB 0x00000007fe400000| Untracked 
|1759|0x00000007fe600000, 0x00000007fe7ffff8, 0x00000007fe800000| 99%| O|  |TAMS 0x00000007fe7ffff8| PB 0x00000007fe600000| Untracked 
|1760|0x00000007fe800000, 0x00000007fea00000, 0x00000007fea00000|100%| O|  |TAMS 0x00000007fea00000| PB 0x00000007fe800000| Untracked 
|1761|0x00000007fea00000, 0x00000007fec00000, 0x00000007fec00000|100%| O|  |TAMS 0x00000007fec00000| PB 0x00000007fea00000| Untracked 
|1762|0x00000007fec00000, 0x00000007fee00000, 0x00000007fee00000|100%| O|  |TAMS 0x00000007fee00000| PB 0x00000007fec00000| Untracked 
|1763|0x00000007fee00000, 0x00000007feffffe0, 0x00000007ff000000| 99%| O|  |TAMS 0x00000007feffffe0| PB 0x00000007fee00000| Untracked 
|1764|0x00000007ff000000, 0x00000007ff200000, 0x00000007ff200000|100%| O|  |TAMS 0x00000007ff200000| PB 0x00000007ff000000| Untracked 
|1765|0x00000007ff200000, 0x00000007ff3ffff8, 0x00000007ff400000| 99%| O|  |TAMS 0x00000007ff3ffff8| PB 0x00000007ff200000| Untracked 
|1766|0x00000007ff400000, 0x00000007ff5ffff0, 0x00000007ff600000| 99%| O|  |TAMS 0x00000007ff5ffff0| PB 0x00000007ff400000| Untracked 
|1767|0x00000007ff600000, 0x00000007ff7fffc8, 0x00000007ff800000| 99%| O|  |TAMS 0x00000007ff7fffc8| PB 0x00000007ff600000| Untracked 
|1768|0x00000007ff800000, 0x00000007ffa00000, 0x00000007ffa00000|100%| O|  |TAMS 0x00000007ffa00000| PB 0x00000007ff800000| Untracked 
|1769|0x00000007ffa00000, 0x00000007ffc00000, 0x00000007ffc00000|100%| O|  |TAMS 0x00000007ffc00000| PB 0x00000007ffa00000| Untracked 
|1770|0x00000007ffc00000, 0x00000007ffe00000, 0x00000007ffe00000|100%| O|  |TAMS 0x00000007ffe00000| PB 0x00000007ffc00000| Untracked 
|1771|0x00000007ffe00000, 0x0000000800000000, 0x0000000800000000|100%| O|  |TAMS 0x0000000800000000| PB 0x00000007ffe00000| Untracked 

Card table byte_map: [0x0000016312500000,0x0000016312bf0000] _byte_map_base: 0x000001630ebec000

Marking Bits: (CMBitMap*) 0x000001630e1ece70
 Bits: [0x0000016312bf0000, 0x0000016316350000)

Polling page: 0x0000016303790000

Metaspace:

Usage:
  Non-class:    117.32 MB used.
      Class:     19.09 MB used.
       Both:    136.41 MB used.

Virtual space:
  Non-class space:      128.00 MB reserved,     118.06 MB ( 92%) committed,  2 nodes.
      Class space:        1.00 GB reserved,      19.62 MB (  2%) committed,  1 nodes.
             Both:        1.12 GB reserved,     137.69 MB ( 12%) committed. 

Chunk freelists:
   Non-Class:  10.13 MB
       Class:  12.45 MB
        Both:  22.58 MB

MaxMetaspaceSize: unlimited
CompressedClassSpaceSize: 1.00 GB
Initial GC threshold: 21.00 MB
Current GC threshold: 229.50 MB
CDS: on
 - commit_granule_bytes: 65536.
 - commit_granule_words: 8192.
 - virtual_space_node_default_size: 8388608.
 - enlarge_chunks_in_place: 1.
 - use_allocation_guard: 0.


Internal statistics:

num_allocs_failed_limit: 11.
num_arena_births: 2202.
num_arena_deaths: 988.
num_vsnodes_births: 3.
num_vsnodes_deaths: 0.
num_space_committed: 2203.
num_space_uncommitted: 0.
num_chunks_returned_to_freelist: 1168.
num_chunks_taken_from_freelist: 7705.
num_chunk_merges: 288.
num_chunk_splits: 5267.
num_chunks_enlarged: 4126.
num_inconsistent_stats: 0.

CodeCache: size=49152Kb used=4997Kb max_used=23283Kb free=44154Kb
 bounds [0x000001630e310000, 0x000001630f9d0000, 0x0000016311310000]
 total_blobs=2819, nmethods=1907, adapters=834, full_count=0
Compilation: enabled, stopped_count=0, restarted_count=0

Compilation events (20 events):
Event: 2177.810 Thread 0x000001635a125850 16085       1       java.lang.invoke.Invokers::maybeCustomize (5 bytes)
Event: 2177.810 Thread 0x000001635a125850 nmethod 16085 0x000001630ea8f190 code [0x000001630ea8f340, 0x000001630ea8f420]
Event: 2177.810 Thread 0x000001635a125850 16086       1       java.lang.invoke.LambdaForm$MH/0x000001631a1e5400::invoke (36 bytes)
Event: 2177.812 Thread 0x000001635a125850 nmethod 16086 0x000001630ea8ea10 code [0x000001630ea8ebe0, 0x000001630ea8ee70]
Event: 2177.813 Thread 0x000001635a125850 16087       1       java.util.HashMap::entrySet (27 bytes)
Event: 2177.813 Thread 0x000001635a125850 nmethod 16087 0x000001630ea8e490 code [0x000001630ea8e640, 0x000001630ea8e868]
Event: 2178.597 Thread 0x000001635a125850 16088       1       java.util.HashMap$EntrySet::iterator (12 bytes)
Event: 2178.597 Thread 0x000001635a125850 nmethod 16088 0x000001630ea8e090 code [0x000001630ea8e240, 0x000001630ea8e3a0]
Event: 2179.701 Thread 0x000001635a125850 16089       1       java.util.concurrent.locks.ReentrantReadWriteLock::readLock (5 bytes)
Event: 2179.702 Thread 0x000001635a125850 nmethod 16089 0x000001630e424910 code [0x000001630e424aa0, 0x000001630e424b70]
Event: 2179.702 Thread 0x000001635a125850 16090       1       java.util.concurrent.locks.ReentrantReadWriteLock::readLock (5 bytes)
Event: 2179.702 Thread 0x000001635a125850 nmethod 16090 0x000001630ea8dd90 code [0x000001630ea8df20, 0x000001630ea8dff0]
Event: 2181.337 Thread 0x000001635a125850 16091       1       java.util.TreeMap::rotateRight (96 bytes)
Event: 2181.337 Thread 0x000001635a125850 nmethod 16091 0x000001630ea8d490 code [0x000001630ea8d660, 0x000001630ea8dab0]
Event: 2181.768 Thread 0x000001635a125850 16092       1       java.io.File::equals (28 bytes)
Event: 2181.769 Thread 0x000001635a125850 nmethod 16092 0x000001630ea8ce10 code [0x000001630ea8cfc0, 0x000001630ea8d1c8]
Event: 2181.769 Thread 0x000001635a125850 16093       1       java.io.File::compareTo (9 bytes)
Event: 2181.770 Thread 0x000001635a125850 nmethod 16093 0x000001630ea8c910 code [0x000001630ea8cac0, 0x000001630ea8cbf8]
Event: 2181.770 Thread 0x000001635a125850 16094       1       java.io.WinNTFileSystem::compare (12 bytes)
Event: 2181.770 Thread 0x000001635a125850 nmethod 16094 0x000001630ea8c410 code [0x000001630ea8c5c0, 0x000001630ea8c700]

GC Heap History (20 events):
Event: 2166.055 GC heap after
{Heap after GC invocations=126 (full 21):
 garbage-first heap   total 3629056K, used 2922400K [0x0000000722800000, 0x0000000800000000)
  region size 2048K, 37 young (75776K), 37 survivors (75776K)
 Metaspace       used 139718K, committed 140992K, reserved 1179648K
  class space    used 19558K, committed 20096K, reserved 1048576K
}
Event: 2169.170 GC heap before
{Heap before GC invocations=126 (full 21):
 garbage-first heap   total 3629056K, used 3237792K [0x0000000722800000, 0x0000000800000000)
  region size 2048K, 191 young (391168K), 37 survivors (75776K)
 Metaspace       used 139718K, committed 140992K, reserved 1179648K
  class space    used 19558K, committed 20096K, reserved 1048576K
}
Event: 2169.284 GC heap after
{Heap after GC invocations=127 (full 21):
 garbage-first heap   total 3629056K, used 3119008K [0x0000000722800000, 0x0000000800000000)
  region size 2048K, 24 young (49152K), 24 survivors (49152K)
 Metaspace       used 139718K, committed 140992K, reserved 1179648K
  class space    used 19558K, committed 20096K, reserved 1048576K
}
Event: 2171.738 GC heap before
{Heap before GC invocations=127 (full 21):
 garbage-first heap   total 3629056K, used 3319712K [0x0000000722800000, 0x0000000800000000)
  region size 2048K, 130 young (266240K), 24 survivors (49152K)
 Metaspace       used 139714K, committed 140992K, reserved 1179648K
  class space    used 19557K, committed 20096K, reserved 1048576K
}
Event: 2171.862 GC heap after
{Heap after GC invocations=128 (full 21):
 garbage-first heap   total 3629056K, used 3239840K [0x0000000722800000, 0x0000000800000000)
  region size 2048K, 17 young (34816K), 17 survivors (34816K)
 Metaspace       used 139714K, committed 140992K, reserved 1179648K
  class space    used 19557K, committed 20096K, reserved 1048576K
}
Event: 2173.261 GC heap before
{Heap before GC invocations=129 (full 21):
 garbage-first heap   total 3629056K, used 3436448K [0x0000000722800000, 0x0000000800000000)
  region size 2048K, 95 young (194560K), 17 survivors (34816K)
 Metaspace       used 139714K, committed 140992K, reserved 1179648K
  class space    used 19557K, committed 20096K, reserved 1048576K
}
Event: 2173.332 GC heap after
{Heap after GC invocations=130 (full 21):
 garbage-first heap   total 3629056K, used 3380128K [0x0000000722800000, 0x0000000800000000)
  region size 2048K, 12 young (24576K), 12 survivors (24576K)
 Metaspace       used 139714K, committed 140992K, reserved 1179648K
  class space    used 19557K, committed 20096K, reserved 1048576K
}
Event: 2174.864 GC heap before
{Heap before GC invocations=130 (full 21):
 garbage-first heap   total 3629056K, used 3535776K [0x0000000722800000, 0x0000000800000000)
  region size 2048K, 88 young (180224K), 12 survivors (24576K)
 Metaspace       used 139714K, committed 140992K, reserved 1179648K
  class space    used 19557K, committed 20096K, reserved 1048576K
}
Event: 2174.937 GC heap after
{Heap after GC invocations=131 (full 21):
 garbage-first heap   total 3629056K, used 3533728K [0x0000000722800000, 0x0000000800000000)
  region size 2048K, 11 young (22528K), 11 survivors (22528K)
 Metaspace       used 139714K, committed 140992K, reserved 1179648K
  class space    used 19557K, committed 20096K, reserved 1048576K
}
Event: 2175.870 GC heap before
{Heap before GC invocations=131 (full 21):
 garbage-first heap   total 3629056K, used 3621792K [0x0000000722800000, 0x0000000800000000)
  region size 2048K, 54 young (110592K), 11 survivors (22528K)
 Metaspace       used 139714K, committed 140992K, reserved 1179648K
  class space    used 19557K, committed 20096K, reserved 1048576K
}
Event: 2175.926 GC heap after
{Heap after GC invocations=132 (full 21):
 garbage-first heap   total 3629056K, used 3621792K [0x0000000722800000, 0x0000000800000000)
  region size 2048K, 0 young (0K), 0 survivors (0K)
 Metaspace       used 139714K, committed 140992K, reserved 1179648K
  class space    used 19557K, committed 20096K, reserved 1048576K
}
Event: 2175.927 GC heap before
{Heap before GC invocations=132 (full 21):
 garbage-first heap   total 3629056K, used 3621792K [0x0000000722800000, 0x0000000800000000)
  region size 2048K, 0 young (0K), 0 survivors (0K)
 Metaspace       used 139714K, committed 140992K, reserved 1179648K
  class space    used 19557K, committed 20096K, reserved 1048576K
}
Event: 2177.796 GC heap after
{Heap after GC invocations=133 (full 22):
 garbage-first heap   total 3629056K, used 3468759K [0x0000000722800000, 0x0000000800000000)
  region size 2048K, 0 young (0K), 0 survivors (0K)
 Metaspace       used 139685K, committed 140992K, reserved 1179648K
  class space    used 19548K, committed 20096K, reserved 1048576K
}
Event: 2179.709 GC heap before
{Heap before GC invocations=133 (full 22):
 garbage-first heap   total 3629056K, used 3620311K [0x0000000722800000, 0x0000000800000000)
  region size 2048K, 74 young (151552K), 0 survivors (0K)
 Metaspace       used 139685K, committed 140992K, reserved 1179648K
  class space    used 19548K, committed 20096K, reserved 1048576K
}
Event: 2179.780 GC heap after
{Heap after GC invocations=134 (full 22):
 garbage-first heap   total 3629056K, used 3620311K [0x0000000722800000, 0x0000000800000000)
  region size 2048K, 0 young (0K), 0 survivors (0K)
 Metaspace       used 139685K, committed 140992K, reserved 1179648K
  class space    used 19548K, committed 20096K, reserved 1048576K
}
Event: 2179.780 GC heap before
{Heap before GC invocations=134 (full 22):
 garbage-first heap   total 3629056K, used 3620311K [0x0000000722800000, 0x0000000800000000)
  region size 2048K, 0 young (0K), 0 survivors (0K)
 Metaspace       used 139685K, committed 140992K, reserved 1179648K
  class space    used 19548K, committed 20096K, reserved 1048576K
}
Event: 2181.332 GC heap after
{Heap after GC invocations=135 (full 23):
 garbage-first heap   total 3629056K, used 3560373K [0x0000000722800000, 0x0000000800000000)
  region size 2048K, 0 young (0K), 0 survivors (0K)
 Metaspace       used 139685K, committed 140992K, reserved 1179648K
  class space    used 19548K, committed 20096K, reserved 1048576K
}
Event: 2182.015 GC heap before
{Heap before GC invocations=135 (full 23):
 garbage-first heap   total 3629056K, used 3619765K [0x0000000722800000, 0x0000000800000000)
  region size 2048K, 29 young (59392K), 0 survivors (0K)
 Metaspace       used 139685K, committed 140992K, reserved 1179648K
  class space    used 19548K, committed 20096K, reserved 1048576K
}
Event: 2182.039 GC heap after
{Heap after GC invocations=136 (full 23):
 garbage-first heap   total 3629056K, used 3619765K [0x0000000722800000, 0x0000000800000000)
  region size 2048K, 0 young (0K), 0 survivors (0K)
 Metaspace       used 139685K, committed 140992K, reserved 1179648K
  class space    used 19548K, committed 20096K, reserved 1048576K
}
Event: 2182.040 GC heap before
{Heap before GC invocations=136 (full 23):
 garbage-first heap   total 3629056K, used 3619765K [0x0000000722800000, 0x0000000800000000)
  region size 2048K, 0 young (0K), 0 survivors (0K)
 Metaspace       used 139685K, committed 140992K, reserved 1179648K
  class space    used 19548K, committed 20096K, reserved 1048576K
}

Dll operation events (11 events):
Event: 0.089 Loaded shared library C:\Users\jmmo0722\.gradle\jdks\eclipse_adoptium-21-amd64-windows.2\bin\java.dll
Event: 0.107 Loaded shared library C:\Users\jmmo0722\.gradle\jdks\eclipse_adoptium-21-amd64-windows.2\bin\zip.dll
Event: 4.409 Loaded shared library C:\Users\jmmo0722\.gradle\jdks\eclipse_adoptium-21-amd64-windows.2\bin\instrument.dll
Event: 4.866 Loaded shared library C:\Users\jmmo0722\.gradle\jdks\eclipse_adoptium-21-amd64-windows.2\bin\net.dll
Event: 4.876 Loaded shared library C:\Users\jmmo0722\.gradle\jdks\eclipse_adoptium-21-amd64-windows.2\bin\nio.dll
Event: 4.901 Loaded shared library C:\Users\jmmo0722\.gradle\jdks\eclipse_adoptium-21-amd64-windows.2\bin\zip.dll
Event: 6.838 Loaded shared library C:\Users\jmmo0722\.gradle\jdks\eclipse_adoptium-21-amd64-windows.2\bin\jimage.dll
Event: 8.830 Loaded shared library C:\Users\jmmo0722\.gradle\jdks\eclipse_adoptium-21-amd64-windows.2\bin\management.dll
Event: 8.895 Loaded shared library C:\Users\jmmo0722\.gradle\jdks\eclipse_adoptium-21-amd64-windows.2\bin\management_ext.dll
Event: 9.649 Loaded shared library C:\Users\jmmo0722\.gradle\jdks\eclipse_adoptium-21-amd64-windows.2\bin\extnet.dll
Event: 15.921 Loaded shared library C:\Users\jmmo0722\.gradle\jdks\eclipse_adoptium-21-amd64-windows.2\bin\sunmscapi.dll

Deoptimization events (20 events):
Event: 2153.606 Thread 0x000001636e55caa0 DEOPT PACKING pc=0x000001630f399bfc sp=0x0000001b0c8ff090
Event: 2153.606 Thread 0x000001636e55caa0 DEOPT UNPACKING pc=0x000001630e364bc2 sp=0x0000001b0c8fe548 mode 1
Event: 2153.606 Thread 0x000001636e55caa0 DEOPT PACKING pc=0x000001630f42b754 sp=0x0000001b0c8ff110
Event: 2153.606 Thread 0x000001636e55caa0 DEOPT UNPACKING pc=0x000001630e364bc2 sp=0x0000001b0c8fe630 mode 1
Event: 2153.607 Thread 0x000001636e55caa0 DEOPT PACKING pc=0x000001630f6f163c sp=0x0000001b0c8ff2d0
Event: 2153.607 Thread 0x000001636e55caa0 DEOPT UNPACKING pc=0x000001630e364bc2 sp=0x0000001b0c8fe780 mode 1
Event: 2169.844 Thread 0x000001636e55caa0 DEOPT PACKING pc=0x000001630f6a1b0c sp=0x0000001b0c8fed40
Event: 2169.844 Thread 0x000001636e55caa0 DEOPT UNPACKING pc=0x000001630e364bc2 sp=0x0000001b0c8fe1f8 mode 1
Event: 2169.844 Thread 0x000001636e55caa0 DEOPT PACKING pc=0x000001630f394ed4 sp=0x0000001b0c8fedf0
Event: 2169.844 Thread 0x000001636e55caa0 DEOPT UNPACKING pc=0x000001630e364bc2 sp=0x0000001b0c8fe330 mode 1
Event: 2169.844 Thread 0x000001636e55caa0 DEOPT PACKING pc=0x000001630f39325c sp=0x0000001b0c8fef10
Event: 2169.844 Thread 0x000001636e55caa0 DEOPT UNPACKING pc=0x000001630e364bc2 sp=0x0000001b0c8fe458 mode 1
Event: 2169.844 Thread 0x000001636e55caa0 DEOPT PACKING pc=0x000001630f3997b4 sp=0x0000001b0c8ff030
Event: 2169.844 Thread 0x000001636e55caa0 DEOPT UNPACKING pc=0x000001630e364bc2 sp=0x0000001b0c8fe4d8 mode 1
Event: 2169.844 Thread 0x000001636e55caa0 DEOPT PACKING pc=0x000001630f399bfc sp=0x0000001b0c8ff090
Event: 2169.844 Thread 0x000001636e55caa0 DEOPT UNPACKING pc=0x000001630e364bc2 sp=0x0000001b0c8fe548 mode 1
Event: 2169.844 Thread 0x000001636e55caa0 DEOPT PACKING pc=0x000001630f42b754 sp=0x0000001b0c8ff110
Event: 2169.844 Thread 0x000001636e55caa0 DEOPT UNPACKING pc=0x000001630e364bc2 sp=0x0000001b0c8fe630 mode 1
Event: 2169.845 Thread 0x000001636e55caa0 DEOPT PACKING pc=0x000001630f6f163c sp=0x0000001b0c8ff2d0
Event: 2169.845 Thread 0x000001636e55caa0 DEOPT UNPACKING pc=0x000001630e364bc2 sp=0x0000001b0c8fe780 mode 1

Classes loaded (20 events):
Event: 2140.153 Loading class org/springframework/dao/support/PersistenceExceptionTranslator
Event: 2140.153 Loading class org/springframework/dao/support/PersistenceExceptionTranslator done
Event: 2140.153 Loading class org/springframework/dao/support/PersistenceExceptionTranslator
Event: 2140.153 Loading class org/springframework/dao/support/PersistenceExceptionTranslator done
Event: 2140.174 Loading class org/springframework/dao/support/DataAccessUtils
Event: 2140.174 Loading class org/springframework/dao/support/DataAccessUtils done
Event: 2140.180 Loading class org/springframework/dao/TypeMismatchDataAccessException
Event: 2140.180 Loading class org/springframework/dao/TypeMismatchDataAccessException done
Event: 2140.188 Loading class ch/qos/logback/classic/spi/ThrowableProxy
Event: 2140.188 Loading class ch/qos/logback/classic/spi/ThrowableProxy done
Event: 2140.222 Loading class ch/qos/logback/classic/spi/StackTraceElementProxy
Event: 2140.222 Loading class ch/qos/logback/classic/spi/StackTraceElementProxy done
Event: 2140.230 Loading class ch/qos/logback/classic/spi/ThrowableProxyUtil
Event: 2140.230 Loading class ch/qos/logback/classic/spi/ThrowableProxyUtil done
Event: 2140.367 Loading class ch/qos/logback/classic/spi/PackagingDataCalculator
Event: 2140.367 Loading class ch/qos/logback/classic/spi/PackagingDataCalculator done
Event: 2140.372 Loading class ch/qos/logback/classic/spi/STEUtil
Event: 2140.372 Loading class ch/qos/logback/classic/spi/STEUtil done
Event: 2140.376 Loading class ch/qos/logback/classic/spi/ClassPackagingData
Event: 2140.376 Loading class ch/qos/logback/classic/spi/ClassPackagingData done

Classes unloaded (20 events):
Event: 2115.317 Thread 0x000001635a0e29c0 Unloading class 0x000001631b2a8c00 'java/lang/invoke/LambdaForm$MH+0x000001631b2a8c00'
Event: 2152.729 Thread 0x000001635a0e29c0 Unloading class 0x000001631b3a8400 'java/lang/invoke/LambdaForm$MH+0x000001631b3a8400'
Event: 2171.447 Thread 0x000001635a0e29c0 Unloading class 0x000001631b3a4c00 'java/lang/invoke/LambdaForm$MH+0x000001631b3a4c00'
Event: 2171.447 Thread 0x000001635a0e29c0 Unloading class 0x000001631b3a8800 'java/lang/invoke/LambdaForm$MH+0x000001631b3a8800'
Event: 2177.103 Thread 0x000001635a0e29c0 Unloading class 0x000001631b278800 'java/lang/invoke/LambdaForm$MH+0x000001631b278800'
Event: 2177.103 Thread 0x000001635a0e29c0 Unloading class 0x000001631b294800 'java/lang/invoke/LambdaForm$MH+0x000001631b294800'
Event: 2177.103 Thread 0x000001635a0e29c0 Unloading class 0x000001631b2a0400 'java/lang/invoke/LambdaForm$MH+0x000001631b2a0400'
Event: 2177.103 Thread 0x000001635a0e29c0 Unloading class 0x000001631b2a2800 'java/lang/invoke/LambdaForm$MH+0x000001631b2a2800'
Event: 2177.103 Thread 0x000001635a0e29c0 Unloading class 0x000001631b2a4c00 'java/lang/invoke/LambdaForm$MH+0x000001631b2a4c00'
Event: 2177.103 Thread 0x000001635a0e29c0 Unloading class 0x000001631b079c00 'java/lang/invoke/LambdaForm$MH+0x000001631b079c00'
Event: 2177.103 Thread 0x000001635a0e29c0 Unloading class 0x000001631ad91000 'java/lang/invoke/LambdaForm$MH+0x000001631ad91000'
Event: 2177.103 Thread 0x000001635a0e29c0 Unloading class 0x000001631aa94800 'java/lang/invoke/LambdaForm$MH+0x000001631aa94800'
Event: 2177.103 Thread 0x000001635a0e29c0 Unloading class 0x000001631b369000 'java/lang/invoke/LambdaForm$MH+0x000001631b369000'
Event: 2177.103 Thread 0x000001635a0e29c0 Unloading class 0x000001631b37d000 'java/lang/invoke/LambdaForm$MH+0x000001631b37d000'
Event: 2177.103 Thread 0x000001635a0e29c0 Unloading class 0x000001631b37f000 'java/lang/invoke/LambdaForm$MH+0x000001631b37f000'
Event: 2177.103 Thread 0x000001635a0e29c0 Unloading class 0x000001631b38b000 'java/lang/invoke/LambdaForm$MH+0x000001631b38b000'
Event: 2177.103 Thread 0x000001635a0e29c0 Unloading class 0x000001631b390000 'java/lang/invoke/LambdaForm$MH+0x000001631b390000'
Event: 2177.103 Thread 0x000001635a0e29c0 Unloading class 0x000001631b390c00 'java/lang/invoke/LambdaForm$MH+0x000001631b390c00'
Event: 2177.103 Thread 0x000001635a0e29c0 Unloading class 0x000001631b391400 'java/lang/invoke/LambdaForm$MH+0x000001631b391400'
Event: 2177.103 Thread 0x000001635a0e29c0 Unloading class 0x000001631b3a4400 'java/lang/invoke/LambdaForm$MH+0x000001631b3a4400'

Classes redefined (1 events):
Event: 8.656 Thread 0x000001635a0e29c0 redefined class name=java.lang.Throwable, count=1

Internal exceptions (20 events):
Event: 2078.426 Thread 0x000001636f4e7290 Exception <a 'java/lang/NoSuchMethodError'{0x000000073198f4a0}: 'double java.lang.invoke.DirectMethodHandle$Holder.invokeStaticInit(java.lang.Object, double)'> (0x000000073198f4a0) 
thrown [s\src\hotspot\share\interpreter\linkResolver.cpp, line 773]
Event: 2078.617 Thread 0x000001636f4e7290 Exception <a 'java/lang/IncompatibleClassChangeError'{0x00000007311389b0}: Found class java.lang.Object, but interface was expected> (0x00000007311389b0) 
thrown [s\src\hotspot\share\interpreter\linkResolver.cpp, line 840]
Event: 2078.617 Thread 0x000001636f4ea080 Exception <a 'java/lang/IncompatibleClassChangeError'{0x00000007311ab340}: Found class java.lang.Object, but interface was expected> (0x00000007311ab340) 
thrown [s\src\hotspot\share\interpreter\linkResolver.cpp, line 840]
Event: 2078.634 Thread 0x000001636f4e7290 Exception <a 'java/lang/NoSuchMethodError'{0x0000000731157128}: 'java.lang.Object java.lang.invoke.DirectMethodHandle$Holder.invokeStatic(java.lang.Object, java.lang.Object, java.lang.Object, java.lang.Object, java.lang.Object, java.lang.Object, java.lang.Object, java.lang.Object, java.lang.Object, int)'> (0x0000000731157128) 
thrown [s\src\hotspot\share\interpreter\linkResolver.cpp, line 773]
Event: 2078.634 Thread 0x000001636f4ea080 Exception <a 'java/lang/NoSuchMethodError'{0x0000000730e06bb8}: 'java.lang.Object java.lang.invoke.DirectMethodHandle$Holder.invokeStatic(java.lang.Object, java.lang.Object, java.lang.Object, java.lang.Object, java.lang.Object, java.lang.Object, java.lang.Object, java.lang.Object, java.lang.Object, int)'> (0x0000000730e06bb8) 
thrown [s\src\hotspot\share\interpreter\linkResolver.cpp, line 773]
Event: 2078.635 Thread 0x000001636f4ea080 Exception <a 'java/lang/NoSuchMethodError'{0x0000000730e0fde8}: 'java.lang.Object java.lang.invoke.DirectMethodHandle$Holder.invokeStatic(java.lang.Object, java.lang.Object, java.lang.Object, java.lang.Object, java.lang.Object, java.lang.Object, java.lang.Object, java.lang.Object, java.lang.Object, java.lang.Object, int)'> (0x0000000730e0fde8) 
thrown [s\src\hotspot\share\interpreter\linkResolver.cpp, line 773]
Event: 2078.635 Thread 0x000001636f4e7290 Exception <a 'java/lang/NoSuchMethodError'{0x0000000731161918}: 'java.lang.Object java.lang.invoke.DirectMethodHandle$Holder.invokeStatic(java.lang.Object, java.lang.Object, java.lang.Object, java.lang.Object, java.lang.Object, java.lang.Object, java.lang.Object, java.lang.Object, java.lang.Object, java.lang.Object, int)'> (0x0000000731161918) 
thrown [s\src\hotspot\share\interpreter\linkResolver.cpp, line 773]
Event: 2078.636 Thread 0x000001636f4e7290 Exception <a 'java/lang/NoSuchMethodError'{0x000000073116a0d8}: 'java.lang.Object java.lang.invoke.DirectMethodHandle$Holder.invokeStatic(java.lang.Object, java.lang.Object, java.lang.Object, java.lang.Object, java.lang.Object, java.lang.Object, java.lang.Object, java.lang.Object, int)'> (0x000000073116a0d8) 
thrown [s\src\hotspot\share\interpreter\linkResolver.cpp, line 773]
Event: 2078.636 Thread 0x000001636f4ea080 Exception <a 'java/lang/NoSuchMethodError'{0x0000000730e1a870}: 'java.lang.Object java.lang.invoke.DirectMethodHandle$Holder.invokeStatic(java.lang.Object, java.lang.Object, java.lang.Object, java.lang.Object, java.lang.Object, java.lang.Object, java.lang.Object, java.lang.Object, int)'> (0x0000000730e1a870) 
thrown [s\src\hotspot\share\interpreter\linkResolver.cpp, line 773]
Event: 2078.711 Thread 0x000001636f4e7290 Exception <a 'java/lang/NoSuchMethodError'{0x0000000730d25fa8}: 'void java.lang.invoke.DirectMethodHandle$Holder.invokeStatic(java.lang.Object, java.lang.Object, int, int, java.lang.Object)'> (0x0000000730d25fa8) 
thrown [s\src\hotspot\share\interpreter\linkResolver.cpp, line 773]
Event: 2078.711 Thread 0x000001636f4ea080 Exception <a 'java/lang/NoSuchMethodError'{0x0000000730cff6c0}: 'void java.lang.invoke.DirectMethodHandle$Holder.invokeStatic(java.lang.Object, java.lang.Object, int, int, java.lang.Object)'> (0x0000000730cff6c0) 
thrown [s\src\hotspot\share\interpreter\linkResolver.cpp, line 773]
Event: 2078.728 Thread 0x000001636f4e7290 Exception <a 'java/lang/NoSuchMethodError'{0x0000000730dec700}: 'void java.lang.invoke.DirectMethodHandle$Holder.invokeSpecialIFC(java.lang.Object, java.lang.Object, int, java.lang.Object, java.lang.Object, java.lang.Object, java.lang.Object)'> (0x0000000730dec700) 
thrown [s\src\hotspot\share\interpreter\linkResolver.cpp, line 773]
Event: 2078.728 Thread 0x000001636f4ea080 Exception <a 'java/lang/NoSuchMethodError'{0x0000000730d85290}: 'void java.lang.invoke.DirectMethodHandle$Holder.invokeSpecialIFC(java.lang.Object, java.lang.Object, int, java.lang.Object, java.lang.Object, java.lang.Object, java.lang.Object)'> (0x0000000730d85290) 
thrown [s\src\hotspot\share\interpreter\linkResolver.cpp, line 773]
Event: 2129.157 Thread 0x000001636f4ea080 Exception <a 'java/lang/OutOfMemoryError'{0x000000072379fb60}> (0x000000072379fb60) 
thrown [s\src\hotspot\share\gc\shared\memAllocator.cpp, line 136]
Event: 2137.501 Thread 0x000001636ee609d0 Exception <a 'java/lang/OutOfMemoryError'{0x000000072379fe38}> (0x000000072379fe38) 
thrown [s\src\hotspot\share\gc\shared\memAllocator.cpp, line 136]
Event: 2140.082 Thread 0x000001636f4ea080 Exception <a 'java/lang/NoSuchMethodError'{0x00000007fac4e278}: 'java.lang.Object java.lang.invoke.DirectMethodHandle$Holder.newInvokeSpecial(java.lang.Object, java.lang.Object, java.lang.Object, long)'> (0x00000007fac4e278) 
thrown [s\src\hotspot\share\interpreter\linkResolver.cpp, line 773]
Event: 2140.084 Thread 0x000001636f4ea080 Exception <a 'java/lang/NoSuchMethodError'{0x00000007fac9c2e8}: 'java.lang.Object java.lang.invoke.DirectMethodHandle$Holder.invokeSpecial(java.lang.Object, java.lang.Object, java.lang.Object, java.lang.Object, long)'> (0x00000007fac9c2e8) 
thrown [s\src\hotspot\share\interpreter\linkResolver.cpp, line 773]
Event: 2140.086 Thread 0x000001636f4ea080 Exception <a 'java/lang/NoSuchMethodError'{0x00000007faccf470}: 'java.lang.Object java.lang.invoke.Invokers$Holder.linkToTargetMethod(java.lang.Object, java.lang.Object, long, java.lang.Object)'> (0x00000007faccf470) 
thrown [s\src\hotspot\share\interpreter\linkResolver.cpp, line 773]
Event: 2140.433 Thread 0x000001636f4ea080 Exception <a 'java/lang/ClassNotFoundException'{0x00000007f9c5d070}: org.hibernate.query.sqm.internal.ConcreteSqmSelectQueryPlan$$Lambda/0x000001631b3966b0> (0x00000007f9c5d070) 
thrown [s\src\hotspot\share\prims\jni.cpp, line 539]
Event: 2140.433 Thread 0x000001636f4ea080 Exception <a 'java/lang/ClassNotFoundException'{0x00000007f9c5d428}: org.hibernate.query.sqm.internal.ConcreteSqmSelectQueryPlan$$Lambda/0x000001631b3966b0> (0x00000007f9c5d428) 
thrown [s\src\hotspot\share\prims\jni.cpp, line 539]

ZGC Phase Switch (0 events):
No events

VM Operations (20 events):
Event: 2169.069 Executing VM operation: Cleanup done
Event: 2169.170 Executing VM operation: G1CollectForAllocation (G1 Evacuation Pause)
Event: 2169.284 Executing VM operation: G1CollectForAllocation (G1 Evacuation Pause) done
Event: 2171.445 Executing VM operation: G1PauseRemark
Event: 2171.472 Executing VM operation: G1PauseRemark done
Event: 2171.737 Executing VM operation: G1CollectForAllocation (G1 Evacuation Pause)
Event: 2171.862 Executing VM operation: G1CollectForAllocation (G1 Evacuation Pause) done
Event: 2172.552 Executing VM operation: G1PauseCleanup
Event: 2172.555 Executing VM operation: G1PauseCleanup done
Event: 2173.261 Executing VM operation: G1CollectForAllocation (G1 Evacuation Pause)
Event: 2173.332 Executing VM operation: G1CollectForAllocation (G1 Evacuation Pause) done
Event: 2174.338 Executing VM operation: Cleanup
Event: 2174.338 Executing VM operation: Cleanup done
Event: 2174.864 Executing VM operation: G1CollectForAllocation (G1 Evacuation Pause)
Event: 2174.937 Executing VM operation: G1CollectForAllocation (G1 Evacuation Pause) done
Event: 2175.870 Executing VM operation: G1CollectForAllocation (G1 Evacuation Pause)
Event: 2177.796 Executing VM operation: G1CollectForAllocation (G1 Evacuation Pause) done
Event: 2179.709 Executing VM operation: G1CollectForAllocation (G1 Evacuation Pause)
Event: 2181.332 Executing VM operation: G1CollectForAllocation (G1 Evacuation Pause) done
Event: 2182.015 Executing VM operation: G1CollectForAllocation (G1 Evacuation Pause)

Memory protections (0 events):
No events

Nmethod flushes (20 events):
Event: 2127.267 Thread 0x000001635a0e29c0 flushing  nmethod 0x000001630e895f10
Event: 2127.267 Thread 0x000001635a0e29c0 flushing  nmethod 0x000001630e8a4b10
Event: 2127.267 Thread 0x000001635a0e29c0 flushing  nmethod 0x000001630e8aa090
Event: 2127.267 Thread 0x000001635a0e29c0 flushing  nmethod 0x000001630f0f3e10
Event: 2127.268 Thread 0x000001635a0e29c0 flushing  nmethod 0x000001630f0f4790
Event: 2127.268 Thread 0x000001635a0e29c0 flushing  nmethod 0x000001630f0f6210
Event: 2127.268 Thread 0x000001635a0e29c0 flushing  nmethod 0x000001630f0f6a10
Event: 2127.268 Thread 0x000001635a0e29c0 flushing  nmethod 0x000001630f0f6e10
Event: 2127.268 Thread 0x000001635a0e29c0 flushing  nmethod 0x000001630f0f9410
Event: 2127.268 Thread 0x000001635a0e29c0 flushing  nmethod 0x000001630f0f9810
Event: 2127.268 Thread 0x000001635a0e29c0 flushing  nmethod 0x000001630f0fa510
Event: 2127.268 Thread 0x000001635a0e29c0 flushing  nmethod 0x000001630f0fdc10
Event: 2127.268 Thread 0x000001635a0e29c0 flushing  nmethod 0x000001630f101390
Event: 2127.268 Thread 0x000001635a0e29c0 flushing  nmethod 0x000001630f396390
Event: 2127.268 Thread 0x000001635a0e29c0 flushing  nmethod 0x000001630f39a690
Event: 2127.269 Thread 0x000001635a0e29c0 flushing  nmethod 0x000001630f39b590
Event: 2177.113 Thread 0x000001635a0e29c0 flushing  nmethod 0x000001630e424910
Event: 2177.117 Thread 0x000001635a0e29c0 flushing  nmethod 0x000001630f1c5110
Event: 2177.119 Thread 0x000001635a0e29c0 flushing  nmethod 0x000001630f1c7110
Event: 2177.119 Thread 0x000001635a0e29c0 flushing  nmethod 0x000001630e684410

Events (20 events):
Event: 2084.200 Thread 0x000001636f700300 Thread exited: 0x000001636f700300
Event: 2087.514 Thread 0x000001636f7032b0 Thread exited: 0x000001636f7032b0
Event: 2097.911 Thread 0x000001635a125850 Thread added: 0x0000016370ccd420
Event: 2105.955 Thread 0x0000016370ccd420 Thread exited: 0x0000016370ccd420
Event: 2110.274 Thread 0x000001635a125850 Thread added: 0x0000016370ff5800
Event: 2111.603 Thread 0x0000016370ff5800 Thread added: 0x0000016370ccdaf0
Event: 2111.604 Thread 0x0000016370ff5800 Thread added: 0x0000016370cce1c0
Event: 2118.314 Thread 0x0000016370ccdaf0 Thread exited: 0x0000016370ccdaf0
Event: 2118.314 Thread 0x0000016370cce1c0 Thread exited: 0x0000016370cce1c0
Event: 2118.314 Thread 0x0000016370ff5800 Thread exited: 0x0000016370ff5800
Event: 2118.317 Thread 0x000001635a125850 Thread added: 0x000001636f6f9cd0
Event: 2118.317 Thread 0x000001635a125850 Thread added: 0x000001636f7032b0
Event: 2118.318 Thread 0x000001635a125850 Thread added: 0x000001636f702510
Event: 2139.127 Thread 0x000001636ee609d0 Thread exited: 0x000001636ee609d0
Event: 2140.592 Thread 0x000001636f4ea080 Thread added: 0x000001636f4f16a0
Event: 2141.458 Thread 0x000001636f702510 Thread exited: 0x000001636f702510
Event: 2141.458 Thread 0x000001636f7032b0 Thread exited: 0x000001636f7032b0
Event: 2142.479 Thread 0x000001636f6f9cd0 Thread exited: 0x000001636f6f9cd0
Event: 2166.059 Thread 0x000001635a125850 Thread added: 0x0000016370ccdaf0
Event: 2167.555 Thread 0x0000016370ccdaf0 Thread exited: 0x0000016370ccdaf0


Dynamic libraries:
0x00007ff63a2a0000 - 0x00007ff63a2ae000 	C:\Users\jmmo0722\.gradle\jdks\eclipse_adoptium-21-amd64-windows.2\bin\java.exe
0x00007ffcd6f60000 - 0x00007ffcd71c6000 	C:\WINDOWS\SYSTEM32\ntdll.dll
0x00007ffcd6000000 - 0x00007ffcd60c9000 	C:\WINDOWS\System32\KERNEL32.DLL
0x00007ffcd4510000 - 0x00007ffcd490e000 	C:\WINDOWS\System32\KERNELBASE.dll
0x00007ffcd4240000 - 0x00007ffcd438c000 	C:\WINDOWS\System32\ucrtbase.dll
0x00007ffcb8870000 - 0x00007ffcb888e000 	C:\Users\jmmo0722\.gradle\jdks\eclipse_adoptium-21-amd64-windows.2\bin\VCRUNTIME140.dll
0x00007ffcb7850000 - 0x00007ffcb7868000 	C:\Users\jmmo0722\.gradle\jdks\eclipse_adoptium-21-amd64-windows.2\bin\jli.dll
0x00007ffcd6b20000 - 0x00007ffcd6ce7000 	C:\WINDOWS\System32\USER32.dll
0x00007ffcd44e0000 - 0x00007ffcd4507000 	C:\WINDOWS\System32\win32u.dll
0x00007ffcd4d90000 - 0x00007ffcd4dbb000 	C:\WINDOWS\System32\GDI32.dll
0x00007ffcd4920000 - 0x00007ffcd4a4a000 	C:\WINDOWS\System32\gdi32full.dll
0x00007ffcd4430000 - 0x00007ffcd44d3000 	C:\WINDOWS\System32\msvcp_win.dll
0x00007ffcbc5f0000 - 0x00007ffcbc882000 	C:\WINDOWS\WinSxS\amd64_microsoft.windows.common-controls_6595b64144ccf1df_6.0.26100.8875_none_3e0d5d42e32fe9dd\COMCTL32.dll
0x00007ffcd6870000 - 0x00007ffcd6919000 	C:\WINDOWS\System32\msvcrt.dll
0x00007ffcd50b0000 - 0x00007ffcd50e2000 	C:\WINDOWS\System32\IMM32.DLL
0x00007ffccf140000 - 0x00007ffccf14c000 	C:\Users\jmmo0722\.gradle\jdks\eclipse_adoptium-21-amd64-windows.2\bin\vcruntime140_1.dll
0x00007ffca2a80000 - 0x00007ffca2b0d000 	C:\Users\jmmo0722\.gradle\jdks\eclipse_adoptium-21-amd64-windows.2\bin\msvcp140.dll
0x00007ffbe1020000 - 0x00007ffbe1dc0000 	C:\Users\jmmo0722\.gradle\jdks\eclipse_adoptium-21-amd64-windows.2\bin\server\jvm.dll
0x00007ffcd6d60000 - 0x00007ffcd6e17000 	C:\WINDOWS\System32\ADVAPI32.dll
0x00007ffcd4c90000 - 0x00007ffcd4d3a000 	C:\WINDOWS\System32\sechost.dll
0x00007ffcd64f0000 - 0x00007ffcd6608000 	C:\WINDOWS\System32\RPCRT4.dll
0x00007ffcd6460000 - 0x00007ffcd64e0000 	C:\WINDOWS\System32\WS2_32.dll
0x00007ffcc9840000 - 0x00007ffcc9876000 	C:\WINDOWS\SYSTEM32\WINMM.dll
0x00007ffccf5b0000 - 0x00007ffccf5bb000 	C:\WINDOWS\SYSTEM32\VERSION.dll
0x00007ffcd3fe0000 - 0x00007ffcd403e000 	C:\WINDOWS\SYSTEM32\POWRPROF.dll
0x00007ffcd3fc0000 - 0x00007ffcd3fd4000 	C:\WINDOWS\SYSTEM32\UMPDC.dll
0x00007ffcd2e20000 - 0x00007ffcd2e3b000 	C:\WINDOWS\SYSTEM32\kernel.appcore.dll
0x00007ffcc5980000 - 0x00007ffcc598a000 	C:\Users\jmmo0722\.gradle\jdks\eclipse_adoptium-21-amd64-windows.2\bin\jimage.dll
0x00007ffcccf10000 - 0x00007ffccd152000 	C:\WINDOWS\SYSTEM32\DBGHELP.DLL
0x00007ffcd60d0000 - 0x00007ffcd6453000 	C:\WINDOWS\System32\combase.dll
0x00007ffcd5f20000 - 0x00007ffcd5ff9000 	C:\WINDOWS\System32\OLEAUT32.dll
0x00007ffcbd100000 - 0x00007ffcbd13b000 	C:\WINDOWS\SYSTEM32\dbgcore.DLL
0x00007ffcd4a50000 - 0x00007ffcd4afc000 	C:\WINDOWS\System32\bcryptPrimitives.dll
0x00007ffcb6de0000 - 0x00007ffcb6e1c000 	C:\Users\jmmo0722\.gradle\jdks\eclipse_adoptium-21-amd64-windows.2\bin\jdwp.dll
0x00007ffcc1df0000 - 0x00007ffcc1dff000 	C:\Users\jmmo0722\.gradle\jdks\eclipse_adoptium-21-amd64-windows.2\bin\instrument.dll
0x00007ffcb6af0000 - 0x00007ffcb6b10000 	C:\Users\jmmo0722\.gradle\jdks\eclipse_adoptium-21-amd64-windows.2\bin\java.dll
0x00007ffc91f00000 - 0x00007ffc92111000 	C:\Users\jmmo0722\AppData\Local\Temp\idea_libasyncProfiler_dll_temp_folder\libasyncProfiler.dll
0x00007ffcb6ab0000 - 0x00007ffcb6ac8000 	C:\Users\jmmo0722\.gradle\jdks\eclipse_adoptium-21-amd64-windows.2\bin\zip.dll
0x00007ffcd50f0000 - 0x00007ffcd5882000 	C:\WINDOWS\System32\SHELL32.dll
0x00007ffcd1be0000 - 0x00007ffcd2472000 	C:\WINDOWS\SYSTEM32\windows.storage.dll
0x00007ffcd4fb0000 - 0x00007ffcd50a7000 	C:\WINDOWS\System32\SHCORE.dll
0x00007ffcd6cf0000 - 0x00007ffcd6d57000 	C:\WINDOWS\System32\shlwapi.dll
0x00007ffcd40a0000 - 0x00007ffcd40c9000 	C:\WINDOWS\SYSTEM32\profapi.dll
0x00007ffcc0560000 - 0x00007ffcc056c000 	C:\Users\jmmo0722\.gradle\jdks\eclipse_adoptium-21-amd64-windows.2\bin\dt_socket.dll
0x00007ffcd2820000 - 0x00007ffcd2853000 	C:\WINDOWS\SYSTEM32\IPHLPAPI.DLL
0x00007ffcd33b0000 - 0x00007ffcd341c000 	C:\WINDOWS\system32\mswsock.dll
0x00007ffcba4e0000 - 0x00007ffcba4f0000 	C:\Users\jmmo0722\.gradle\jdks\eclipse_adoptium-21-amd64-windows.2\bin\net.dll
0x00007ffccfd50000 - 0x00007ffccfe77000 	C:\WINDOWS\SYSTEM32\WINHTTP.dll
0x00007ffcb6900000 - 0x00007ffcb6916000 	C:\Users\jmmo0722\.gradle\jdks\eclipse_adoptium-21-amd64-windows.2\bin\nio.dll
0x00007ffcd28c0000 - 0x00007ffcd2a16000 	C:\WINDOWS\SYSTEM32\DNSAPI.dll
0x00007ffcd31d0000 - 0x00007ffcd31dd000 	C:\WINDOWS\SYSTEM32\DSPARSE.dll
0x00007ffcd59f0000 - 0x00007ffcd59fa000 	C:\WINDOWS\System32\NSI.dll
0x00007ffcd0f20000 - 0x00007ffcd0f2b000 	C:\Windows\System32\rasadhlp.dll
0x00007ffcd0a00000 - 0x00007ffcd0a86000 	C:\WINDOWS\System32\fwpuclnt.dll
0x00007ffcb68f0000 - 0x00007ffcb68fa000 	C:\Users\jmmo0722\.gradle\jdks\eclipse_adoptium-21-amd64-windows.2\bin\management.dll
0x00007ffcb68e0000 - 0x00007ffcb68ec000 	C:\Users\jmmo0722\.gradle\jdks\eclipse_adoptium-21-amd64-windows.2\bin\management_ext.dll
0x00007ffcd67f0000 - 0x00007ffcd67f8000 	C:\WINDOWS\System32\PSAPI.DLL
0x00007ffcd37e0000 - 0x00007ffcd37fb000 	C:\WINDOWS\SYSTEM32\CRYPTSP.dll
0x00007ffcd2d80000 - 0x00007ffcd2db9000 	C:\WINDOWS\system32\rsaenh.dll
0x00007ffcd3470000 - 0x00007ffcd34a2000 	C:\WINDOWS\SYSTEM32\USERENV.dll
0x00007ffcd4070000 - 0x00007ffcd409a000 	C:\WINDOWS\SYSTEM32\bcrypt.dll
0x00007ffcd37b0000 - 0x00007ffcd37bc000 	C:\WINDOWS\SYSTEM32\CRYPTBASE.dll
0x00007ffcb52e0000 - 0x00007ffcb52f8000 	C:\WINDOWS\system32\napinsp.dll
0x00007ffcb5240000 - 0x00007ffcb5253000 	C:\WINDOWS\System32\winrnr.dll
0x00007ffcb5210000 - 0x00007ffcb5232000 	C:\WINDOWS\system32\nlansp_c.dll
0x00007ffcb52a0000 - 0x00007ffcb52b6000 	C:\WINDOWS\system32\wshbth.dll
0x00007ffcb61a0000 - 0x00007ffcb61a9000 	C:\Users\jmmo0722\.gradle\jdks\eclipse_adoptium-21-amd64-windows.2\bin\extnet.dll
0x00007ffcb6140000 - 0x00007ffcb614e000 	C:\Users\jmmo0722\.gradle\jdks\eclipse_adoptium-21-amd64-windows.2\bin\sunmscapi.dll
0x00007ffcd4b10000 - 0x00007ffcd4c88000 	C:\WINDOWS\System32\CRYPT32.dll
0x00007ffcd3950000 - 0x00007ffcd3980000 	C:\WINDOWS\SYSTEM32\ncrypt.dll
0x00007ffcd3900000 - 0x00007ffcd393f000 	C:\WINDOWS\SYSTEM32\NTASN1.dll
0x00007ffcd0840000 - 0x00007ffcd085d000 	C:\WINDOWS\SYSTEM32\dhcpcsvc6.DLL
0x00007ffcd07b0000 - 0x00007ffcd07d5000 	C:\WINDOWS\SYSTEM32\dhcpcsvc.DLL
0x00007ffcafc30000 - 0x00007ffcafc38000 	C:\WINDOWS\system32\wshunix.dll
0x00007ffcba540000 - 0x00007ffcba598000 	C:\WINDOWS\SYSTEM32\pdh.dll
0x00007ffcd0420000 - 0x00007ffcd0432000 	C:\WINDOWS\System32\perfproc.dll
0x00007ffccf5d0000 - 0x00007ffccf5e1000 	C:\WINDOWS\System32\perfos.dll
0x00007ffcd24a0000 - 0x00007ffcd24b2000 	C:\WINDOWS\SYSTEM32\pfclient.dll

JVMTI agents:
jdwp path:C:\Users\jmmo0722\.gradle\jdks\eclipse_adoptium-21-amd64-windows.2\bin\jdwp.dll, loaded, initialized, options:transport=dt_socket,address=127.0.0.1:8830,suspend=y,server=n
C:\Users\jmmo0722\AppData\Local\JetBrains\IntelliJIdea2025.1\captureAgent\debugger-agent.jar path:C:\Users\jmmo0722\.gradle\jdks\eclipse_adoptium-21-amd64-windows.2\bin\instrument.dll, loaded, initialized, instrumentlib options:file:///C:/Users/jmmo0722/AppData/Local/Temp/capture6558921320055689048.props
C:\Users\jmmo0722\AppData\Local\Temp\idea_libasyncProfiler_dll_temp_folder\libasyncProfiler.dll path:C:\Users\jmmo0722\AppData\Local\Temp\idea_libasyncProfiler_dll_temp_folder\libasyncProfiler.dll, loaded, initialized, options:version,jfr,event=wall,interval=10ms,cstack=no,file=C:\Users\jmmo0722\IdeaSnapshots\PicngoApplication_2026_08_12_152522.jfr,dbghelppath=C:\Users\jmmo0722\AppData\Local\Temp\idea_dbghelp_dll_temp_folder\dbghelp.dll,log=C:\Users\jmmo0722\AppData\Local\Temp\PicngoApplication_2026_08_12_152522.jfr.log.txt,logLevel=DEBUG

dbghelp: loaded successfully - version: 4.0.5 - missing functions: none
symbol engine: initialized successfully - sym options: 0x614 - pdb path: .;C:\Users\jmmo0722\.gradle\jdks\eclipse_adoptium-21-amd64-windows.2\bin;C:\WINDOWS\SYSTEM32;C:\WINDOWS\WinSxS\amd64_microsoft.windows.common-controls_6595b64144ccf1df_6.0.26100.8875_none_3e0d5d42e32fe9dd;C:\Users\jmmo0722\.gradle\jdks\eclipse_adoptium-21-amd64-windows.2\bin\server;C:\Users\jmmo0722\AppData\Local\Temp\idea_libasyncProfiler_dll_temp_folder

VM Arguments:
jvm_args: -agentlib:jdwp=transport=dt_socket,address=127.0.0.1:8830,suspend=y,server=n -javaagent:C:\Users\jmmo0722\AppData\Local\JetBrains\IntelliJIdea2025.1\captureAgent\debugger-agent.jar=file:///C:/Users/jmmo0722/AppData/Local/Temp/capture6558921320055689048.props -agentpath:C:\Users\jmmo0722\AppData\Local\Temp\idea_libasyncProfiler_dll_temp_folder\libasyncProfiler.dll=version,jfr,event=wall,interval=10ms,cstack=no,file=C:\Users\jmmo0722\IdeaSnapshots\PicngoApplication_2026_08_12_152522.jfr,dbghelppath=C:\Users\jmmo0722\AppData\Local\Temp\idea_dbghelp_dll_temp_folder\dbghelp.dll,log=C:\Users\jmmo0722\AppData\Local\Temp\PicngoApplication_2026_08_12_152522.jfr.log.txt,logLevel=DEBUG -XX:TieredStopAtLevel=1 -Dspring.output.ansi.enabled=always -Dcom.sun.management.jmxremote -Dspring.jmx.enabled=true -Dspring.liveBeansView.mbeanDomain -Dspring.application.admin.enabled=true -Dmanagement.endpoints.jmx.exposure.include=* -Dkotlinx.coroutines.debug.enable.creation.stack.trace=false -Ddebugger.agent.enable.coroutines=true -Dkotlinx.coroutines.debug.enable.flows.stack.trace=true -Dkotlinx.coroutines.debug.enable.mutable.state.flows.stack.trace=true -Dfile.encoding=UTF-8 -Dsun.stdout.encoding=UTF-8 -Dsun.stderr.encoding=UTF-8 
java_command: com.project.picngo.PicngoApplication
java_class_path (initial): C:\Users\jmmo0722\Desktop\project\PNG_backend\build\classes\java\main;C:\Users\jmmo0722\Desktop\project\PNG_backend\build\resources\main;C:\Users\jmmo0722\.gradle\caches\modules-2\files-2.1\org.projectlombok\lombok\1.18.46\a5cfe99fdf320e84955ef653f2ce1bf789d11385\lombok-1.18.46.jar;C:\Users\jmmo0722\.gradle\caches\modules-2\files-2.1\org.springframework.boot\spring-boot-starter-data-jpa\4.0.6\7ae183d29edb5b8583685ea71021105eafc99ad9\spring-boot-starter-data-jpa-4.0.6.jar;C:\Users\jmmo0722\.gradle\caches\modules-2\files-2.1\org.springframework.boot\spring-boot-starter-data-redis\4.0.6\347f6b1eea40662ac1e1ec58495905deb8460438\spring-boot-starter-data-redis-4.0.6.jar;C:\Users\jmmo0722\.gradle\caches\modules-2\files-2.1\org.springframework.boot\spring-boot-starter-amqp\4.0.6\b38ca109ad04a13f54d8af44146c499b7c9ccd15\spring-boot-starter-amqp-4.0.6.jar;C:\Users\jmmo0722\.gradle\caches\modules-2\files-2.1\org.springframework.boot\spring-boot-starter-security-oauth2-client\4.0.6\225a6710778182046cf0bd46059f3170d642eb6d\spring-boot-starter-security-oauth2-client-4.0.6.jar;C:\Users\jmmo0722\.gradle\caches\modules-2\files-2.1\org.springframework.boot\spring-boot-starter-security\4.0.6\91ca1c3f8bd520a21d1c0f76d4dfc00f063cf341\spring-boot-starter-security-4.0.6.jar;C:\Users\jmmo0722\.gradle\caches\modules-2\files-2.1\org.springframework.boot\spring-boot-starter-validation\4.0.6\1073fb7a768fe557bd5cc7bd26a2ed3ef08cc701\spring-boot-starter-validation-4.0.6.jar;C:\Users\jmmo0722\.gradle\caches\modules-2\files-2.1\org.springframework.boot\spring-boot-starter-websocket\4.0.6\112faa3d8e866277472263d739c267214d316a4c\spring-boot-starter-websocket-4.0.6.jar;C:\Users\jmmo0722\.gradle\caches\modules-2\files-2.1\org.springframework.boot\spring-boot-starter-webmvc\4.0.6\a7ac55e4eb7cf4d2931557135f90870003641290\spring-boot-starter-webmvc-4.0.6.jar;C:\Users\jmmo0722\.gradle\caches\modules-2\files-2.1\org.springframework.boot\spring-boot-starter-actuator\4.0.6\a225366838915974c39449e201de012d4d88a609\spring-boot-starter-actuator-4.0.6.jar;C:\Users\jmmo0722\.gradle\caches\modules-2\files-2.1\io.micrometer\micrometer-registry-prometheus\1.16.5\cde72d1c305727e20397170a8c46c2fa88c12e9e\micrometer-registry-prometheus-1.16.5.jar;C:\Users\jmmo0722\.gradle\caches\modules-2\files-2.1\org.springframework.boot\spring-boot-starter-webflux\4.0.6\df4370b1c7ded21522f3f4c0f4196e0cc5a7ac84\spring-boot-starter-webflux-4.0.6.jar;C:\Users\jmmo0722\.gradle\caches\modules-2\files-2.1\io.github.resilience4j\resilience4j-circuitbreaker\2.3.0\995e75097efdd303cf4b2403841fe27a32d9e939\resilience4j-circuitbreaker-2.3.0.jar;C:\Users\jmmo0722\.gradle\caches\modules-2\files-2.1\org.springdoc\springdoc-openapi-starter-webmvc-ui\3.0.3\7445824e3ce2baaf413ef2c8d2e95eafc894ab75\springdoc-openapi-starter-webmvc-ui-3.0.3.jar;C:\Users\jmmo0722\.gradle\caches\modules-2\files-2.1\org.springframework.boot\spring-boot-starter-mail\4.0.6\4fe4bd5d867be3e3b29d6ccb5ccbcdc2b76170a3\spring-boot-starter-mail-4.0.6.jar;C:\Users\jmmo0722\.gradle\caches\modules-2\files-2.1\io.jsonwebtoken\jjwt-api\0.12.6\478886a888f6add04937baf0361144504a024967\jjwt-api-0.12.6.jar;C:\Users\jmmo0722\.gradle\caches\modules-2\files-2.1\com.google.firebase\firebase-admin\9.2.0\92f5b2f4da778efcd82c9421a0eccae70b11030c\firebase-admin-9.2.0.jar;C:\Users\jmmo0722\.gradle\caches\modules-2\files-2.1\org.yaml\snakeyaml\2.5\2d53ddec134280cb384c1e35d094e5f71c1f2316\snakeyaml-2.5.jar;C:\Users\jmmo0722\.gradle\caches\modules-2\files-2.1\com.drewnoakes\metadata-extractor\2.19.0\4d3ab42dd9965b8f2b8bd1b7572e028d6f90a34f\metadata-extractor-2.19.0.jar;C:\Users\jmmo0722\.gradle\caches\modules-2\files-2.1\software.amazon.awssdk\s3\2.25.70\8d53e7444449f1d111a48c39012bddba9f646ce5\s3-2.25.70.jar;C:\Users\jmmo0722\.gradle\caches\modules-2\files-2.1\software.amazon.awssdk\auth\2.25.70\d871c8ef6346437ce23dfa7724bbbce7c47cd01d\auth-2.25.70.jar;C:\Users\jmmo0722\.gradle\caches\modules-2\files-2.1\org.springframework.boot\spring-boot-starter-jdbc\4.0.6\134232052dcbf089ff52e37aea3ae81c9448c746\spring-boot-starter-jdbc-4.0.6.jar;C:\Users\jmmo0722\.gradle\caches\modules-2\files-2.1\org.springframework.boot\spring-boot-starter\4.0.6\589f058443a5ca53cf38253fa05aa69dd0e87e0e\spring-boot-starter-4.0.6.jar;C:\Users\jmmo0722\.gradle\caches\modules-2\files-2.1\org.springframework.boot\spring-boot-data-jpa\4.0.6\e4f73ed89d180378acdad704b1b88d8cfd191862\spring-boot-data-jpa-4.0.6.jar;C:\Users\jmmo0722\.gradle\caches\modules-2\files-2.1\org.springframework.boot\spring-boot-jdbc\4.0.6\fd649f51a6cef57b011167676f67ccfd51901932\spring-boot-jdbc-4.0.6.jar;C:\Users\jmmo0722\.gradle\caches\modules-2\files-2.1\org.springframework.boot\spring-boot-data-redis\4.0.6\968e70ff33ea837a40850e5c038ca2a6d35f2950\spring-boot-data-redis-4.0.6.jar;C:\Users\jmmo0722\.gradle\caches\modules-2\files-2.1\org.springframework.boot\spring-boot-amqp\4.0.6\87047c7d35228361223555e438fce1f18dbe3a07\spring-boot-amqp-4.0.6.jar;C:\Users\jmmo0722\.gradle\caches\modules-2\files-2.1\org.springframework.boot\spring-boot-security-oauth2-client\4.0.6\12b255a21c078428cfa05e002cfc8401605cb1c1\spring-boot-security-oauth2-client-4.0.6.jar;C:\Users\jmmo0722\.gradle\caches\modules-2\files-2.1\org.springframework.security\spring-security-oauth2-jose\7.0.5\77f62f6b557a4d31d45701bbe185945bd78259ed\spring-security-oauth2-jose-7.0.5.jar;C:\Users\jmmo0722\.gradle\caches\modules-2\files-2.1\org.springframework.boot\spring-boot-security\4.0.6\4e2146079f700242c9ded2e149ccd9ab771eb83a\spring-boot-security-4.0.6.jar;C:\Users\jmmo0722\.gradle\caches\modules-2\files-2.1\org.springframework\spring-aop\7.0.7\21045648cc638653fb872da3b3fdd50b1cb7b370\spring-aop-7.0.7.jar;C:\Users\jmmo0722\.gradle\caches\modules-2\files-2.1\org.springframework.boot\spring-boot-validation\4.0.6\51358336fd67ff8db81cf53d1f3cdc86206889bb\spring-boot-validation-4.0.6.jar;C:\Users\jmmo0722\.gradle\caches\modules-2\files-2.1\org.springframework.boot\spring-boot-websocket\4.0.6\61b53c63d89880e8f5f5579bc47980a5cfba027b\spring-boot-websocket-4.0.6.jar;C:\Users\jmmo0722\.gradle\caches\modules-2\files-2.1\org.springframework.boot\spring-boot-starter-jackson\4.0.6\38895733cded8ac4007d7ee028e3bf1f718514f1\spring-boot-starter-jackson-4.0.6.jar;C:\Users\jmmo0722\.gradle\caches\modules-2\files-2.1\org.springframework.boot\spring-boot-starter-tomcat\4.0.6\b646e4b063dacdf5079efcfa685c4a8803ff4ac1\spring-boot-starter-tomcat-4.0.6.jar;C:\Users\jmmo0722\.gradle\caches\modules-2\files-2.1\org.springframework.boot\spring-boot-webmvc\4.0.6\2a5877540d8f8bd4df5071d1848fc0a30384117b\spring-boot-webmvc-4.0.6.jar;C:\Users\jmmo0722\.gradle\caches\modules-2\files-2.1\org.springframework.boot\spring-boot-http-converter\4.0.6\2e880be042b7543e6767d99a8f5777d41e92be93\spring-boot-http-converter-4.0.6.jar;C:\Users\jmmo0722\.gradle\caches\modules-2\files-2.1\org.springframework.boot\spring-boot-starter-micrometer-metrics\4.0.6\fb1dcfc7713f6279ce3919c5a81008632d901594\spring-boot-starter-micrometer-metrics-4.0.6.jar;C:\Users\jmmo0722\.gradle\caches\modules-2\files-2.1\org.springframework.boot\spring-boot-health\4.0.6\992fd269677bb02b751ef1f58621abcff3855ea0\spring-boot-health-4.0.6.jar;C:\Users\jmmo0722\.gradle\caches\modules-2\files-2.1\org.springframework.boot\spring-boot-actuator-autoconfigure\4.0.6\bdd2d4f29031aa35993dbe6425b1092913aac531\spring-boot-actuator-autoconfigure-4.0.6.jar;C:\Users\jmmo0722\.gradle\caches\modules-2\files-2.1\io.micrometer\micrometer-jakarta9\1.16.5\2e98cb69f333a3d2eb78f338c99cb7f11d9c533a\micrometer-jakarta9-1.16.5.jar;C:\Users\jmmo0722\.gradle\caches\modules-2\files-2.1\io.micrometer\micrometer-observation\1.16.5\9dff48a7a9dd84d9083e30a36855bb21a7d6836e\micrometer-observation-1.16.5.jar;C:\Users\jmmo0722\.gradle\caches\modules-2\files-2.1\io.micrometer\micrometer-core\1.16.5\eed1add84bba09a75ac35733cb0ed6bf5a1d3cb7\micrometer-core-1.16.5.jar;C:\Users\jmmo0722\.gradle\caches\modules-2\files-2.1\org.jspecify\jspecify\1.0.0\7425a601c1c7ec76645a78d22b8c6a627edee507\jspecify-1.0.0.jar;C:\Users\jmmo0722\.gradle\caches\modules-2\files-2.1\io.prometheus\prometheus-metrics-core\1.4.3\1f00dc12e0bef05dff593a9abd7a4d626b675b0b\prometheus-metrics-core-1.4.3.jar;C:\Users\jmmo0722\.gradle\caches\modules-2\files-2.1\io.prometheus\prometheus-metrics-tracer-common\1.4.3\67af5fc22c23e695d986a6301e61964efe9c9f80\prometheus-metrics-tracer-common-1.4.3.jar;C:\Users\jmmo0722\.gradle\caches\modules-2\files-2.1\org.springframework.boot\spring-boot-starter-reactor-netty\4.0.6\dbe5c0c7a8156c92eb81a8b60526671dfa0b4ca9\spring-boot-starter-reactor-netty-4.0.6.jar;C:\Users\jmmo0722\.gradle\caches\modules-2\files-2.1\org.springframework.boot\spring-boot-reactor\4.0.6\506c4920d9e7db6d6e7fd8bdcc92a533cad57a31\spring-boot-reactor-4.0.6.jar;C:\Users\jmmo0722\.gradle\caches\modules-2\files-2.1\org.springframework.boot\spring-boot-webflux\4.0.6\f05041dc9e89d92b6e7974914d4e439a675a3066\spring-boot-webflux-4.0.6.jar;C:\Users\jmmo0722\.gradle\caches\modules-2\files-2.1\io.github.resilience4j\resilience4j-core\2.3.0\4df5e76f2e2b15db6971d5102ffa9b494e38cfe\resilience4j-core-2.3.0.jar;C:\Users\jmmo0722\.gradle\caches\modules-2\files-2.1\org.springdoc\springdoc-openapi-starter-webmvc-api\3.0.3\771990e842f24aca1a949bce86b3645d7bd8edc1\springdoc-openapi-starter-webmvc-api-3.0.3.jar;C:\Users\jmmo0722\.gradle\caches\modules-2\files-2.1\org.webjars\webjars-locator-lite\1.1.3\217ce590453251b39b72c4a9af3986998f6fdbd9\webjars-locator-lite-1.1.3.jar;C:\Users\jmmo0722\.gradle\caches\modules-2\files-2.1\org.webjars\swagger-ui\5.32.2\7ab64d00ba57cf2bbca5b64588f5fd540422351c\swagger-ui-5.32.2.jar;C:\Users\jmmo0722\.gradle\caches\modules-2\files-2.1\org.springframework.boot\spring-boot-mail\4.0.6\66e859dd1827de6def1c54c30012b4ae30801f24\spring-boot-mail-4.0.6.jar;C:\Users\jmmo0722\.gradle\caches\modules-2\files-2.1\com.google.cloud\google-cloud-storage\2.22.4\16f67e591ead00bdc67638899ffec91b12eb08e5\google-cloud-storage-2.22.4.jar;C:\Users\jmmo0722\.gradle\caches\modules-2\files-2.1\com.google.api-client\google-api-client-gson\2.2.0\319d792c7df5164ba33f5741b642071915d8c046\google-api-client-gson-2.2.0.jar;C:\Users\jmmo0722\.gradle\caches\modules-2\files-2.1\com.google.api-client\google-api-client\2.2.0\10e53fd4d987e37190432e896bdaa62e8ea2c628\google-api-client-2.2.0.jar;C:\Users\jmmo0722\.gradle\caches\modules-2\files-2.1\com.google.cloud\google-cloud-firestore\3.13.0\c013a2093a5d3289046a1bb1bf6a998aa99520c1\google-cloud-firestore-3.13.0.jar;C:\Users\jmmo0722\.gradle\caches\modules-2\files-2.1\com.google.auth\google-auth-library-oauth2-http\1.17.0\e35ec917193f59d33c51c87c96b04b55cbd87fb7\google-auth-library-oauth2-http-1.17.0.jar;C:\Users\jmmo0722\.gradle\caches\modules-2\files-2.1\com.google.http-client\google-http-client\1.43.1\2ef9413e65319ac448534b424522a2c48087d884\google-http-client-1.43.1.jar;C:\Users\jmmo0722\.gradle\caches\modules-2\files-2.1\com.google.api\api-common\2.12.0\6022f93e9ab205e5804b8e1f6208cf7cce140a87\api-common-2.12.0.jar;C:\Users\jmmo0722\.gradle\caches\modules-2\files-2.1\com.google.guava\guava\31.1-jre\60458f877d055d0c9114d9e1a2efb737b4bc282c\guava-31.1-jre.jar;C:\Users\jmmo0722\.gradle\caches\modules-2\files-2.1\org.slf4j\slf4j-api\2.0.17\d9e58ac9c7779ba3bf8142aff6c830617a7fe60f\slf4j-api-2.0.17.jar;C:\Users\jmmo0722\.gradle\caches\modules-2\files-2.1\io.netty\netty-codec-http\4.2.12.Final\8dbaa045acc60abf333d428dca4339ce36423bd0\netty-codec-http-4.2.12.Final.jar;C:\Users\jmmo0722\.gradle\caches\modules-2\files-2.1\io.netty\netty-handler\4.2.12.Final\1ccb2b1eed54ce049b3ff39fde225014526ab6a0\netty-handler-4.2.12.Final.jar;C:\Users\jmmo0722\.gradle\caches\modules-2\files-2.1\io.netty\netty-transport\4.2.12.Final\e9d42074c3d96cf31ce57cc58f6de6f31959b7a8\netty-transport-4.2.12.Final.jar;C:\Users\jmmo0722\.gradle\caches\modules-2\files-2.1\com.adobe.xmp\xmpcore\6.1.11\852f14101381e527e6d43339d7db1698c970436c\xmpcore-6.1.11.jar;C:\Users\jmmo0722\.gradle\caches\modules-2\files-2.1\software.amazon.awssdk\aws-xml-protocol\2.25.70\300c2c1dd8675e152ae5c06c23d837a1a46da62e\aws-xml-protocol-2.25.70.jar;C:\Users\jmmo0722\.gradle\caches\modules-2\files-2.1\software.amazon.awssdk\aws-core\2.25.70\aa1d3662c4fc7962b8d74f27207cc4b0dcf99a0a\aws-core-2.25.70.jar;C:\Users\jmmo0722\.gradle\caches\modules-2\files-2.1\software.amazon.awssdk\regions\2.25.70\233b1e17203fe28ec109a85a63afd0124060956c\regions-2.25.70.jar;C:\Users\jmmo0722\.gradle\caches\modules-2\files-2.1\software.amazon.awssdk\protocol-core\2.25.70\20e4d8c442175d8e9d486bcac79b7c0b2872b57f\protocol-core-2.25.70.jar;C:\Users\jmmo0722\.gradle\caches\modules-2\files-2.1\software.amazon.awssdk\sdk-core\2.25.70\ce87a4569a2a3a5ace836044bad670f906ef77b\sdk-core-2.25.70.jar;C:\Users\jmmo0722\.gradle\caches\modules-2\files-2.1\software.amazon.awssdk\http-auth-aws\2.25.70\7f20d5007a95bbb106f915f77c66d4eaa4ac4ca3\http-auth-aws-2.25.70.jar;C:\Users\jmmo0722\.gradle\caches\modules-2\files-2.1\software.amazon.awssdk\http-auth\2.25.70\91f836f268143c992b958824ad3af31dd6aed60e\http-auth-2.25.70.jar;C:\Users\jmmo0722\.gradle\caches\modules-2\files-2.1\software.amazon.awssdk\http-auth-spi\2.25.70\cb799354c363034e2a12c2d580b72326e908a1f8\http-auth-spi-2.25.70.jar;C:\Users\jmmo0722\.gradle\caches\modules-2\files-2.1\software.amazon.awssdk\identity-spi\2.25.70\623f4d1c992cab5422e704414e6b7ed691c436cd\identity-spi-2.25.70.jar;C:\Users\jmmo0722\.gradle\caches\modules-2\files-2.1\software.amazon.awssdk\profiles\2.25.70\4f46ba546883684f64af3b248334622274a8881\profiles-2.25.70.jar;C:\Users\jmmo0722\.gradle\caches\modules-2\files-2.1\software.amazon.awssdk\http-client-spi\2.25.70\5ba2695b02105f39f4e19136ad829a5e51f0db84\http-client-spi-2.25.70.jar;C:\Users\jmmo0722\.gradle\caches\modules-2\files-2.1\software.amazon.awssdk\json-utils\2.25.70\c9d0410038f8f7479eead3b3644720c0ac66d518\json-utils-2.25.70.jar;C:\Users\jmmo0722\.gradle\caches\modules-2\files-2.1\software.amazon.awssdk\crt-core\2.25.70\48e4d5dc9394d4e0d40ba44703f4ee4dad3bad14\crt-core-2.25.70.jar;C:\Users\jmmo0722\.gradle\caches\modules-2\files-2.1\software.amazon.awssdk\arns\2.25.70\dd5404f04ef659f94362dc9cceab9fcbb99ccf2c\arns-2.25.70.jar;C:\Users\jmmo0722\.gradle\caches\modules-2\files-2.1\software.amazon.awssdk\metrics-spi\2.25.70\65af2efe4d4f1e4bb443cfe1552f065b0fd0a8dd\metrics-spi-2.25.70.jar;C:\Users\jmmo0722\.gradle\caches\modules-2\files-2.1\software.amazon.awssdk\utils\2.25.70\383a1f8a10209bc6d2a2921b801072cf8ab577ce\utils-2.25.70.jar;C:\Users\jmmo0722\.gradle\caches\modules-2\files-2.1\software.amazon.awssdk\checksums\2.25.70\e26d170f12c42ce5bd5ee7bb01882abb00c0e13a\checksums-2.25.70.jar;C:\Users\jmmo0722\.gradle\caches\modules-2\files-2.1\software.amazon.awssdk\checksums-spi\2.25.70\1e79485aed6aafaae6b459bbc8569474d5d95df1\checksums-spi-2.25.70.jar;C:\Users\jmmo0722\.gradle\caches\modules-2\files-2.1\software.amazon.awssdk\endpoints-spi\2.25.70\110730d5e2aa7936edbc36ae513ed67d3b0d624c\endpoints-spi-2.25.70.jar;C:\Users\jmmo0722\.gradle\caches\modules-2\files-2.1\software.amazon.awssdk\annotations\2.25.70\d9717be2cb099da15425cd0db1519aad4df04375\annotations-2.25.70.jar;C:\Users\jmmo0722\.gradle\caches\modules-2\files-2.1\software.amazon.eventstream\eventstream\1.0.1\6ff8649dffc5190366ada897ba8525a836297784\eventstream-1.0.1.jar;C:\Users\jmmo0722\.gradle\caches\modules-2\files-2.1\com.zaxxer\HikariCP\7.0.2\c2b43c946b86a14a96342379e22b004c56c6166d\HikariCP-7.0.2.jar;C:\Users\jmmo0722\.gradle\caches\modules-2\files-2.1\org.springframework.boot\spring-boot-autoconfigure\4.0.6\95db07bd446a6bc10e791a1502a0c542a81872d1\spring-boot-autoconfigure-4.0.6.jar;C:\Users\jmmo0722\.gradle\caches\modules-2\files-2.1\org.springframework.boot\spring-boot-starter-logging\4.0.6\eb85ce7bf1c9bdc660a267d9cb481470609bac30\spring-boot-starter-logging-4.0.6.jar;C:\Users\jmmo0722\.gradle\caches\modules-2\files-2.1\jakarta.annotation\jakarta.annotation-api\3.0.0\54f928fadec906a99d558536756d171917b9d936\jakarta.annotation-api-3.0.0.jar;C:\Users\jmmo0722\.gradle\caches\modules-2\files-2.1\org.springframework.boot\spring-boot-hibernate\4.0.6\1583369af62ba1e587e6f82c8c95dff5694e63b\spring-boot-hibernate-4.0.6.jar;C:\Users\jmmo0722\.gradle\caches\modules-2\files-2.1\org.springframework.data\spring-data-jpa\4.0.5\fbb375863a4deb4df21b803756b97b767e18559a\spring-data-jpa-4.0.5.jar;C:\Users\jmmo0722\.gradle\caches\modules-2\files-2.1\org.springframework.boot\spring-boot-data-commons\4.0.6\4702c0e63d5164330fbaef7a5e55d0d173cc3ab9\spring-boot-data-commons-4.0.6.jar;C:\Users\jmmo0722\.gradle\caches\modules-2\files-2.1\org.springframework\spring-aspects\7.0.7\e507bc50ddca9ee54c37191f9c96e5f491459d3c\spring-aspects-7.0.7.jar;C:\Users\jmmo0722\.gradle\caches\modules-2\files-2.1\org.springframework.boot\spring-boot-sql\4.0.6\2526bc5a53f0ca3c029a4c02a1360a25c9e226d4\spring-boot-sql-4.0.6.jar;C:\Users\jmmo0722\.gradle\caches\modules-2\files-2.1\org.springframework.boot\spring-boot-transaction\4.0.6\c7ebf15df555b5e8895e936609b1afa0ba2c1264\spring-boot-transaction-4.0.6.jar;C:\Users\jmmo0722\.gradle\caches\modules-2\files-2.1\org.springframework.boot\spring-boot\4.0.6\5bcc4d77a2ff7d18274f2394b5eea1d658e46305\spring-boot-4.0.6.jar;C:\Users\jmmo0722\.gradle\caches\modules-2\files-2.1\org.springframework\spring-jdbc\7.0.7\7369c7cc321b649f291c6222e5982d75878845c5\spring-jdbc-7.0.7.jar;C:\Users\jmmo0722\.gradle\caches\modules-2\files-2.1\org.springframework.data\spring-data-redis\4.0.5\3241888dcd76f1542f9b1049f8c4603628a7ce3a\spring-data-redis-4.0.5.jar;C:\Users\jmmo0722\.gradle\caches\modules-2\files-2.1\io.lettuce\lettuce-core\6.8.2.RELEASE\a9dfbcd214fa6914220013de76da2657d47f8aa5\lettuce-core-6.8.2.RELEASE.jar;C:\Users\jmmo0722\.gradle\caches\modules-2\files-2.1\org.springframework.amqp\spring-rabbit\4.0.3\cbb0b68f91f23472cfb7be333529b3de7cfb49b7\spring-rabbit-4.0.3.jar;C:\Users\jmmo0722\.gradle\caches\modules-2\files-2.1\org.springframework\spring-messaging\7.0.7\5c053835a5c1e561fc3af7a680dbb0ad006be225\spring-messaging-7.0.7.jar;C:\Users\jmmo0722\.gradle\caches\modules-2\files-2.1\org.springframework.security\spring-security-oauth2-client\7.0.5\39a0c597e75bda21150bdad3174f4e46fc0269b4\spring-security-oauth2-client-7.0.5.jar;C:\Users\jmmo0722\.gradle\caches\modules-2\files-2.1\org.springframework.security\spring-security-oauth2-core\7.0.5\11eae201564bf4f23109040ff2ab0d16413c2dcb\spring-security-oauth2-core-7.0.5.jar;C:\Users\jmmo0722\.gradle\caches\modules-2\files-2.1\org.springframework.security\spring-security-core\7.0.5\9d331a891df2aa811eb91ffad056bb5077e471e8\spring-security-core-7.0.5.jar;C:\Users\jmmo0722\.gradle\caches\modules-2\files-2.1\org.springframework\spring-core\7.0.7\4f85340fd463031cd93a0629a0323bb467ae51aa\spring-core-7.0.7.jar;C:\Users\jmmo0722\.gradle\caches\modules-2\files-2.1\com.nimbusds\nimbus-jose-jwt\10.4\ca983d3f13080567e36ea554a15af38f31a0cb4\nimbus-jose-jwt-10.4.jar;C:\Users\jmmo0722\.gradle\caches\modules-2\files-2.1\org.springframework.security\spring-security-config\7.0.5\9d6b471cfcc8fc30bcc139e04f3781242bd5b001\spring-security-config-7.0.5.jar;C:\Users\jmmo0722\.gradle\caches\modules-2\files-2.1\org.springframework.security\spring-security-web\7.0.5\e78938fc30d0cbf40996f7e7d5d955b15bacfe01\spring-security-web-7.0.5.jar;C:\Users\jmmo0722\.gradle\caches\modules-2\files-2.1\org.springframework\spring-beans\7.0.7\1278f23233223c480880b62234c96fb3545ba104\spring-beans-7.0.7.jar;C:\Users\jmmo0722\.gradle\caches\modules-2\files-2.1\org.apache.tomcat.embed\tomcat-embed-el\11.0.21\ab5200daf4fac467fa0e73598cdc10de6ce1c139\tomcat-embed-el-11.0.21.jar;C:\Users\jmmo0722\.gradle\caches\modules-2\files-2.1\org.hibernate.validator\hibernate-validator\9.0.1.Final\28c0e41ecc84d1f0b8b6d81d16e0784e63364e68\hibernate-validator-9.0.1.Final.jar;C:\Users\jmmo0722\.gradle\caches\modules-2\files-2.1\org.springframework\spring-websocket\7.0.7\b22df7ec1d134cf00ba42fca957e92df8a390c93\spring-websocket-7.0.7.jar;C:\Users\jmmo0722\.gradle\caches\modules-2\files-2.1\org.springframework.boot\spring-boot-jackson\4.0.6\506bcf91451a44789dd5d9ef1855d524069140ef\spring-boot-jackson-4.0.6.jar;C:\Users\jmmo0722\.gradle\caches\modules-2\files-2.1\org.springframework.boot\spring-boot-starter-tomcat-runtime\4.0.6\93cb616795ce25f7fd58ef3d1dcc8c3ed2d82578\spring-boot-starter-tomcat-runtime-4.0.6.jar;C:\Users\jmmo0722\.gradle\caches\modules-2\files-2.1\org.springframework.boot\spring-boot-tomcat\4.0.6\46bcbbdd2bddd2a6932bbdcf9ac2d943a83f0629\spring-boot-tomcat-4.0.6.jar;C:\Users\jmmo0722\.gradle\caches\modules-2\files-2.1\org.springframework\spring-webmvc\7.0.7\5d7758ed288cda1eacae4b96defb9eed3a7e561d\spring-webmvc-7.0.7.jar;C:\Users\jmmo0722\.gradle\caches\modules-2\files-2.1\org.springframework.boot\spring-boot-servlet\4.0.6\8a1d703662d560a7826c61a908f5307e795cb370\spring-boot-servlet-4.0.6.jar;C:\Users\jmmo0722\.gradle\caches\modules-2\files-2.1\org.springframework\spring-web\7.0.7\8c6ba7dd1ef6a3d9246b08885185806426daa7ec\spring-web-7.0.7.jar;C:\Users\jmmo0722\.gradle\caches\modules-2\files-2.1\org.springframework.boot\spring-boot-micrometer-metrics\4.0.6\96dbcd4eab73a4fcb2e277c6416d2c0758132689\spring-boot-micrometer-metrics-4.0.6.jar;C:\Users\jmmo0722\.gradle\caches\modules-2\files-2.1\org.springframework.boot\spring-boot-actuator\4.0.6\e5470926718d2c85f574eff0f0f1f264a605a7f\spring-boot-actuator-4.0.6.jar;C:\Users\jmmo0722\.gradle\caches\modules-2\files-2.1\io.micrometer\micrometer-commons\1.16.5\f8c25a4e35d5049d41d8446b111b9891ae407881\micrometer-commons-1.16.5.jar;C:\Users\jmmo0722\.gradle\caches\modules-2\files-2.1\io.prometheus\prometheus-metrics-model\1.4.3\b18da634ccdc033468c0a17e56996de09b4e6b36\prometheus-metrics-model-1.4.3.jar;C:\Users\jmmo0722\.gradle\caches\modules-2\files-2.1\io.prometheus\prometheus-metrics-config\1.4.3\785bf741491702f0e755a6a5c9c58a8127db0683\prometheus-metrics-config-1.4.3.jar;C:\Users\jmmo0722\.gradle\caches\modules-2\files-2.1\org.springframework.boot\spring-boot-reactor-netty\4.0.6\33a44436fe45d3bb6f1e08d7534b67b46155f0ce\spring-boot-reactor-netty-4.0.6.jar;C:\Users\jmmo0722\.gradle\caches\modules-2\files-2.1\io.projectreactor\reactor-core\3.8.5\e3afac59d35d67364b64389e2ed7cd274829df71\reactor-core-3.8.5.jar;C:\Users\jmmo0722\.gradle\caches\modules-2\files-2.1\org.springframework.boot\spring-boot-http-codec\4.0.6\dafce2efbd97d114798d8ce9430f2de3e1954f52\spring-boot-http-codec-4.0.6.jar;C:\Users\jmmo0722\.gradle\caches\modules-2\files-2.1\org.springframework\spring-webflux\7.0.7\82c4539a4db9b3a6b50b181453b4107d86e4282e\spring-webflux-7.0.7.jar;C:\Users\jmmo0722\.gradle\caches\modules-2\files-2.1\org.jetbrains.kotlin\kotlin-stdlib-jdk8\2.2.21\b918b7be03d769ff9b0a3567aaa930e7b8b8a0a6\kotlin-stdlib-jdk8-2.2.21.jar;C:\Users\jmmo0722\.gradle\caches\modules-2\files-2.1\org.springdoc\springdoc-openapi-starter-common\3.0.3\92c4dfa417bf276079bfe9de72ebf0961c72a2cf\springdoc-openapi-starter-common-3.0.3.jar;C:\Users\jmmo0722\.gradle\caches\modules-2\files-2.1\org.springframework.boot\spring-boot-web-server\4.0.6\8a087bc97418b3082fe402b3241260180fa7133e\spring-boot-web-server-4.0.6.jar;C:\Users\jmmo0722\.gradle\caches\modules-2\files-2.1\org.springframework\spring-context-support\7.0.7\22df8ea5093b7e040848616eff0ca557ee7da8e6\spring-context-support-7.0.7.jar;C:\Users\jmmo0722\.gradle\caches\modules-2\files-2.1\jakarta.mail\jakarta.mail-api\2.1.5\be9b3b677ed6083f575c437ebc442a6a4bd2b931\jakarta.mail-api-2.1.5.jar;C:\Users\jmmo0722\.gradle\caches\modules-2\files-2.1\com.fasterxml.jackson.core\jackson-core\2.21.2\7d11eac823392f28d8ee7bda77eaadfccbab83e5\jackson-core-2.21.2.jar;C:\Users\jmmo0722\.gradle\caches\modules-2\files-2.1\com.google.oauth-client\google-oauth-client\1.34.1\4a4f88c5e13143f882268c98239fb85c3b2c6cb2\google-oauth-client-1.34.1.jar;C:\Users\jmmo0722\.gradle\caches\modules-2\files-2.1\com.google.http-client\google-http-client-gson\1.43.1\6f000784f9813ee33f976e42822d98ffacf3dbd\google-http-client-gson-1.43.1.jar;C:\Users\jmmo0722\.gradle\caches\modules-2\files-2.1\com.google.http-client\google-http-client-apache-v2\1.43.1\de73ac2958a45ca67651ce30f47eefa1f7497a6d\google-http-client-apache-v2-1.43.1.jar;C:\Users\jmmo0722\.gradle\caches\modules-2\files-2.1\io.opencensus\opencensus-contrib-http-util\0.31.1\3c13fc5715231fadb16a9b74a44d9d59c460cfa8\opencensus-contrib-http-util-0.31.1.jar;C:\Users\jmmo0722\.gradle\caches\modules-2\files-2.1\commons-codec\commons-codec\1.19.0\8c0dbe3ae883fceda9b50a6c76e745e548073388\commons-codec-1.19.0.jar;C:\Users\jmmo0722\.gradle\caches\modules-2\files-2.1\com.google.code.findbugs\jsr305\3.0.2\25ea2e8b0c338a877313bd4672d3fe056ea78f0d\jsr305-3.0.2.jar;C:\Users\jmmo0722\.gradle\caches\modules-2\files-2.1\com.google.code.gson\gson\2.13.2\48b8230771e573b54ce6e867a9001e75977fe78e\gson-2.13.2.jar;C:\Users\jmmo0722\.gradle\caches\modules-2\files-2.1\com.google.errorprone\error_prone_annotations\2.41.0\4381275efdef6ddfae38f002c31e84cd001c97f0\error_prone_annotations-2.41.0.jar;C:\Users\jmmo0722\.gradle\caches\modules-2\files-2.1\com.google.j2objc\j2objc-annotations\1.3\ba035118bc8bac37d7eff77700720999acd9986d\j2objc-annotations-1.3.jar;C:\Users\jmmo0722\.gradle\caches\modules-2\files-2.1\io.opencensus\opencensus-api\0.31.1\66a60c7201c2b8b20ce495f0295b32bb0ccbbc57\opencensus-api-0.31.1.jar;C:\Users\jmmo0722\.gradle\caches\modules-2\files-2.1\com.google.auto.value\auto-value-annotations\1.10.1\9e5162c15f6033c524134cba05a5e93dc1d37c4b\auto-value-annotations-1.10.1.jar;C:\Users\jmmo0722\.gradle\caches\modules-2\files-2.1\javax.annotation\javax.annotation-api\1.3.2\934c04d3cfef185a8008e7bf34331b79730a9d43\javax.annotation-api-1.3.2.jar;C:\Users\jmmo0722\.gradle\caches\modules-2\files-2.1\com.google.auth\google-auth-library-credentials\1.17.0\d16020e45fc97741407a4dccf76a9d3f62b72964\google-auth-library-credentials-1.17.0.jar;C:\Users\jmmo0722\.gradle\caches\modules-2\files-2.1\com.google.guava\failureaccess\1.0.1\1dcf1de382a0bf95a3d8b0849546c88bac1292c9\failureaccess-1.0.1.jar;C:\Users\jmmo0722\.gradle\caches\modules-2\files-2.1\com.google.guava\listenablefuture\9999.0-empty-to-avoid-conflict-with-guava\b421526c5f297295adef1c886e5246c39d4ac629\listenablefuture-9999.0-empty-to-avoid-conflict-with-guava.jar;C:\Users\jmmo0722\.gradle\caches\modules-2\files-2.1\com.google.http-client\google-http-client-jackson2\1.43.1\995fbf865361d905218e486eb19313d4408ccfd9\google-http-client-jackson2-1.43.1.jar;C:\Users\jmmo0722\.gradle\caches\modules-2\files-2.1\com.google.apis\google-api-services-storage\v1-rev20230301-2.0.0\c9960d48021675f902c2a281af0aa1f1f247d4fd\google-api-services-storage-v1-rev20230301-2.0.0.jar;C:\Users\jmmo0722\.gradle\caches\modules-2\files-2.1\com.google.cloud\google-cloud-core\2.19.0\38bb9bb69f3cb2b32df008840b1d3a2ad2a72594\google-cloud-core-2.19.0.jar;C:\Users\jmmo0722\.gradle\caches\modules-2\files-2.1\com.google.cloud\google-cloud-core-http\2.19.0\1fb3af1a56a219a5c5e11abfbcc088f757109670\google-cloud-core-http-2.19.0.jar;C:\Users\jmmo0722\.gradle\caches\modules-2\files-2.1\com.google.http-client\google-http-client-appengine\1.43.1\c408b784269b46028c133768a439c266f8cbf553\google-http-client-appengine-1.43.1.jar;C:\Users\jmmo0722\.gradle\caches\modules-2\files-2.1\com.google.api\gax-httpjson\0.114.0\e36b3a16155c34d9aca61951b9fb4187d0e8b4f3\gax-httpjson-0.114.0.jar;C:\Users\jmmo0722\.gradle\caches\modules-2\files-2.1\com.google.cloud\google-cloud-core-grpc\2.19.0\3b1f6f7edf66ae3eae2a37aace4af47c55107364\google-cloud-core-grpc-2.19.0.jar;C:\Users\jmmo0722\.gradle\caches\modules-2\files-2.1\com.google.api\gax\2.29.0\90ac2feab769fe45cebf78170ebfcc95edf61e3d\gax-2.29.0.jar;C:\Users\jmmo0722\.gradle\caches\modules-2\files-2.1\com.google.api\gax-grpc\2.29.0\12b1972deeda8a4565fcde39fad46edea9004478\gax-grpc-2.29.0.jar;C:\Users\jmmo0722\.gradle\caches\modules-2\files-2.1\io.grpc\grpc-alts\1.55.1\c7aa82578978402698b884dabfeb6f7922891603\grpc-alts-1.55.1.jar;C:\Users\jmmo0722\.gradle\caches\modules-2\files-2.1\io.grpc\grpc-grpclb\1.55.1\a2b178dedbeb275d8ad3b2b7053aca9ecd97dcc2\grpc-grpclb-1.55.1.jar;C:\Users\jmmo0722\.gradle\caches\modules-2\files-2.1\org.conscrypt\conscrypt-openjdk-uber\2.5.2\d858f142ea189c62771c505a6548d8606ac098fe\conscrypt-openjdk-uber-2.5.2.jar;C:\Users\jmmo0722\.gradle\caches\modules-2\files-2.1\io.grpc\grpc-auth\1.55.1\c420d4e6aaa5fb29cc317c839d776c38aa5d1268\grpc-auth-1.55.1.jar;C:\Users\jmmo0722\.gradle\caches\modules-2\files-2.1\io.grpc\grpc-protobuf\1.55.1\c05c351e1b8ece707119a6ffacc6644e15cc4dfa\grpc-protobuf-1.55.1.jar;C:\Users\jmmo0722\.gradle\caches\modules-2\files-2.1\io.grpc\grpc-protobuf-lite\1.55.1\1b3ff97f1b049153a7b4b15c9664a3c0f2d0aef1\grpc-protobuf-lite-1.55.1.jar;C:\Users\jmmo0722\.gradle\caches\modules-2\files-2.1\io.grpc\grpc-context\1.55.1\12fcb72c22ec83adfc959e74564cf2e4a8d3e8a3\grpc-context-1.55.1.jar;C:\Users\jmmo0722\.gradle\caches\modules-2\files-2.1\com.google.api.grpc\proto-google-iam-v1\1.15.0\62a997565bfe0cc61de5417f551c759960e96bbc\proto-google-iam-v1-1.15.0.jar;C:\Users\jmmo0722\.gradle\caches\modules-2\files-2.1\com.google.protobuf\protobuf-java\3.23.2\f658ef60596ce70251ff9bc118436d5dadc3bd2a\protobuf-java-3.23.2.jar;C:\Users\jmmo0722\.gradle\caches\modules-2\files-2.1\com.google.protobuf\protobuf-java-util\3.23.2\645a4c458c87399503a7a8e3d1dfbe043c94ea4d\protobuf-java-util-3.23.2.jar;C:\Users\jmmo0722\.gradle\caches\modules-2\files-2.1\com.google.api.grpc\proto-google-common-protos\2.20.0\30b43864217dba8c288d6d682352104f50e74c80\proto-google-common-protos-2.20.0.jar;C:\Users\jmmo0722\.gradle\caches\modules-2\files-2.1\org.threeten\threetenbp\1.6.8\4c65b7b43f3fe31350f74cb7d0b2461e111e8dd0\threetenbp-1.6.8.jar;C:\Users\jmmo0722\.gradle\caches\modules-2\files-2.1\com.google.api.grpc\proto-google-cloud-storage-v2\2.22.4-alpha\363e82e6ca6e480ec4e21c56758fa63c5747ef47\proto-google-cloud-storage-v2-2.22.4-alpha.jar;C:\Users\jmmo0722\.gradle\caches\modules-2\files-2.1\com.google.api.grpc\grpc-google-cloud-storage-v2\2.22.4-alpha\6d86724d66d14bad9d3e73c44fee60e9cc0721de\grpc-google-cloud-storage-v2-2.22.4-alpha.jar;C:\Users\jmmo0722\.gradle\caches\modules-2\files-2.1\com.google.api.grpc\gapic-google-cloud-storage-v2\2.22.4-alpha\53b159304866b223ee30731bb6dfdfd5aeb436f0\gapic-google-cloud-storage-v2-2.22.4-alpha.jar;C:\Users\jmmo0722\.gradle\caches\modules-2\files-2.1\io.grpc\grpc-api\1.55.1\1461a75a1550a0d7a2919c33f8638259ef3b255c\grpc-api-1.55.1.jar;C:\Users\jmmo0722\.gradle\caches\modules-2\files-2.1\io.grpc\grpc-stub\1.55.1\2cc81e34b8e1bc4f680a095433a67bb9edc9921\grpc-stub-1.55.1.jar;C:\Users\jmmo0722\.gradle\caches\modules-2\files-2.1\org.checkerframework\checker-qual\3.32.0\54ebd61f46b58b862c779e034073a93489ab3faf\checker-qual-3.32.0.jar;C:\Users\jmmo0722\.gradle\caches\modules-2\files-2.1\org.apache.httpcomponents\httpclient\4.5.14\1194890e6f56ec29177673f2f12d0b8e627dec98\httpclient-4.5.14.jar;C:\Users\jmmo0722\.gradle\caches\modules-2\files-2.1\org.apache.httpcomponents\httpcore\4.4.16\51cf043c87253c9f58b539c9f7e44c8894223850\httpcore-4.4.16.jar;C:\Users\jmmo0722\.gradle\caches\modules-2\files-2.1\com.google.cloud\proto-google-cloud-firestore-bundle-v1\3.13.0\f0373e042c43ba0e23200b651d86b51c2674c9b3\proto-google-cloud-firestore-bundle-v1-3.13.0.jar;C:\Users\jmmo0722\.gradle\caches\modules-2\files-2.1\com.google.api.grpc\proto-google-cloud-firestore-v1\3.13.0\f83a75f59626de2efdf8101a44bbd6f00fff3f62\proto-google-cloud-firestore-v1-3.13.0.jar;C:\Users\jmmo0722\.gradle\caches\modules-2\files-2.1\commons-logging\commons-logging\1.3.6\63e78ca6cd446c0ad166d14f03ed99e7efb3896d\commons-logging-1.3.6.jar;C:\Users\jmmo0722\.gradle\caches\modules-2\files-2.1\io.opencensus\opencensus-contrib-grpc-util\0.31.1\89b1d2f8f64749256983446cbdfae25da5450de7\opencensus-contrib-grpc-util-0.31.1.jar;C:\Users\jmmo0722\.gradle\caches\modules-2\files-2.1\io.grpc\grpc-core\1.55.1\22f7c8a91d325072a2bd4921fbe37145e785c231\grpc-core-1.55.1.jar;C:\Users\jmmo0722\.gradle\caches\modules-2\files-2.1\io.grpc\grpc-netty-shaded\1.55.1\6c7eba2b4ac84024d080e9d410a810548efff419\grpc-netty-shaded-1.55.1.jar;C:\Users\jmmo0722\.gradle\caches\modules-2\files-2.1\io.netty\netty-codec-compression\4.2.12.Final\aa0849118167bc727a8dbdaeccc45d56c1f1e8fb\netty-codec-compression-4.2.12.Final.jar;C:\Users\jmmo0722\.gradle\caches\modules-2\files-2.1\io.netty\netty-codec-base\4.2.12.Final\381b47a0cdd126010a7df1c25d25d7bf55c4fddb\netty-codec-base-4.2.12.Final.jar;C:\Users\jmmo0722\.gradle\caches\modules-2\files-2.1\io.netty\netty-buffer\4.2.12.Final\a1b3a6a4ebaf546860eb119d4e462cd300976ae3\netty-buffer-4.2.12.Final.jar;C:\Users\jmmo0722\.gradle\caches\modules-2\files-2.1\io.netty\netty-common\4.2.12.Final\d35ffb9bf5cc0e05ae7408cf6a682b62dceceafc\netty-common-4.2.12.Final.jar;C:\Users\jmmo0722\.gradle\caches\modules-2\files-2.1\io.netty\netty-transport-native-unix-common\4.2.12.Final\8f8e5e39fcf6bebc8ec4c1d855f4f1335756c50e\netty-transport-native-unix-common-4.2.12.Final.jar;C:\Users\jmmo0722\.gradle\caches\modules-2\files-2.1\io.netty\netty-resolver\4.2.12.Final\c59aa586a12e62d80207a00f9cf18eedf69d1012\netty-resolver-4.2.12.Final.jar;C:\Users\jmmo0722\.gradle\caches\modules-2\files-2.1\software.amazon.awssdk\aws-query-protocol\2.25.70\12e36afc3b1122e3798df7f9950bb6667847e945\aws-query-protocol-2.25.70.jar;C:\Users\jmmo0722\.gradle\caches\modules-2\files-2.1\org.reactivestreams\reactive-streams\1.0.4\3864a1320d97d7b045f729a326e1e077661f31b7\reactive-streams-1.0.4.jar;C:\Users\jmmo0722\.gradle\caches\modules-2\files-2.1\software.amazon.awssdk\third-party-jackson-core\2.25.70\96044f8f0117acb4d34c27dd4624b2f999585a15\third-party-jackson-core-2.25.70.jar;C:\Users\jmmo0722\.gradle\caches\modules-2\files-2.1\org.apache.logging.log4j\log4j-to-slf4j\2.25.4\68df56640a5d245192e91bd2ac89e504b477cc10\log4j-to-slf4j-2.25.4.jar;C:\Users\jmmo0722\.gradle\caches\modules-2\files-2.1\ch.qos.logback\logback-classic\1.5.32\2b1042c50f508f2eb402bd4d22ccbdf94cc37d2e\logback-classic-1.5.32.jar;C:\Users\jmmo0722\.gradle\caches\modules-2\files-2.1\org.slf4j\jul-to-slf4j\2.0.17\524cb6ccc2b68a57604750e1ab8b13b5a786a6aa\jul-to-slf4j-2.0.17.jar;C:\Users\jmmo0722\.gradle\caches\modules-2\files-2.1\org.springframework.boot\spring-boot-jpa\4.0.6\2298c83f9e4473998fe1c695d42f3fcc161f6eb3\spring-boot-jpa-4.0.6.jar;C:\Users\jmmo0722\.gradle\caches\modules-2\files-2.1\org.springframework\spring-orm\7.0.7\c5f883ce3bf4407a8c86751e3fa3a2fac4482626\spring-orm-7.0.7.jar;C:\Users\jmmo0722\.gradle\caches\modules-2\files-2.1\org.hibernate.orm\hibernate-core\7.2.12.Final\9e10d41a4cd7fbb045cb978676dffe23a0adf1e0\hibernate-core-7.2.12.Final.jar;C:\Users\jmmo0722\.gradle\caches\modules-2\files-2.1\org.springframework\spring-context\7.0.7\bd71294ceaa815abcdbbf5e116c9382103845139\spring-context-7.0.7.jar;C:\Users\jmmo0722\.gradle\caches\modules-2\files-2.1\org.springframework.data\spring-data-commons\4.0.5\eed2c7272ba1b13456124949a2bdcbd035ab1154\spring-data-commons-4.0.5.jar;C:\Users\jmmo0722\.gradle\caches\modules-2\files-2.1\org.springframework\spring-tx\7.0.7\c398a2ab7706e16c90be33ff9eaafcb2872d73bf\spring-tx-7.0.7.jar;C:\Users\jmmo0722\.gradle\caches\modules-2\files-2.1\org.antlr\antlr4-runtime\4.13.2\fc3db6d844df652a3d5db31c87fa12757f13691d\antlr4-runtime-4.13.2.jar;C:\Users\jmmo0722\.gradle\caches\modules-2\files-2.1\org.springframework.boot\spring-boot-persistence\4.0.6\43caab2de2aeaf4a7ae9aa5c5e049722697c06a2\spring-boot-persistence-4.0.6.jar;C:\Users\jmmo0722\.gradle\caches\modules-2\files-2.1\org.aspectj\aspectjweaver\1.9.25.1\a713c790da4d794c7dfb542b550d4e44898d5e23\aspectjweaver-1.9.25.1.jar;C:\Users\jmmo0722\.gradle\caches\modules-2\files-2.1\org.springframework.data\spring-data-keyvalue\4.0.5\dd5d28b67256b37c081323b90c2b5376dafb2e15\spring-data-keyvalue-4.0.5.jar;C:\Users\jmmo0722\.gradle\caches\modules-2\files-2.1\org.springframework\spring-oxm\7.0.7\82cd816c1e687fe1e600f162654fc853292cfa3b\spring-oxm-7.0.7.jar;C:\Users\jmmo0722\.gradle\caches\modules-2\files-2.1\redis.clients.authentication\redis-authx-core\0.1.1-beta2\4037345ff29fb22c737bab2ed116a34262718ae5\redis-authx-core-0.1.1-beta2.jar;C:\Users\jmmo0722\.gradle\caches\modules-2\files-2.1\io.netty\netty-resolver-dns\4.2.12.Final\c7eeea93db8a94947732e318423e5c0d8746e6a9\netty-resolver-dns-4.2.12.Final.jar;C:\Users\jmmo0722\.gradle\caches\modules-2\files-2.1\org.springframework.amqp\spring-amqp\4.0.3\119fe27e4efbd488141a792f92d18ed118054ada\spring-amqp-4.0.3.jar;C:\Users\jmmo0722\.gradle\caches\modules-2\files-2.1\com.rabbitmq\amqp-client\5.27.1\cce50ddb894224c3ef72cf857b544240c100ce76\amqp-client-5.27.1.jar;C:\Users\jmmo0722\.gradle\caches\modules-2\files-2.1\com.nimbusds\oauth2-oidc-sdk\11.26.1\fe01570e55df6e4d56ecc0a481d5ccf95ae1363\oauth2-oidc-sdk-11.26.1.jar;C:\Users\jmmo0722\.gradle\caches\modules-2\files-2.1\org.springframework\spring-expression\7.0.7\90c3dc3174244786c33eb3a2be8c5006cfc7389b\spring-expression-7.0.7.jar;C:\Users\jmmo0722\.gradle\caches\modules-2\files-2.1\org.springframework.security\spring-security-crypto\7.0.5\e18e190fe0b55b0e28ae4a64c59bb2efe5406466\spring-security-crypto-7.0.5.jar;C:\Users\jmmo0722\.gradle\caches\modules-2\files-2.1\jakarta.validation\jakarta.validation-api\3.1.1\ec8622148afc5564235d17af80ea80288d0e7f92\jakarta.validation-api-3.1.1.jar;C:\Users\jmmo0722\.gradle\caches\modules-2\files-2.1\org.jboss.logging\jboss-logging\3.6.3.Final\1cc9f976725720bb4a66f80af3e3aa6b9890d969\jboss-logging-3.6.3.Final.jar;C:\Users\jmmo0722\.gradle\caches\modules-2\files-2.1\com.fasterxml\classmate\1.7.3\f61c7e7b81e9249b0f6a05914eff9d54fb09f4a0\classmate-1.7.3.jar;C:\Users\jmmo0722\.gradle\caches\modules-2\files-2.1\tools.jackson.core\jackson-databind\3.1.2\2550e04829fc14566ddab7b9564ba886a9c6a532\jackson-databind-3.1.2.jar;C:\Users\jmmo0722\.gradle\caches\modules-2\files-2.1\org.apache.tomcat.embed\tomcat-embed-websocket\11.0.21\abed2f9a4a8d7e8b8dfe492b1c6e58ea73825db\tomcat-embed-websocket-11.0.21.jar;C:\Users\jmmo0722\.gradle\caches\modules-2\files-2.1\org.apache.tomcat.embed\tomcat-embed-core\11.0.21\6d53989fe9f9416eb1295a9c53c7b6fb8e3c04bb\tomcat-embed-core-11.0.21.jar;C:\Users\jmmo0722\.gradle\caches\modules-2\files-2.1\org.springframework.boot\spring-boot-micrometer-observation\4.0.6\ab486802d7623d00f02ee9838d94af66636b440c\spring-boot-micrometer-observation-4.0.6.jar;C:\Users\jmmo0722\.gradle\caches\modules-2\files-2.1\io.projectreactor.netty\reactor-netty-http\1.3.5\dd693f3211b1c92619fabaf88bb4c5dd13a2d57\reactor-netty-http-1.3.5.jar;C:\Users\jmmo0722\.gradle\caches\modules-2\files-2.1\org.jetbrains.kotlin\kotlin-stdlib-jdk7\2.2.21\e328a92364cf922b413ad28b70861e373aa6339c\kotlin-stdlib-jdk7-2.2.21.jar;C:\Users\jmmo0722\.gradle\caches\modules-2\files-2.1\org.jetbrains.kotlin\kotlin-stdlib\2.2.21\fa374a986e128314c3db00a20aae55f72a258511\kotlin-stdlib-2.2.21.jar;C:\Users\jmmo0722\.gradle\caches\modules-2\files-2.1\io.swagger.core.v3\swagger-core-jakarta\2.2.47\dfc9823d4661ab1caa06f55977e15af795d3328e\swagger-core-jakarta-2.2.47.jar;C:\Users\jmmo0722\.gradle\caches\modules-2\files-2.1\jakarta.activation\jakarta.activation-api\2.1.4\9e5c2a0d75dde71a0bedc4dbdbe47b78a5dc50f8\jakarta.activation-api-2.1.4.jar;C:\Users\jmmo0722\.gradle\caches\modules-2\files-2.1\org.apache.logging.log4j\log4j-api\2.25.4\89ff2217b193fb187b134aa6ebcbfa8a28b018a9\log4j-api-2.25.4.jar;C:\Users\jmmo0722\.gradle\caches\modules-2\files-2.1\biz.aQute.bnd\biz.aQute.bnd.annotation\7.1.0\2f2be18c936d08cf46ea6cfa0043f34afdf38705\biz.aQute.bnd.annotation-7.1.0.jar;C:\Users\jmmo0722\.gradle\caches\modules-2\files-2.1\org.osgi\org.osgi.annotation.bundle\2.0.0\f5c2cd6e670c3c5d440d3003efd5ef2ead5c68eb\org.osgi.annotation.bundle-2.0.0.jar;C:\Users\jmmo0722\.gradle\caches\modules-2\files-2.1\org.osgi\org.osgi.annotation.versioning\1.1.2\dc3cd4ec96c0b3c5459fe00694bd73a816ecf93e\org.osgi.annotation.versioning-1.1.2.jar;C:\Users\jmmo0722\.gradle\caches\modules-2\files-2.1\ch.qos.logback\logback-core\1.5.32\fdfb3ff9a842303d4a95207294a6c6bc64e2605d\logback-core-1.5.32.jar;C:\Users\jmmo0722\.gradle\caches\modules-2\files-2.1\jakarta.persistence\jakarta.persistence-api\3.2.0\bb75a113f3fa191c2c7ee7b206d8e674251b3129\jakarta.persistence-api-3.2.0.jar;C:\Users\jmmo0722\.gradle\caches\modules-2\files-2.1\jakarta.transaction\jakarta.transaction-api\2.0.1\51a520e3fae406abb84e2e1148e6746ce3f80a1a\jakarta.transaction-api-2.0.1.jar;C:\Users\jmmo0722\.gradle\caches\modules-2\files-2.1\io.netty\netty-codec-dns\4.2.12.Final\d65d2be0cd872c5bb08378b4090232ea3d50793c\netty-codec-dns-4.2.12.Final.jar;C:\Users\jmmo0722\.gradle\caches\modules-2\files-2.1\io.netty\netty-codec\4.2.12.Final\67b917da20425d325081eb056883b47e1671430\netty-codec-4.2.12.Final.jar;C:\Users\jmmo0722\.gradle\caches\modules-2\files-2.1\com.github.stephenc.jcip\jcip-annotations\1.0-1\ef31541dd28ae2cefdd17c7ebf352d93e9058c63\jcip-annotations-1.0-1.jar;C:\Users\jmmo0722\.gradle\caches\modules-2\files-2.1\com.nimbusds\content-type\2.3\e3aa0be212d7a42839a8f3f506f5b990bcce0222\content-type-2.3.jar;C:\Users\jmmo0722\.gradle\caches\modules-2\files-2.1\net.minidev\json-smart\2.6.0\5f858a43a325a8673da6869ab2bc787a1bcb2244\json-smart-2.6.0.jar;C:\Users\jmmo0722\.gradle\caches\modules-2\files-2.1\com.nimbusds\lang-tag\1.7\97c73ecd70bc7e8eefb26c5eea84f251a63f1031\lang-tag-1.7.jar;C:\Users\jmmo0722\.gradle\caches\modules-2\files-2.1\tools.jackson.core\jackson-core\3.1.2\d0da2e67ffb0b7cf5aba0436b315aa3eb3eb37ca\jackson-core-3.1.2.jar;C:\Users\jmmo0722\.gradle\caches\modules-2\files-2.1\com.fasterxml.jackson.core\jackson-annotations\2.21\b1bc1868bf02dc0bd6c7836257a036a331005309\jackson-annotations-2.21.jar;C:\Users\jmmo0722\.gradle\caches\modules-2\files-2.1\io.projectreactor.netty\reactor-netty-core\1.3.5\9cfa82dfe196206b61e55a053c82ad02af8a1d07\reactor-netty-core-1.3.5.jar;C:\Users\jmmo0722\.gradle\caches\modules-2\files-2.1\io.netty\netty-codec-http2\4.2.12.Final\383b786cfc2549978390a2881ff3c146cc22bb54\netty-codec-http2-4.2.12.Final.jar;C:\Users\jmmo0722\.gradle\caches\modules-2\files-2.1\io.netty\netty-codec-http3\4.2.12.Final\4c1d110b95a00688f288bc93d11acb6dba3466ca\netty-codec-http3-4.2.12.Final.jar;C:\Users\jmmo0722\.gradle\caches\modules-2\files-2.1\io.netty\netty-resolver-dns-native-macos\4.2.12.Final\bd83e728616629cb62b1dd6ee2366498139dea23\netty-resolver-dns-native-macos-4.2.12.Final-osx-x86_64.jar;C:\Users\jmmo0722\.gradle\caches\modules-2\files-2.1\io.netty\netty-transport-native-epoll\4.2.12.Final\d5e896a5de7e630a79cb3e02fc4de8a6e69ad4cd\netty-transport-native-epoll-4.2.12.Final-linux-x86_64.jar;C:\Users\jmmo0722\.gradle\caches\modules-2\files-2.1\org.jetbrains\annotations\13.0\919f0dfe192fb4e063e7dacadee7f8bb9a2672a9\annotations-13.0.jar;C:\Users\jmmo0722\.gradle\caches\modules-2\files-2.1\com.fasterxml.jackson.datatype\jackson-datatype-jsr310\2.21.2\65b0cef8d997561541b7db6bbb1f6d42913b60e0\jackson-datatype-jsr310-2.21.2.jar;C:\Users\jmmo0722\.gradle\caches\modules-2\files-2.1\com.fasterxml.jackson.core\jackson-databind\2.21.2\71ab8ff75b4fd74afdee0004173fdd15de1d6a28\jackson-databind-2.21.2.jar;C:\Users\jmmo0722\.gradle\caches\modules-2\files-2.1\com.fasterxml.jackson.dataformat\jackson-dataformat-yaml\2.21.2\61694c28cd9661c97cf160c9858ec9658360ae71\jackson-dataformat-yaml-2.21.2.jar;C:\Users\jmmo0722\.gradle\caches\modules-2\files-2.1\jakarta.xml.bind\jakarta.xml.bind-api\4.0.4\d6d2327f3817d9a33a3b6b8f2e15a96bc2e7afdc\jakarta.xml.bind-api-4.0.4.jar;C:\Users\jmmo0722\.gradle\caches\modules-2\files-2.1\io.swagger.core.v3\swagger-models-jakarta\2.2.47\2234b19a2a855f70e33310c4339d872fca7d88fc\swagger-models-jakarta-2.2.47.jar;C:\Users\jmmo0722\.gradle\caches\modules-2\files-2.1\org.apache.commons\commons-lang3\3.19.0\d6524b169a6574cd253760c472d419b47bfd37e6\commons-lang3-3.19.0.jar;C:\Users\jmmo0722\.gradle\caches\modules-2\files-2.1\io.swagger.core.v3\swagger-annotations-jakarta\2.2.47\a4e49cd45a337ad6b9111c5e12b2573d39790051\swagger-annotations-jakarta-2.2.47.jar;C:\Users\jmmo0722\.gradle\caches\modules-2\files-2.1\org.osgi\org.osgi.resource\1.0.0\343c88949132984b3f2d4175a72c40b77dc65619\org.osgi.resource-1.0.0.jar;C:\Users\jmmo0722\.gradle\caches\modules-2\files-2.1\org.osgi\org.osgi.service.serviceloader\1.0.0\3728ff37909c6a3c1870b3e851342d9f2bd3cc63\org.osgi.service.serviceloader-1.0.0.jar;C:\Users\jmmo0722\.gradle\caches\modules-2\files-2.1\io.netty\netty-codec-protobuf\4.2.12.Final\7e6fc323518e56cc57a5d0769e1d03140cf111d9\netty-codec-protobuf-4.2.12.Final.jar;C:\Users\jmmo0722\.gradle\caches\modules-2\files-2.1\io.netty\netty-codec-marshalling\4.2.12.Final\c05e35c4309627b3148104f9f14be7fd6cff690\netty-codec-marshalling-4.2.12.Final.jar;C:\Users\jmmo0722\.gradle\caches\modules-2\files-2.1\net.minidev\accessors-smart\2.6.0\2d96f1d9b6ab7f13261aa81b15703574185747a0\accessors-smart-2.6.0.jar;C:\Users\jmmo0722\.gradle\caches\modules-2\files-2.1\io.netty\netty-handler-proxy\4.2.12.Final\2304d930dcd2c2ba3537318395361944938e3d42\netty-handler-proxy-4.2.12.Final.jar;C:\Users\jmmo0722\.gradle\caches\modules-2\files-2.1\io.netty\netty-codec-classes-quic\4.2.12.Final\7b393e85c2017ad4f63ac5cc8700babd28934061\netty-codec-classes-quic-4.2.12.Final.jar;C:\Users\jmmo0722\.gradle\caches\modules-2\files-2.1\io.netty\netty-resolver-dns-classes-macos\4.2.12.Final\58388fa99f61a3e6874387e10107a809de16f561\netty-resolver-dns-classes-macos-4.2.12.Final.jar;C:\Users\jmmo0722\.gradle\caches\modules-2\files-2.1\io.netty\netty-transport-classes-epoll\4.2.12.Final\208f99e5eb334344c51eb921563cd04a3458df66\netty-transport-classes-epoll-4.2.12.Final.jar;C:\Users\jmmo0722\.gradle\caches\modules-2\files-2.1\org.ow2.asm\asm\9.7.1\f0ed132a49244b042cd0e15702ab9f2ce3cc8436\asm-9.7.1.jar;C:\Users\jmmo0722\.gradle\caches\modules-2\files-2.1\io.netty\netty-codec-socks\4.2.12.Final\e7114ff84cea11086b33367468f5cae16aa727a8\netty-codec-socks-4.2.12.Final.jar;C:\Users\jmmo0722\.gradle\caches\modules-2\files-2.1\org.springframework.boot\spring-boot-devtools\4.0.6\2f45ebafbfc961cf55d4aa4a49bc1637bd6d0d2\spring-boot-devtools-4.0.6.jar;C:\Users\jmmo0722\.gradle\caches\modules-2\files-2.1\io.jsonwebtoken\jjwt-impl\0.12.6\ac23673a84b6089e0369fb8ab2c69edd91cd6eb0\jjwt-impl-0.12.6.jar;C:\Users\jmmo0722\.gradle\caches\modules-2\files-2.1\io.jsonwebtoken\jjwt-jackson\0.12.6\f141e0c1136ba17f2632858238a31ae05642dbf8\jjwt-jackson-0.12.6.jar;C:\Users\jmmo0722\.gradle\caches\modules-2\files-2.1\com.mysql\mysql-connector-j\9.7.0\4e6e3e8765e4a9d0609744b3e8fe75afe1b98cba\mysql-connector-j-9.7.0.jar;C:\Users\jmmo0722\.gradle\caches\modules-2\files-2.1\io.prometheus\prometheus-metrics-exposition-formats\1.4.3\14eeb4e0a6a366d6b7562e4457e2a863b837b5bd\prometheus-metrics-exposition-formats-1.4.3.jar;C:\Users\jmmo0722\.gradle\caches\modules-2\files-2.1\software.amazon.awssdk\apache-client\2.25.70\92b50418f5702060545c9389c3263e9a16d90a22\apache-client-2.25.70.jar;C:\Users\jmmo0722\.gradle\caches\modules-2\files-2.1\software.amazon.awssdk\netty-nio-client\2.25.70\1d24aa441b1b620831fcbce425eaef38168479be\netty-nio-client-2.25.70.jar;C:\Users\jmmo0722\.gradle\caches\modules-2\files-2.1\com.google.protobuf\protobuf-java\4.31.1\1828b20315b63d5f71b3c61b094494a8f1acdc5a\protobuf-java-4.31.1.jar;C:\Users\jmmo0722\.gradle\caches\modules-2\files-2.1\org.springframework.boot\spring-boot-netty\4.0.6\3b4262348951f383dbe48b57628b6ea12fa4d0d7\spring-boot-netty-4.0.6.jar;C:\Users\jmmo0722\.gradle\caches\modules-2\files-2.1\org.hdrhistogram\HdrHistogram\2.2.2\7959933ebcc0f05b2eaa5af0a0c8689fa257b15c\HdrHistogram-2.2.2.jar;C:\Users\jmmo0722\.gradle\caches\modules-2\files-2.1\org.latencyutils\LatencyUtils\2.0.3\769c0b82cb2421c8256300e907298a9410a2a3d3\LatencyUtils-2.0.3.jar;C:\Users\jmmo0722\.gradle\caches\modules-2\files-2.1\io.prometheus\prometheus-metrics-exposition-textformats\1.4.3\3a4f58da44fdb1a26bbda60cf38930db62f2f887\prometheus-metrics-exposition-textformats-1.4.3.jar;C:\Users\jmmo0722\.gradle\caches\modules-2\files-2.1\org.eclipse.angus\angus-mail\2.0.5\427f6d52ec0782f7efaca0c0732042e347a6cb4f\angus-mail-2.0.5.jar;C:\Users\jmmo0722\.gradle\caches\modules-2\files-2.1\io.perfmark\perfmark-api\0.26.0\ef65452adaf20bf7d12ef55913aba24037b82738\perfmark-api-0.26.0.jar;C:\Users\jmmo0722\.gradle\caches\modules-2\files-2.1\com.google.android\annotations\4.1.1.4\a1678ba907bf92691d879fef34e1a187038f9259\annotations-4.1.1.4.jar;C:\Users\jmmo0722\.gradle\caches\modules-2\files-2.1\org.codehaus.mojo\animal-sniffer-annotations\1.23\3c0daebd5f0e1ce72cc50c818321ac957aeb5d70\animal-sniffer-annotations-1.23.jar;C:\Users\jmmo0722\.gradle\caches\modules-2\files-2.1\io.grpc\grpc-googleapis\1.55.1\99f15db2412900a28397ba223074639f6d21c7e8\grpc-googleapis-1.55.1.jar;C:\Users\jmmo0722\.gradle\caches\modules-2\files-2.1\io.grpc\grpc-xds\1.55.1\38229a134dbf67a40aaaa963afd2522ca03230bd\grpc-xds-1.55.1.jar;C:\Users\jmmo0722\.gradle\caches\modules-2\files-2.1\io.opencensus\opencensus-proto\0.2.0\c05b6b32b69d5d9144087ea0ebc6fab183fb9151\opencensus-proto-0.2.0.jar;C:\Users\jmmo0722\.gradle\caches\modules-2\files-2.1\io.grpc\grpc-services\1.55.1\979879a4c11160b20ec2f04b739ecb0048b1bc00\grpc-services-1.55.1.jar;C:\Users\jmmo0722\.gradle\caches\modules-2\files-2.1\com.google.re2j\re2j\1.6\a13e879fd7971738d06020fefeb108cc14e14169\re2j-1.6.jar;C:\Users\jmmo0722\.gradle\caches\modules-2\files-2.1\io.grpc\grpc-rls\1.55.1\450e56087cc69eec057d5a056fea5923d14b4e11\grpc-rls-1.55.1.jar;C:\Users\jmmo0722\.gradle\caches\modules-2\files-2.1\org.eclipse.angus\angus-activation\2.0.3\7f80607ea5014fef0b1779e6c33d63a88a45a563\angus-activation-2.0.3.jar;C:\Users\jmmo0722\.gradle\caches\modules-2\files-2.1\org.hibernate.models\hibernate-models\1.0.1\3158c5f9309494b905de62c72f6f02d108aea651\hibernate-models-1.0.1.jar;C:\Users\jmmo0722\.gradle\caches\modules-2\files-2.1\org.glassfish.jaxb\jaxb-runtime\4.0.6\fb95ebb62564657b2fedfe165b859789ef3a8711\jaxb-runtime-4.0.6.jar;C:\Users\jmmo0722\.gradle\caches\modules-2\files-2.1\net.bytebuddy\byte-buddy\1.17.8\af5735f63d00ca47a9375fae5c7471a36331c6ed\byte-buddy-1.17.8.jar;C:\Users\jmmo0722\.gradle\caches\modules-2\files-2.1\jakarta.inject\jakarta.inject-api\2.0.1\4c28afe1991a941d7702fe1362c365f0a8641d1e\jakarta.inject-api-2.0.1.jar;C:\Users\jmmo0722\.gradle\caches\modules-2\files-2.1\org.glassfish.jaxb\jaxb-core\4.0.6\8e61282303777fc98a00cc3affd0560d68748a75\jaxb-core-4.0.6.jar;C:\Users\jmmo0722\.gradle\caches\modules-2\files-2.1\io.netty\netty-codec-native-quic\4.2.12.Final\37988fd1ec666656915fd418aded37a01bc65941\netty-codec-native-quic-4.2.12.Final-linux-aarch_64.jar;C:\Users\jmmo0722\.gradle\caches\modules-2\files-2.1\io.netty\netty-codec-native-quic\4.2.12.Final\632cc4feab6a0583e5a879e05c59acb4bef5d8b0\netty-codec-native-quic-4.2.12.Final-linux-x86_64.jar;C:\Users\jmmo0722\.gradle\caches\modules-2\files-2.1\io.netty\netty-codec-native-quic\4.2.12.Final\ca327d4c0132005fc0bcbe33c110c500083c0740\netty-codec-native-quic-4.2.12.Final-osx-aarch_64.jar;C:\Users\jmmo0722\.gradle\caches\modules-2\files-2.1\io.netty\netty-codec-native-quic\4.2.12.Final\54a84890c0a4ef4b44e5c3919b09f67e229d6233\netty-codec-native-quic-4.2.12.Final-osx-x86_64.jar;C:\Users\jmmo0722\.gradle\caches\modules-2\files-2.1\io.netty\netty-codec-native-quic\4.2.12.Final\e794e36f597a26879225ed839c2ee4687a1f21b7\netty-codec-native-quic-4.2.12.Final-windows-x86_64.jar;C:\Users\jmmo0722\.gradle\caches\modules-2\files-2.1\org.glassfish.jaxb\txw2\4.0.6\4f4cd53b5ff9a2c5aa1211f15ed2569c57dfb044\txw2-4.0.6.jar;C:\Users\jmmo0722\.gradle\caches\modules-2\files-2.1\com.sun.istack\istack-commons-runtime\4.1.2\18ec117c85f3ba0ac65409136afa8e42bc74e739\istack-commons-runtime-4.1.2.jar;C:\Program Files\JetBrains\IntelliJ IDEA 2025.1.3\lib\idea_rt.jar
Launcher Type: SUN_STANDARD

[Global flags]
     intx CICompilerCount                          = 4                                         {product} {ergonomic}
     uint ConcGCThreads                            = 3                                         {product} {ergonomic}
     uint G1ConcRefinementThreads                  = 10                                        {product} {ergonomic}
   size_t G1HeapRegionSize                         = 2097152                                   {product} {ergonomic}
    uintx GCDrainStackTargetSize                   = 64                                        {product} {ergonomic}
   size_t InitialHeapSize                          = 232783872                                 {product} {ergonomic}
     bool ManagementServer                         = true                                      {product} {command line}
   size_t MarkStackSize                            = 4194304                                   {product} {ergonomic}
   size_t MaxHeapSize                              = 3716153344                                {product} {ergonomic}
   size_t MaxNewSize                               = 2229272576                                {product} {ergonomic}
   size_t MinHeapDeltaBytes                        = 2097152                                   {product} {ergonomic}
   size_t MinHeapSize                              = 8388608                                   {product} {ergonomic}
    uintx NonNMethodCodeHeapSize                   = 4096                                   {pd product} {ergonomic}
    uintx NonProfiledCodeHeapSize                  = 0                                      {pd product} {ergonomic}
     bool ProfileInterpreter                       = false                                  {pd product} {command line}
    uintx ProfiledCodeHeapSize                     = 0                                      {pd product} {ergonomic}
   size_t SoftMaxHeapSize                          = 3716153344                             {manageable} {ergonomic}
     intx TieredStopAtLevel                        = 1                                         {product} {command line}
     bool UseCompressedOops                        = true                           {product lp64_product} {ergonomic}
     bool UseG1GC                                  = true                                      {product} {ergonomic}
     bool UseLargePagesIndividualAllocation        = false                                  {pd product} {ergonomic}

Logging:
Log output configuration:
 #0: stdout all=warning uptime,level,tags foldmultilines=false
 #1: stderr all=off uptime,level,tags foldmultilines=false

Release file:
IMPLEMENTOR="Eclipse Adoptium" 
IMPLEMENTOR_VERSION="Temurin-21.0.9+10" 
JAVA_RUNTIME_VERSION="21.0.9+10-LTS" 
JAVA_VERSION="21.0.9" 
JAVA_VERSION_DATE="2025-10-21" 
LIBC="default" 
MODULES="java.base java.compiler java.datatransfer java.xml java.prefs java.desktop java.instrument java.logging java.management java.security.sasl java.naming java.rmi java.management.rmi java.net.http java.scripting java.security.jgss java.transaction.xa java.sql java.sql.rowset java.xml.crypto java.se java.smartcardio jdk.accessibility jdk.internal.jvmstat jdk.attach jdk.charsets jdk.internal.opt jdk.zipfs jdk.compiler jdk.crypto.ec jdk.crypto.cryptoki jdk.crypto.mscapi jdk.dynalink jdk.internal.ed jdk.editpad jdk.hotspot.agent jdk.httpserver jdk.incubator.vector jdk.internal.le jdk.internal.vm.ci jdk.internal.vm.compiler jdk.internal.vm.compiler.management jdk.jartool jdk.javadoc jdk.jcmd jdk.management jdk.management.agent jdk.jconsole jdk.jdeps jdk.jdwp.agent jdk.jdi jdk.jfr jdk.jlink jdk.jpackage jdk.jshell jdk.jsobject jdk.jstatd jdk.localedata jdk.management.jfr jdk.naming.dns jdk.naming.rmi jdk.net jdk.nio.mapmode jdk.random jdk.sctp jdk.security.auth jdk.security.jgss jdk.unsupported jdk.unsupported.desktop jdk.xml.dom" 
OS_ARCH="x86_64" 
OS_NAME="Windows" 
SOURCE=".:git:759062135b07" 
BUILD_SOURCE="git:839fa0b45d809157cffd3dc8515aad262a4a1776"
BUILD_SOURCE_REPO="https://github.com/adoptium/temurin-build.git"
SOURCE_REPO="https://github.com/adoptium/jdk21u.git"
FULL_VERSION="21.0.9+10-LTS"
SEMANTIC_VERSION="21.0.9+10"
BUILD_INFO="OS: Windows Server 2022 Version: 10.0"
JVM_VARIANT="Hotspot"
JVM_VERSION="21.0.9+10-LTS"
IMAGE_TYPE="JDK"

Environment Variables:
JAVA_HOME=C:/Program Files/Java/jdk-17
PATH=C:\Program Files\Common Files\Oracle\Java\javapath;C:\WINDOWS\system32;C:\WINDOWS;C:\WINDOWS\System32\Wbem;C:\WINDOWS\System32\WindowsPowerShell\v1.0\;C:\WINDOWS\System32\OpenSSH\;C:\Program Files\Bandizip\;C:\msys64\ucrt64\bin;C:\Program Files\Git\cmd;C:\Users\jmmo0722\Desktop\gradle-9.0.0\bin;C:\Users\jmmo0722\Desktop\gradle-9.0.0;C:\Program Files\Docker\Docker\resources\bin;C:\Program Files\dotnet\;%NVM_HOME%;%NVM_SYMLINK%;C:\Program Files\GitHub CLI\;C:\Program Files\k6\;C:\Users\jmmo0722\bin;C:\Program Files\MySQL\MySQL Shell 8.0\bin\;C:\Users\jmmo0722\AppData\Local\Microsoft\WindowsApps;C:\Program Files\JetBrains\IntelliJ IDEA Community Edition 2024.1.1\bin;C:\Users\jmmo0722\Desktop\flutter\bin;C:\Users\jmmo0722\AppData\Roaming\npm;C:\Users\jmmo0722\AppData\Local\Programs\Antigravity\bin;C:\Users\jmmo0722\AppData\Local\Android\Sdk\platform-tools;C:\Users\jmmo0722\AppData\Local\Programs\Microsoft VS Code\bin;C:\Users\jmmo0722\AppData\Local\nvm;C:\nvm4w\nodejs
USERNAME=jmmo0722
OS=Windows_NT
PROCESSOR_IDENTIFIER=AMD64 Family 25 Model 80 Stepping 0, AuthenticAMD
TMP=C:\Users\jmmo0722\AppData\Local\Temp
TEMP=C:\Users\jmmo0722\AppData\Local\Temp




Periodic native trim disabled

---------------  S Y S T E M  ---------------

OS:
 Windows 11 , 64 bit Build 26100 (10.0.26100.8875)
OS uptime: 27 days 7:42 hours
Hyper-V role detected

CPU: total 12 (initial active 12) (12 cores per cpu, 2 threads per core) family 25 model 80 stepping 0 microcode 0xa50000d, cx8, cmov, fxsr, ht, mmx, 3dnowpref, sse, sse2, sse3, ssse3, sse4a, sse4.1, sse4.2, popcnt, lzcnt, tsc, tscinvbit, avx, avx2, aes, erms, clmul, bmi1, bmi2, adx, sha, fma, vzeroupper, clflush, clflushopt, hv, rdtscp, rdpid, fsrm, f16c, cet_ss
Processor Information for the first 12 processors :
  Max Mhz: 2000, Current Mhz: 2000, Mhz Limit: 2000

Memory: 4k page, system-wide physical 14173M (232M free)
TotalPageFile size 44567M (AvailPageFile size 17M)
current process WorkingSet (physical memory assigned to process): 3832M, peak: 3895M
current process commit charge ("private bytes"): 4134M, peak: 4139M

vm_info: OpenJDK 64-Bit Server VM (21.0.9+10-LTS) for windows-amd64 JRE (21.0.9+10-LTS), built on 2025-10-21T00:00:00Z by "admin" with unknown MS VC++:1942

END.
