#
# There is insufficient memory for the Java Runtime Environment to continue.
# Native memory allocation (mmap) failed to map 236978176 bytes. Error detail: G1 virtual space
# Possible reasons:
#   The system is out of physical RAM or swap space
#   This process is running with CompressedOops enabled, and the Java Heap may be blocking the growth of the native heap
# Possible solutions:
#   Reduce memory load on the system
#   Increase physical memory or swap space
#   Check if swap backing store is full
#   Decrease Java heap size (-Xmx/-Xms)
#   Decrease number of Java threads
#   Decrease Java thread stack sizes (-Xss)
#   Set larger code cache with -XX:ReservedCodeCacheSize=
#   JVM is running with Zero Based Compressed Oops mode in which the Java heap is
#     placed in the first 32GB address space. The Java Heap base address is the
#     maximum limit for the native heap growth. Please use -XX:HeapBaseMinAddress
#     to set the Java Heap base and to place the Java Heap above 32GB virtual address.
# This output file may be truncated or incomplete.
#
#  Out of Memory Error (os_windows.cpp:3713), pid=4832, tid=13672
#
# JRE version: OpenJDK Runtime Environment Temurin-21.0.9+10 (21.0.9+10) (build 21.0.9+10-LTS)
# Java VM: OpenJDK 64-Bit Server VM Temurin-21.0.9+10 (21.0.9+10-LTS, mixed mode, emulated-client, sharing, tiered, compressed oops, compressed class ptrs, g1 gc, windows-amd64)
# No core dump will be written. Minidumps are not enabled by default on client versions of Windows
#

---------------  S U M M A R Y ------------

Command Line: -XX:TieredStopAtLevel=1 -Dspring.output.ansi.enabled=always -Dcom.sun.management.jmxremote -Dspring.jmx.enabled=true -Dspring.liveBeansView.mbeanDomain -Dspring.application.admin.enabled=true -Dmanagement.endpoints.jmx.exposure.include=* -javaagent:C:\Program Files\JetBrains\IntelliJ IDEA 2025.1.3\lib\idea_rt.jar=4374 -Dfile.encoding=UTF-8 -Dsun.stdout.encoding=UTF-8 -Dsun.stderr.encoding=UTF-8 com.project.picngo.PicngoApplication

Host: AMD Ryzen 5 7530U with Radeon Graphics         , 12 cores, 13G,  Windows 11 , 64 bit Build 26100 (10.0.26100.8875)
Time: Wed Aug 12 16:20:25 2026 elapsed time: 779.173038 seconds (0d 0h 12m 59s)

---------------  T H R E A D  ---------------

Current thread (0x00000198a82c6fa0):  VMThread "VM Thread"          [id=13672, stack(0x0000005ab3000000,0x0000005ab3100000) (1024K)]

Stack: [0x0000005ab3000000,0x0000005ab3100000]
Native frames: (J=compiled Java code, j=interpreted, Vv=VM code, C=native code)
V  [jvm.dll+0x6d6e29]
V  [jvm.dll+0x8b4b76]
V  [jvm.dll+0x8b712e]
V  [jvm.dll+0x8b7813]
V  [jvm.dll+0x283d86]
V  [jvm.dll+0x6d3745]
V  [jvm.dll+0x6c747a]
V  [jvm.dll+0x35e7e8]
V  [jvm.dll+0x366426]
V  [jvm.dll+0x3b73fe]
V  [jvm.dll+0x3b76a8]
V  [jvm.dll+0x3329ec]
V  [jvm.dll+0x335206]
V  [jvm.dll+0x33f1fd]
V  [jvm.dll+0x3748bf]
V  [jvm.dll+0x8bd500]
V  [jvm.dll+0x8be8a4]
V  [jvm.dll+0x8bede0]
V  [jvm.dll+0x8bf083]
V  [jvm.dll+0x85e9ad]
V  [jvm.dll+0x6d565d]
C  [ucrtbase.dll+0x2cd30]
C  [KERNEL32.DLL+0x2e957]
C  [ntdll.dll+0xaad6c]

VM_Operation (0x0000005ab2bff4f0): G1PauseRemark, mode: safepoint, requested by thread 0x00000198956ef060


---------------  P R O C E S S  ---------------

Threads class SMR info:
_java_thread_list=0x00000198f825f3a0, length=52, elements={
0x00000198a82e1cf0, 0x00000198a82e63d0, 0x00000198a82ed5c0, 0x00000198a82ee4a0,
0x00000198a82f05d0, 0x00000198a82f4d50, 0x00000198a8304350, 0x00000198a8493cf0,
0x00000198ee7fd8d0, 0x00000198ee7fdf30, 0x00000198eebe7ab0, 0x00000198eec3df50,
0x00000198eec51a50, 0x00000198ef2f7ac0, 0x00000198ef2f8150, 0x00000198ef2f87e0,
0x00000198ef2f9b90, 0x00000198ef2f8e70, 0x00000198ef2f9500, 0x00000198a81bab40,
0x00000198a81bcc10, 0x00000198a81ba4b0, 0x00000198f83d94a0, 0x00000198f83d66b0,
0x00000198f83d6d40, 0x00000198f83d73d0, 0x00000198f83d6020, 0x00000198f83d9b30,
0x00000198f83daee0, 0x00000198f83da1c0, 0x00000198f83da850, 0x00000198f83d7a60,
0x00000198f83d8780, 0x00000198f83db570, 0x00000198f83d80f0, 0x00000198f83dbc00,
0x00000198f83dc290, 0x00000198f83dc920, 0x00000198f83dcfb0, 0x00000198f83dd640,
0x00000198a81b9e20, 0x00000198a81bb1d0, 0x00000198a81bb860, 0x00000198ef2fa220,
0x00000198f8354070, 0x00000198f8356140, 0x00000198f83567d0, 0x00000198f8355ab0,
0x00000198f83574f0, 0x00000198f8355420, 0x00000198f8a75700, 0x00000198f9374cd0
}

Java Threads: ( => current thread )
  0x00000198a82e1cf0 JavaThread "Reference Handler"          daemon [_thread_blocked, id=18272, stack(0x0000005ab3100000,0x0000005ab3200000) (1024K)]
  0x00000198a82e63d0 JavaThread "Finalizer"                  daemon [_thread_blocked, id=7328, stack(0x0000005ab3200000,0x0000005ab3300000) (1024K)]
  0x00000198a82ed5c0 JavaThread "Signal Dispatcher"          daemon [_thread_blocked, id=13704, stack(0x0000005ab3300000,0x0000005ab3400000) (1024K)]
  0x00000198a82ee4a0 JavaThread "Attach Listener"            daemon [_thread_blocked, id=27848, stack(0x0000005ab3400000,0x0000005ab3500000) (1024K)]
  0x00000198a82f05d0 JavaThread "Service Thread"             daemon [_thread_blocked, id=33500, stack(0x0000005ab3500000,0x0000005ab3600000) (1024K)]
  0x00000198a82f4d50 JavaThread "Monitor Deflation Thread"   daemon [_thread_blocked, id=44112, stack(0x0000005ab3600000,0x0000005ab3700000) (1024K)]
  0x00000198a8304350 JavaThread "C1 CompilerThread0"         daemon [_thread_blocked, id=42024, stack(0x0000005ab3700000,0x0000005ab3800000) (1024K)]
  0x00000198a8493cf0 JavaThread "Common-Cleaner"             daemon [_thread_blocked, id=27724, stack(0x0000005ab3a00000,0x0000005ab3b00000) (1024K)]
  0x00000198ee7fd8d0 JavaThread "Monitor Ctrl-Break"         daemon [_thread_in_native, id=17684, stack(0x0000005ab3c00000,0x0000005ab3d00000) (1024K)]
  0x00000198ee7fdf30 JavaThread "Notification Thread"        daemon [_thread_blocked, id=4416, stack(0x0000005ab3d00000,0x0000005ab3e00000) (1024K)]
  0x00000198eebe7ab0 JavaThread "RMI TCP Accept-0"           daemon [_thread_in_native, id=42796, stack(0x0000005ab4400000,0x0000005ab4500000) (1024K)]
  0x00000198eec3df50 JavaThread "RMI Scheduler(0)"           daemon [_thread_blocked, id=22228, stack(0x0000005ab4600000,0x0000005ab4700000) (1024K)]
  0x00000198eec51a50 JavaThread "JMX server connection timeout 32" daemon [_thread_blocked, id=33108, stack(0x0000005ab4700000,0x0000005ab4800000) (1024K)]
  0x00000198ef2f7ac0 JavaThread "mysql-cj-abandoned-connection-cleanup" daemon [_thread_blocked, id=28252, stack(0x0000005ab4d00000,0x0000005ab4e00000) (1024K)]
  0x00000198ef2f8150 JavaThread "HikariPool-1:housekeeper"   daemon [_thread_blocked, id=43472, stack(0x0000005ab3b00000,0x0000005ab3c00000) (1024K)]
  0x00000198ef2f87e0 JavaThread "Catalina-utility-1"                [_thread_blocked, id=28328, stack(0x0000005ab5000000,0x0000005ab5100000) (1024K)]
  0x00000198ef2f9b90 JavaThread "Catalina-utility-2"                [_thread_blocked, id=196, stack(0x0000005ab5300000,0x0000005ab5400000) (1024K)]
  0x00000198ef2f8e70 JavaThread "container-0"                       [_thread_blocked, id=1900, stack(0x0000005ab5400000,0x0000005ab5500000) (1024K)]
  0x00000198ef2f9500 JavaThread "idle-connection-reaper"     daemon [_thread_blocked, id=9672, stack(0x0000005ab5500000,0x0000005ab5600000) (1024K)]
  0x00000198a81bab40 JavaThread "Jndi-Dns-address-change-listener" daemon [_thread_in_native, id=4456, stack(0x0000005ab5200000,0x0000005ab5300000) (1024K)]
  0x00000198a81bcc10 JavaThread "lettuce-eventExecutorLoop-1-1" daemon [_thread_blocked, id=35356, stack(0x0000005ab5600000,0x0000005ab5700000) (1024K)]
  0x00000198a81ba4b0 JavaThread "lettuce-timer-3-1"          daemon [_thread_blocked, id=28192, stack(0x0000005ab5700000,0x0000005ab5800000) (1024K)]
  0x00000198f83d94a0 JavaThread "File Watcher"               daemon [_thread_blocked, id=8780, stack(0x0000005ab5100000,0x0000005ab5200000) (1024K)]
  0x00000198f83d66b0 JavaThread "MessageBroker-1"                   [_thread_blocked, id=11996, stack(0x0000005ab5a00000,0x0000005ab5b00000) (1024K)]
  0x00000198f83d6d40 JavaThread "http-nio-8080-exec-1"       daemon [_thread_blocked, id=2556, stack(0x0000005ab5b00000,0x0000005ab5c00000) (1024K)]
  0x00000198f83d73d0 JavaThread "http-nio-8080-exec-2"       daemon [_thread_blocked, id=31816, stack(0x0000005ab5c00000,0x0000005ab5d00000) (1024K)]
  0x00000198f83d6020 JavaThread "http-nio-8080-exec-3"       daemon [_thread_blocked, id=27768, stack(0x0000005ab5d00000,0x0000005ab5e00000) (1024K)]
  0x00000198f83d9b30 JavaThread "http-nio-8080-exec-4"       daemon [_thread_blocked, id=42860, stack(0x0000005ab5e00000,0x0000005ab5f00000) (1024K)]
  0x00000198f83daee0 JavaThread "http-nio-8080-exec-5"       daemon [_thread_blocked, id=43724, stack(0x0000005ab5f00000,0x0000005ab6000000) (1024K)]
  0x00000198f83da1c0 JavaThread "http-nio-8080-exec-6"       daemon [_thread_blocked, id=18836, stack(0x0000005ab6000000,0x0000005ab6100000) (1024K)]
  0x00000198f83da850 JavaThread "http-nio-8080-exec-7"       daemon [_thread_blocked, id=12688, stack(0x0000005ab6100000,0x0000005ab6200000) (1024K)]
  0x00000198f83d7a60 JavaThread "http-nio-8080-exec-8"       daemon [_thread_blocked, id=14832, stack(0x0000005ab6200000,0x0000005ab6300000) (1024K)]
  0x00000198f83d8780 JavaThread "http-nio-8080-exec-9"       daemon [_thread_in_native, id=22428, stack(0x0000005ab6300000,0x0000005ab6400000) (1024K)]
  0x00000198f83db570 JavaThread "http-nio-8080-exec-10"      daemon [_thread_blocked, id=23532, stack(0x0000005ab6400000,0x0000005ab6500000) (1024K)]
  0x00000198f83d80f0 JavaThread "http-nio-8080-Poller"       daemon [_thread_blocked, id=39536, stack(0x0000005ab6500000,0x0000005ab6600000) (1024K)]
  0x00000198f83dbc00 JavaThread "http-nio-8080-Acceptor"     daemon [_thread_in_native, id=34300, stack(0x0000005ab6600000,0x0000005ab6700000) (1024K)]
  0x00000198f83dc290 JavaThread "AMQP Connection 127.0.0.1:5672"        [_thread_in_native, id=37384, stack(0x0000005ab6700000,0x0000005ab6800000) (1024K)]
  0x00000198f83dc920 JavaThread "pool-5-thread-2"                   [_thread_blocked, id=32116, stack(0x0000005ab6800000,0x0000005ab6900000) (1024K)]
  0x00000198f83dcfb0 JavaThread "org.springframework.amqp.rabbit.RabbitListenerEndpointContainer#0-1"        [_thread_blocked, id=32164, stack(0x0000005ab6900000,0x0000005ab6a00000) (1024K)]
  0x00000198f83dd640 JavaThread "pool-5-thread-3"                   [_thread_blocked, id=7856, stack(0x0000005ab6a00000,0x0000005ab6b00000) (1024K)]
  0x00000198a81b9e20 JavaThread "MessageBroker-2"                   [_thread_blocked, id=7440, stack(0x0000005ab6b00000,0x0000005ab6c00000) (1024K)]
  0x00000198a81bb1d0 JavaThread "MessageBroker-3"                   [_thread_blocked, id=43952, stack(0x0000005ab6c00000,0x0000005ab6d00000) (1024K)]
  0x00000198a81bb860 JavaThread "MessageBroker-4"                   [_thread_blocked, id=44960, stack(0x0000005ab6d00000,0x0000005ab6e00000) (1024K)]
  0x00000198ef2fa220 JavaThread "MessageBroker-5"                   [_thread_blocked, id=21072, stack(0x0000005ab6e00000,0x0000005ab6f00000) (1024K)]
  0x00000198f8354070 JavaThread "MessageBroker-6"                   [_thread_blocked, id=34608, stack(0x0000005ab6f00000,0x0000005ab7000000) (1024K)]
  0x00000198f8356140 JavaThread "MessageBroker-7"                   [_thread_blocked, id=42348, stack(0x0000005ab7000000,0x0000005ab7100000) (1024K)]
  0x00000198f83567d0 JavaThread "MessageBroker-8"                   [_thread_blocked, id=35736, stack(0x0000005ab7100000,0x0000005ab7200000) (1024K)]
  0x00000198f8355ab0 JavaThread "DestroyJavaVM"                     [_thread_blocked, id=3592, stack(0x0000005ab2900000,0x0000005ab2a00000) (1024K)]
  0x00000198f83574f0 JavaThread "MessageBroker-9"                   [_thread_blocked, id=34720, stack(0x0000005ab2600000,0x0000005ab2700000) (1024K)]
  0x00000198f8355420 JavaThread "lettuce-nioEventLoop-4-1"   daemon [_thread_blocked, id=9060, stack(0x0000005ab2800000,0x0000005ab2900000) (1024K)]
  0x00000198f8a75700 JavaThread "MessageBroker-10"                  [_thread_blocked, id=11216, stack(0x0000005ab5800000,0x0000005ab5900000) (1024K)]
  0x00000198f9374cd0 JavaThread "RMI TCP Connection(5)-172.25.128.1" daemon [_thread_blocked, id=7368, stack(0x0000005ab2700000,0x0000005ab2800000) (1024K)]
Total: 52

Other Threads:
=>0x00000198a82c6fa0 VMThread "VM Thread"                           [id=13672, stack(0x0000005ab3000000,0x0000005ab3100000) (1024K)]
  0x00000198a82b92e0 WatcherThread "VM Periodic Task Thread"        [id=12692, stack(0x0000005ab2f00000,0x0000005ab3000000) (1024K)]
  0x00000198956df480 WorkerThread "GC Thread#0"                     [id=4256, stack(0x0000005ab2a00000,0x0000005ab2b00000) (1024K)]
  0x00000198eeb08eb0 WorkerThread "GC Thread#1"                     [id=18940, stack(0x0000005ab3e00000,0x0000005ab3f00000) (1024K)]
  0x00000198eeb09250 WorkerThread "GC Thread#2"                     [id=16488, stack(0x0000005ab3f00000,0x0000005ab4000000) (1024K)]
  0x00000198eeb095f0 WorkerThread "GC Thread#3"                     [id=21560, stack(0x0000005ab4000000,0x0000005ab4100000) (1024K)]
  0x00000198eeb09990 WorkerThread "GC Thread#4"                     [id=35680, stack(0x0000005ab4100000,0x0000005ab4200000) (1024K)]
  0x00000198eeb21db0 WorkerThread "GC Thread#5"                     [id=44972, stack(0x0000005ab4200000,0x0000005ab4300000) (1024K)]
  0x00000198eeb22150 WorkerThread "GC Thread#6"                     [id=10640, stack(0x0000005ab4300000,0x0000005ab4400000) (1024K)]
  0x00000198eed55ae0 WorkerThread "GC Thread#7"                     [id=25572, stack(0x0000005ab4800000,0x0000005ab4900000) (1024K)]
  0x00000198eed62bf0 WorkerThread "GC Thread#8"                     [id=30104, stack(0x0000005ab4900000,0x0000005ab4a00000) (1024K)]
  0x00000198eed5beb0 WorkerThread "GC Thread#9"                     [id=13556, stack(0x0000005ab4a00000,0x0000005ab4b00000) (1024K)]
  0x00000198956ef060 ConcurrentGCThread "G1 Main Marker"            [id=29852, stack(0x0000005ab2b00000,0x0000005ab2c00000) (1024K)]
  0x00000198956f0300 WorkerThread "G1 Conc#0"                       [id=12756, stack(0x0000005ab2c00000,0x0000005ab2d00000) (1024K)]
  0x00000198ef15f6f0 WorkerThread "G1 Conc#1"                       [id=17888, stack(0x0000005ab4e00000,0x0000005ab4f00000) (1024K)]
  0x00000198ef74ffa0 WorkerThread "G1 Conc#2"                       [id=30896, stack(0x0000005ab4f00000,0x0000005ab5000000) (1024K)]
  0x00000198a81864a0 ConcurrentGCThread "G1 Refine#0"               [id=6640, stack(0x0000005ab2d00000,0x0000005ab2e00000) (1024K)]
  0x00000198a8187ec0 ConcurrentGCThread "G1 Service"                [id=40700, stack(0x0000005ab2e00000,0x0000005ab2f00000) (1024K)]
Total: 18

Threads with active compile tasks:
Total: 0

VM state: at safepoint (normal execution)

VM Mutex/Monitor currently owned by a thread:  ([mutex/lock_event])
[0x00007ffbc8a5d570] Threads_lock - owner thread: 0x00000198a82c6fa0
[0x00007ffbc8a5d670] Heap_lock - owner thread: 0x00000198956ef060

OutOfMemory and StackOverflow Exception counts:
OutOfMemoryError java_heap_errors=2
LinkageErrors=245

Heap address: 0x0000000722800000, size: 3544 MB, Compressed Oops mode: Zero based, Oop shift amount: 3

CDS archive(s) mapped at: [0x00000198a9000000-0x00000198a9c80000-0x00000198a9c80000), size 13107200, SharedBaseAddress: 0x00000198a9000000, ArchiveRelocationMode: 1.
Compressed class space mapped at: 0x00000198aa000000-0x00000198ea000000, reserved size: 1073741824
Narrow klass base: 0x00000198a9000000, Narrow klass shift: 0, Narrow klass range: 0x100000000

GC Precious Log:
 CardTable entry size: 512
 Card Set container configuration: InlinePtr #cards 4 size 8 Array Of Cards #cards 16 size 48 Howl #buckets 8 coarsen threshold 3686 Howl Bitmap #cards 512 size 80 coarsen threshold 460 Card regions per heap region 1 cards per card region 4096
 CPUs: 12 total, 12 available
 Memory: 14173M
 Large Page Support: Disabled
 NUMA Support: Disabled
 Compressed Oops: Enabled (Zero based)
 Heap Region Size: 2M
 Heap Min Capacity: 8M
 Heap Initial Capacity: 222M
 Heap Max Capacity: 3544M
 Pre-touch: Disabled
 Parallel Workers: 10
 Concurrent Workers: 3
 Concurrent Refinement Workers: 10
 Periodic GC: Disabled

Heap:
 garbage-first heap   total 3397632K, used 3077047K [0x0000000722800000, 0x0000000800000000)
  region size 2048K, 115 young (235520K), 21 survivors (43008K)
 Metaspace       used 138412K, committed 139392K, reserved 1179648K
  class space    used 19632K, committed 20096K, reserved 1048576K

Heap Regions: E=young(eden), S=young(survivor), O=old, HS=humongous(starts), HC=humongous(continues), CS=collection set, F=free, TAMS=top-at-mark-start, PB=parsable bottom
|   0|0x0000000722800000, 0x00000007229fdcd8, 0x0000000722a00000| 99%| O|  |TAMS 0x00000007229fdcd8| PB 0x00000007229fdcd8| Untracked 
|   1|0x0000000722a00000, 0x0000000722bffff0, 0x0000000722c00000| 99%| O|  |TAMS 0x0000000722bffff0| PB 0x0000000722bffff0| Untracked 
|   2|0x0000000722c00000, 0x0000000722dffff0, 0x0000000722e00000| 99%| O|  |TAMS 0x0000000722dffff0| PB 0x0000000722dffff0| Untracked 
|   3|0x0000000722e00000, 0x0000000722fff428, 0x0000000723000000| 99%| O|  |TAMS 0x0000000722fff428| PB 0x0000000722fff428| Untracked 
|   4|0x0000000723000000, 0x0000000723200000, 0x0000000723200000|100%| O|  |TAMS 0x0000000723200000| PB 0x0000000723200000| Untracked 
|   5|0x0000000723200000, 0x00000007233fff78, 0x0000000723400000| 99%| O|  |TAMS 0x00000007233fff78| PB 0x00000007233fff78| Untracked 
|   6|0x0000000723400000, 0x00000007235fff88, 0x0000000723600000| 99%| O|  |TAMS 0x00000007235fff88| PB 0x00000007235fff88| Untracked 
|   7|0x0000000723600000, 0x00000007237fffe8, 0x0000000723800000| 99%| O|  |TAMS 0x00000007237fffe8| PB 0x00000007237fffe8| Untracked 
|   8|0x0000000723800000, 0x00000007239ff428, 0x0000000723a00000| 99%| O|  |TAMS 0x00000007239ff428| PB 0x00000007239ff428| Untracked 
|   9|0x0000000723a00000, 0x0000000723bfffd8, 0x0000000723c00000| 99%| O|  |TAMS 0x0000000723bfffd8| PB 0x0000000723bfffd8| Untracked 
|  10|0x0000000723c00000, 0x0000000723e00000, 0x0000000723e00000|100%| O|  |TAMS 0x0000000723e00000| PB 0x0000000723e00000| Untracked 
|  11|0x0000000723e00000, 0x0000000723fffff0, 0x0000000724000000| 99%| O|  |TAMS 0x0000000723fffff0| PB 0x0000000723fffff0| Untracked 
|  12|0x0000000724000000, 0x00000007241fffe0, 0x0000000724200000| 99%| O|  |TAMS 0x00000007241fffe0| PB 0x00000007241fffe0| Untracked 
|  13|0x0000000724200000, 0x00000007243fffb8, 0x0000000724400000| 99%| O|  |TAMS 0x00000007243fffb8| PB 0x00000007243fffb8| Untracked 
|  14|0x0000000724400000, 0x00000007245fffe8, 0x0000000724600000| 99%| O|  |TAMS 0x00000007245fffe8| PB 0x00000007245fffe8| Untracked 
|  15|0x0000000724600000, 0x00000007247fffd8, 0x0000000724800000| 99%| O|  |TAMS 0x00000007247fffd8| PB 0x00000007247fffd8| Untracked 
|  16|0x0000000724800000, 0x00000007249ffff0, 0x0000000724a00000| 99%| O|  |TAMS 0x00000007249ffff0| PB 0x00000007249ffff0| Untracked 
|  17|0x0000000724a00000, 0x0000000724bffff8, 0x0000000724c00000| 99%| O|  |TAMS 0x0000000724bffff8| PB 0x0000000724bffff8| Untracked 
|  18|0x0000000724c00000, 0x0000000724dfffb8, 0x0000000724e00000| 99%| O|  |TAMS 0x0000000724dfffb8| PB 0x0000000724dfffb8| Untracked 
|  19|0x0000000724e00000, 0x0000000724ffff70, 0x0000000725000000| 99%| O|  |TAMS 0x0000000724ffff70| PB 0x0000000724ffff70| Untracked 
|  20|0x0000000725000000, 0x00000007251ffff8, 0x0000000725200000| 99%| O|  |TAMS 0x00000007251ffff8| PB 0x00000007251ffff8| Untracked 
|  21|0x0000000725200000, 0x0000000725400000, 0x0000000725400000|100%| O|  |TAMS 0x0000000725400000| PB 0x0000000725400000| Untracked 
|  22|0x0000000725400000, 0x00000007255fffe0, 0x0000000725600000| 99%| O|  |TAMS 0x00000007255fffe0| PB 0x00000007255fffe0| Untracked 
|  23|0x0000000725600000, 0x00000007257ffff0, 0x0000000725800000| 99%| O|  |TAMS 0x00000007257ffff0| PB 0x00000007257ffff0| Untracked 
|  24|0x0000000725800000, 0x00000007259ffff0, 0x0000000725a00000| 99%| O|  |TAMS 0x00000007259ffff0| PB 0x00000007259ffff0| Untracked 
|  25|0x0000000725a00000, 0x0000000725bfffa8, 0x0000000725c00000| 99%| O|  |TAMS 0x0000000725bfffa8| PB 0x0000000725bfffa8| Untracked 
|  26|0x0000000725c00000, 0x0000000725dfffa0, 0x0000000725e00000| 99%| O|  |TAMS 0x0000000725dfffa0| PB 0x0000000725dfffa0| Untracked 
|  27|0x0000000725e00000, 0x0000000726000000, 0x0000000726000000|100%| O|  |TAMS 0x0000000726000000| PB 0x0000000726000000| Untracked 
|  28|0x0000000726000000, 0x00000007261c98b8, 0x0000000726200000| 89%| O|  |TAMS 0x00000007261c98b8| PB 0x00000007261c98b8| Untracked 
|  29|0x0000000726200000, 0x00000007263ffff8, 0x0000000726400000| 99%| O|  |TAMS 0x00000007263ffff8| PB 0x00000007263ffff8| Untracked 
|  30|0x0000000726400000, 0x00000007264ab5e0, 0x0000000726600000| 33%| O|  |TAMS 0x00000007264ab5e0| PB 0x00000007264ab5e0| Updating 
|  31|0x0000000726600000, 0x0000000726800000, 0x0000000726800000|100%|HS|  |TAMS 0x0000000726800000| PB 0x0000000726600000| Complete 
|  32|0x0000000726800000, 0x00000007268e3748, 0x0000000726a00000| 44%| O|  |TAMS 0x00000007268e3748| PB 0x00000007268e3748| Updating 
|  33|0x0000000726a00000, 0x0000000726c00000, 0x0000000726c00000|100%| O|  |TAMS 0x0000000726c00000| PB 0x0000000726c00000| Untracked 
|  34|0x0000000726c00000, 0x0000000726dfe6e0, 0x0000000726e00000| 99%| O|  |TAMS 0x0000000726dfe6e0| PB 0x0000000726dfe6e0| Updating 
|  35|0x0000000726e00000, 0x0000000726f4a148, 0x0000000727000000| 64%| O|  |TAMS 0x0000000726f4a148| PB 0x0000000726f4a148| Updating 
|  36|0x0000000727000000, 0x00000007271ffff8, 0x0000000727200000| 99%| O|  |TAMS 0x00000007271ffff8| PB 0x00000007271ffff8| Untracked 
|  37|0x0000000727200000, 0x0000000727250d98, 0x0000000727400000| 15%| O|  |TAMS 0x0000000727250d98| PB 0x0000000727250d98| Updating 
|  38|0x0000000727400000, 0x0000000727600000, 0x0000000727600000|100%|HS|  |TAMS 0x0000000727600000| PB 0x0000000727400000| Complete 
|  39|0x0000000727600000, 0x0000000727800000, 0x0000000727800000|100%| O|  |TAMS 0x0000000727800000| PB 0x0000000727800000| Updating 
|  40|0x0000000727800000, 0x0000000727a00000, 0x0000000727a00000|100%|HS|  |TAMS 0x0000000727a00000| PB 0x0000000727800000| Complete 
|  41|0x0000000727a00000, 0x0000000727c00000, 0x0000000727c00000|100%|HC|  |TAMS 0x0000000727c00000| PB 0x0000000727a00000| Complete 
|  42|0x0000000727c00000, 0x0000000727e00000, 0x0000000727e00000|100%|HC|  |TAMS 0x0000000727e00000| PB 0x0000000727c00000| Complete 
|  43|0x0000000727e00000, 0x0000000728000000, 0x0000000728000000|100%|HC|  |TAMS 0x0000000728000000| PB 0x0000000727e00000| Complete 
|  44|0x0000000728000000, 0x0000000728200000, 0x0000000728200000|100%|HC|  |TAMS 0x0000000728200000| PB 0x0000000728000000| Complete 
|  45|0x0000000728200000, 0x0000000728400000, 0x0000000728400000|100%|HS|  |TAMS 0x0000000728400000| PB 0x0000000728200000| Complete 
|  46|0x0000000728400000, 0x0000000728600000, 0x0000000728600000|100%| O|  |TAMS 0x0000000728600000| PB 0x0000000728600000| Untracked 
|  47|0x0000000728600000, 0x0000000728800000, 0x0000000728800000|100%|HS|  |TAMS 0x0000000728800000| PB 0x0000000728600000| Complete 
|  48|0x0000000728800000, 0x0000000728a00000, 0x0000000728a00000|100%|HC|  |TAMS 0x0000000728a00000| PB 0x0000000728800000| Complete 
|  49|0x0000000728a00000, 0x0000000728c00000, 0x0000000728c00000|100%|HC|  |TAMS 0x0000000728c00000| PB 0x0000000728a00000| Complete 
|  50|0x0000000728c00000, 0x0000000728e00000, 0x0000000728e00000|100%|HC|  |TAMS 0x0000000728e00000| PB 0x0000000728c00000| Complete 
|  51|0x0000000728e00000, 0x0000000729000000, 0x0000000729000000|100%|HC|  |TAMS 0x0000000729000000| PB 0x0000000728e00000| Complete 
|  52|0x0000000729000000, 0x0000000729200000, 0x0000000729200000|100%|HC|  |TAMS 0x0000000729200000| PB 0x0000000729000000| Complete 
|  53|0x0000000729200000, 0x0000000729400000, 0x0000000729400000|100%|HC|  |TAMS 0x0000000729400000| PB 0x0000000729200000| Complete 
|  54|0x0000000729400000, 0x0000000729600000, 0x0000000729600000|100%|HC|  |TAMS 0x0000000729600000| PB 0x0000000729400000| Complete 
|  55|0x0000000729600000, 0x0000000729800000, 0x0000000729800000|100%|HS|  |TAMS 0x0000000729800000| PB 0x0000000729600000| Complete 
|  56|0x0000000729800000, 0x0000000729a00000, 0x0000000729a00000|100%|HC|  |TAMS 0x0000000729a00000| PB 0x0000000729800000| Complete 
|  57|0x0000000729a00000, 0x0000000729c00000, 0x0000000729c00000|100%|HS|  |TAMS 0x0000000729c00000| PB 0x0000000729a00000| Complete 
|  58|0x0000000729c00000, 0x0000000729e00000, 0x0000000729e00000|100%|HC|  |TAMS 0x0000000729e00000| PB 0x0000000729c00000| Complete 
|  59|0x0000000729e00000, 0x000000072a000000, 0x000000072a000000|100%|HC|  |TAMS 0x000000072a000000| PB 0x0000000729e00000| Complete 
|  60|0x000000072a000000, 0x000000072a200000, 0x000000072a200000|100%|HC|  |TAMS 0x000000072a200000| PB 0x000000072a000000| Complete 
|  61|0x000000072a200000, 0x000000072a400000, 0x000000072a400000|100%|HC|  |TAMS 0x000000072a400000| PB 0x000000072a200000| Complete 
|  62|0x000000072a400000, 0x000000072a600000, 0x000000072a600000|100%|HC|  |TAMS 0x000000072a600000| PB 0x000000072a400000| Complete 
|  63|0x000000072a600000, 0x000000072a800000, 0x000000072a800000|100%|HC|  |TAMS 0x000000072a800000| PB 0x000000072a600000| Complete 
|  64|0x000000072a800000, 0x000000072aa00000, 0x000000072aa00000|100%|HC|  |TAMS 0x000000072aa00000| PB 0x000000072a800000| Complete 
|  65|0x000000072aa00000, 0x000000072ac00000, 0x000000072ac00000|100%|HS|  |TAMS 0x000000072ac00000| PB 0x000000072aa00000| Complete 
|  66|0x000000072ac00000, 0x000000072ae00000, 0x000000072ae00000|100%|HC|  |TAMS 0x000000072ae00000| PB 0x000000072ac00000| Complete 
|  67|0x000000072ae00000, 0x000000072b000000, 0x000000072b000000|100%|HS|  |TAMS 0x000000072b000000| PB 0x000000072ae00000| Complete 
|  68|0x000000072b000000, 0x000000072b200000, 0x000000072b200000|100%|HC|  |TAMS 0x000000072b200000| PB 0x000000072b000000| Complete 
|  69|0x000000072b200000, 0x000000072b400000, 0x000000072b400000|100%|HS|  |TAMS 0x000000072b400000| PB 0x000000072b200000| Complete 
|  70|0x000000072b400000, 0x000000072b600000, 0x000000072b600000|100%|HC|  |TAMS 0x000000072b600000| PB 0x000000072b400000| Complete 
|  71|0x000000072b600000, 0x000000072b800000, 0x000000072b800000|100%|HS|  |TAMS 0x000000072b800000| PB 0x000000072b600000| Complete 
|  72|0x000000072b800000, 0x000000072ba00000, 0x000000072ba00000|100%|HC|  |TAMS 0x000000072ba00000| PB 0x000000072b800000| Complete 
|  73|0x000000072ba00000, 0x000000072bc00000, 0x000000072bc00000|100%|HS|  |TAMS 0x000000072bc00000| PB 0x000000072ba00000| Complete 
|  74|0x000000072bc00000, 0x000000072be00000, 0x000000072be00000|100%|HC|  |TAMS 0x000000072be00000| PB 0x000000072bc00000| Complete 
|  75|0x000000072be00000, 0x000000072c000000, 0x000000072c000000|100%|HS|  |TAMS 0x000000072c000000| PB 0x000000072be00000| Complete 
|  76|0x000000072c000000, 0x000000072c200000, 0x000000072c200000|100%|HC|  |TAMS 0x000000072c200000| PB 0x000000072c000000| Complete 
|  77|0x000000072c200000, 0x000000072c400000, 0x000000072c400000|100%|HS|  |TAMS 0x000000072c400000| PB 0x000000072c200000| Complete 
|  78|0x000000072c400000, 0x000000072c600000, 0x000000072c600000|100%|HC|  |TAMS 0x000000072c600000| PB 0x000000072c400000| Complete 
|  79|0x000000072c600000, 0x000000072c800000, 0x000000072c800000|100%|HC|  |TAMS 0x000000072c800000| PB 0x000000072c600000| Complete 
|  80|0x000000072c800000, 0x000000072ca00000, 0x000000072ca00000|100%|HC|  |TAMS 0x000000072ca00000| PB 0x000000072c800000| Complete 
|  81|0x000000072ca00000, 0x000000072cc00000, 0x000000072cc00000|100%|HC|  |TAMS 0x000000072cc00000| PB 0x000000072ca00000| Complete 
|  82|0x000000072cc00000, 0x000000072ce00000, 0x000000072ce00000|100%|HC|  |TAMS 0x000000072ce00000| PB 0x000000072cc00000| Complete 
|  83|0x000000072ce00000, 0x000000072d000000, 0x000000072d000000|100%|HC|  |TAMS 0x000000072d000000| PB 0x000000072ce00000| Complete 
|  84|0x000000072d000000, 0x000000072d200000, 0x000000072d200000|100%|HC|  |TAMS 0x000000072d200000| PB 0x000000072d000000| Complete 
|  85|0x000000072d200000, 0x000000072d400000, 0x000000072d400000|100%|HS|  |TAMS 0x000000072d400000| PB 0x000000072d200000| Complete 
|  86|0x000000072d400000, 0x000000072d600000, 0x000000072d600000|100%|HC|  |TAMS 0x000000072d600000| PB 0x000000072d400000| Complete 
|  87|0x000000072d600000, 0x000000072d800000, 0x000000072d800000|100%|HS|  |TAMS 0x000000072d800000| PB 0x000000072d600000| Complete 
|  88|0x000000072d800000, 0x000000072da00000, 0x000000072da00000|100%|HC|  |TAMS 0x000000072da00000| PB 0x000000072d800000| Complete 
|  89|0x000000072da00000, 0x000000072dc00000, 0x000000072dc00000|100%|HC|  |TAMS 0x000000072dc00000| PB 0x000000072da00000| Complete 
|  90|0x000000072dc00000, 0x000000072de00000, 0x000000072de00000|100%|HC|  |TAMS 0x000000072de00000| PB 0x000000072dc00000| Complete 
|  91|0x000000072de00000, 0x000000072e000000, 0x000000072e000000|100%|HC|  |TAMS 0x000000072e000000| PB 0x000000072de00000| Complete 
|  92|0x000000072e000000, 0x000000072e200000, 0x000000072e200000|100%|HC|  |TAMS 0x000000072e200000| PB 0x000000072e000000| Complete 
|  93|0x000000072e200000, 0x000000072e400000, 0x000000072e400000|100%|HS|  |TAMS 0x000000072e400000| PB 0x000000072e200000| Complete 
|  94|0x000000072e400000, 0x000000072e600000, 0x000000072e600000|100%|HC|  |TAMS 0x000000072e600000| PB 0x000000072e400000| Complete 
|  95|0x000000072e600000, 0x000000072e800000, 0x000000072e800000|100%|HS|  |TAMS 0x000000072e800000| PB 0x000000072e600000| Complete 
|  96|0x000000072e800000, 0x000000072ea00000, 0x000000072ea00000|100%|HC|  |TAMS 0x000000072ea00000| PB 0x000000072e800000| Complete 
|  97|0x000000072ea00000, 0x000000072ec00000, 0x000000072ec00000|100%|HS|  |TAMS 0x000000072ec00000| PB 0x000000072ea00000| Complete 
|  98|0x000000072ec00000, 0x000000072ee00000, 0x000000072ee00000|100%|HC|  |TAMS 0x000000072ee00000| PB 0x000000072ec00000| Complete 
|  99|0x000000072ee00000, 0x000000072f000000, 0x000000072f000000|100%|HC|  |TAMS 0x000000072f000000| PB 0x000000072ee00000| Complete 
| 100|0x000000072f000000, 0x000000072f200000, 0x000000072f200000|100%|HS|  |TAMS 0x000000072f200000| PB 0x000000072f000000| Complete 
| 101|0x000000072f200000, 0x000000072f400000, 0x000000072f400000|100%|HC|  |TAMS 0x000000072f400000| PB 0x000000072f200000| Complete 
| 102|0x000000072f400000, 0x000000072f600000, 0x000000072f600000|100%|HS|  |TAMS 0x000000072f600000| PB 0x000000072f400000| Complete 
| 103|0x000000072f600000, 0x000000072f800000, 0x000000072f800000|100%|HC|  |TAMS 0x000000072f800000| PB 0x000000072f600000| Complete 
| 104|0x000000072f800000, 0x000000072fa00000, 0x000000072fa00000|100%|HS|  |TAMS 0x000000072fa00000| PB 0x000000072f800000| Complete 
| 105|0x000000072fa00000, 0x000000072fc00000, 0x000000072fc00000|100%|HC|  |TAMS 0x000000072fc00000| PB 0x000000072fa00000| Complete 
| 106|0x000000072fc00000, 0x000000072fe00000, 0x000000072fe00000|100%|HS|  |TAMS 0x000000072fe00000| PB 0x000000072fc00000| Complete 
| 107|0x000000072fe00000, 0x0000000730000000, 0x0000000730000000|100%|HC|  |TAMS 0x0000000730000000| PB 0x000000072fe00000| Complete 
| 108|0x0000000730000000, 0x0000000730200000, 0x0000000730200000|100%|HS|  |TAMS 0x0000000730200000| PB 0x0000000730000000| Complete 
| 109|0x0000000730200000, 0x0000000730400000, 0x0000000730400000|100%|HC|  |TAMS 0x0000000730400000| PB 0x0000000730200000| Complete 
| 110|0x0000000730400000, 0x0000000730600000, 0x0000000730600000|100%|HC|  |TAMS 0x0000000730600000| PB 0x0000000730400000| Complete 
| 111|0x0000000730600000, 0x0000000730800000, 0x0000000730800000|100%|HC|  |TAMS 0x0000000730800000| PB 0x0000000730600000| Complete 
| 112|0x0000000730800000, 0x0000000730a00000, 0x0000000730a00000|100%|HC|  |TAMS 0x0000000730a00000| PB 0x0000000730800000| Complete 
| 113|0x0000000730a00000, 0x0000000730c00000, 0x0000000730c00000|100%|HS|  |TAMS 0x0000000730c00000| PB 0x0000000730a00000| Complete 
| 114|0x0000000730c00000, 0x0000000730e00000, 0x0000000730e00000|100%|HC|  |TAMS 0x0000000730e00000| PB 0x0000000730c00000| Complete 
| 115|0x0000000730e00000, 0x0000000731000000, 0x0000000731000000|100%|HC|  |TAMS 0x0000000731000000| PB 0x0000000730e00000| Complete 
| 116|0x0000000731000000, 0x0000000731200000, 0x0000000731200000|100%|HC|  |TAMS 0x0000000731200000| PB 0x0000000731000000| Complete 
| 117|0x0000000731200000, 0x0000000731400000, 0x0000000731400000|100%|HC|  |TAMS 0x0000000731400000| PB 0x0000000731200000| Complete 
| 118|0x0000000731400000, 0x0000000731600000, 0x0000000731600000|100%|HC|  |TAMS 0x0000000731600000| PB 0x0000000731400000| Complete 
| 119|0x0000000731600000, 0x0000000731800000, 0x0000000731800000|100%|HS|  |TAMS 0x0000000731800000| PB 0x0000000731600000| Complete 
| 120|0x0000000731800000, 0x0000000731a00000, 0x0000000731a00000|100%|HC|  |TAMS 0x0000000731a00000| PB 0x0000000731800000| Complete 
| 121|0x0000000731a00000, 0x0000000731c00000, 0x0000000731c00000|100%|HC|  |TAMS 0x0000000731c00000| PB 0x0000000731a00000| Complete 
| 122|0x0000000731c00000, 0x0000000731e00000, 0x0000000731e00000|100%|HC|  |TAMS 0x0000000731e00000| PB 0x0000000731c00000| Complete 
| 123|0x0000000731e00000, 0x0000000732000000, 0x0000000732000000|100%|HC|  |TAMS 0x0000000732000000| PB 0x0000000731e00000| Complete 
| 124|0x0000000732000000, 0x0000000732200000, 0x0000000732200000|100%|HS|  |TAMS 0x0000000732200000| PB 0x0000000732000000| Complete 
| 125|0x0000000732200000, 0x0000000732400000, 0x0000000732400000|100%|HC|  |TAMS 0x0000000732400000| PB 0x0000000732200000| Complete 
| 126|0x0000000732400000, 0x0000000732600000, 0x0000000732600000|100%|HC|  |TAMS 0x0000000732600000| PB 0x0000000732400000| Complete 
| 127|0x0000000732600000, 0x0000000732800000, 0x0000000732800000|100%|HC|  |TAMS 0x0000000732800000| PB 0x0000000732600000| Complete 
| 128|0x0000000732800000, 0x0000000732a00000, 0x0000000732a00000|100%|HC|  |TAMS 0x0000000732a00000| PB 0x0000000732800000| Complete 
| 129|0x0000000732a00000, 0x0000000732c00000, 0x0000000732c00000|100%|HS|  |TAMS 0x0000000732c00000| PB 0x0000000732a00000| Complete 
| 130|0x0000000732c00000, 0x0000000732e00000, 0x0000000732e00000|100%|HC|  |TAMS 0x0000000732e00000| PB 0x0000000732c00000| Complete 
| 131|0x0000000732e00000, 0x0000000733000000, 0x0000000733000000|100%|HC|  |TAMS 0x0000000733000000| PB 0x0000000732e00000| Complete 
| 132|0x0000000733000000, 0x0000000733200000, 0x0000000733200000|100%|HC|  |TAMS 0x0000000733200000| PB 0x0000000733000000| Complete 
| 133|0x0000000733200000, 0x0000000733400000, 0x0000000733400000|100%|HC|  |TAMS 0x0000000733400000| PB 0x0000000733200000| Complete 
| 134|0x0000000733400000, 0x0000000733600000, 0x0000000733600000|100%|HC|  |TAMS 0x0000000733600000| PB 0x0000000733400000| Complete 
| 135|0x0000000733600000, 0x0000000733800000, 0x0000000733800000|100%|HC|  |TAMS 0x0000000733800000| PB 0x0000000733600000| Complete 
| 136|0x0000000733800000, 0x0000000733a00000, 0x0000000733a00000|100%|HC|  |TAMS 0x0000000733a00000| PB 0x0000000733800000| Complete 
| 137|0x0000000733a00000, 0x0000000733c00000, 0x0000000733c00000|100%|HS|  |TAMS 0x0000000733c00000| PB 0x0000000733a00000| Complete 
| 138|0x0000000733c00000, 0x0000000733e00000, 0x0000000733e00000|100%|HC|  |TAMS 0x0000000733e00000| PB 0x0000000733c00000| Complete 
| 139|0x0000000733e00000, 0x0000000734000000, 0x0000000734000000|100%|HS|  |TAMS 0x0000000734000000| PB 0x0000000733e00000| Complete 
| 140|0x0000000734000000, 0x0000000734200000, 0x0000000734200000|100%|HC|  |TAMS 0x0000000734200000| PB 0x0000000734000000| Complete 
| 141|0x0000000734200000, 0x0000000734400000, 0x0000000734400000|100%|HC|  |TAMS 0x0000000734400000| PB 0x0000000734200000| Complete 
| 142|0x0000000734400000, 0x0000000734600000, 0x0000000734600000|100%|HC|  |TAMS 0x0000000734600000| PB 0x0000000734400000| Complete 
| 143|0x0000000734600000, 0x0000000734800000, 0x0000000734800000|100%|HC|  |TAMS 0x0000000734800000| PB 0x0000000734600000| Complete 
| 144|0x0000000734800000, 0x0000000734a00000, 0x0000000734a00000|100%|HC|  |TAMS 0x0000000734a00000| PB 0x0000000734800000| Complete 
| 145|0x0000000734a00000, 0x0000000734c00000, 0x0000000734c00000|100%|HC|  |TAMS 0x0000000734c00000| PB 0x0000000734a00000| Complete 
| 146|0x0000000734c00000, 0x0000000734e00000, 0x0000000734e00000|100%|HC|  |TAMS 0x0000000734e00000| PB 0x0000000734c00000| Complete 
| 147|0x0000000734e00000, 0x0000000735000000, 0x0000000735000000|100%|HS|  |TAMS 0x0000000735000000| PB 0x0000000734e00000| Complete 
| 148|0x0000000735000000, 0x0000000735200000, 0x0000000735200000|100%|HC|  |TAMS 0x0000000735200000| PB 0x0000000735000000| Complete 
| 149|0x0000000735200000, 0x0000000735400000, 0x0000000735400000|100%|HS|  |TAMS 0x0000000735400000| PB 0x0000000735200000| Complete 
| 150|0x0000000735400000, 0x0000000735600000, 0x0000000735600000|100%|HC|  |TAMS 0x0000000735600000| PB 0x0000000735400000| Complete 
| 151|0x0000000735600000, 0x0000000735800000, 0x0000000735800000|100%|HS|  |TAMS 0x0000000735800000| PB 0x0000000735600000| Complete 
| 152|0x0000000735800000, 0x0000000735a00000, 0x0000000735a00000|100%|HC|  |TAMS 0x0000000735a00000| PB 0x0000000735800000| Complete 
| 153|0x0000000735a00000, 0x0000000735c00000, 0x0000000735c00000|100%|HS|  |TAMS 0x0000000735c00000| PB 0x0000000735a00000| Complete 
| 154|0x0000000735c00000, 0x0000000735e00000, 0x0000000735e00000|100%|HC|  |TAMS 0x0000000735e00000| PB 0x0000000735c00000| Complete 
| 155|0x0000000735e00000, 0x0000000736000000, 0x0000000736000000|100%|HS|  |TAMS 0x0000000736000000| PB 0x0000000735e00000| Complete 
| 156|0x0000000736000000, 0x0000000736200000, 0x0000000736200000|100%|HC|  |TAMS 0x0000000736200000| PB 0x0000000736000000| Complete 
| 157|0x0000000736200000, 0x0000000736400000, 0x0000000736400000|100%|HC|  |TAMS 0x0000000736400000| PB 0x0000000736200000| Complete 
| 158|0x0000000736400000, 0x0000000736600000, 0x0000000736600000|100%|HS|  |TAMS 0x0000000736600000| PB 0x0000000736400000| Complete 
| 159|0x0000000736600000, 0x0000000736800000, 0x0000000736800000|100%|HC|  |TAMS 0x0000000736800000| PB 0x0000000736600000| Complete 
| 160|0x0000000736800000, 0x0000000736a00000, 0x0000000736a00000|100%|HS|  |TAMS 0x0000000736a00000| PB 0x0000000736800000| Complete 
| 161|0x0000000736a00000, 0x0000000736c00000, 0x0000000736c00000|100%|HC|  |TAMS 0x0000000736c00000| PB 0x0000000736a00000| Complete 
| 162|0x0000000736c00000, 0x0000000736e00000, 0x0000000736e00000|100%|HS|  |TAMS 0x0000000736e00000| PB 0x0000000736c00000| Complete 
| 163|0x0000000736e00000, 0x0000000737000000, 0x0000000737000000|100%|HC|  |TAMS 0x0000000737000000| PB 0x0000000736e00000| Complete 
| 164|0x0000000737000000, 0x0000000737200000, 0x0000000737200000|100%|HS|  |TAMS 0x0000000737200000| PB 0x0000000737000000| Complete 
| 165|0x0000000737200000, 0x0000000737400000, 0x0000000737400000|100%|HC|  |TAMS 0x0000000737400000| PB 0x0000000737200000| Complete 
| 166|0x0000000737400000, 0x0000000737600000, 0x0000000737600000|100%|HC|  |TAMS 0x0000000737600000| PB 0x0000000737400000| Complete 
| 167|0x0000000737600000, 0x0000000737800000, 0x0000000737800000|100%|HC|  |TAMS 0x0000000737800000| PB 0x0000000737600000| Complete 
| 168|0x0000000737800000, 0x0000000737a00000, 0x0000000737a00000|100%|HC|  |TAMS 0x0000000737a00000| PB 0x0000000737800000| Complete 
| 169|0x0000000737a00000, 0x0000000737c00000, 0x0000000737c00000|100%|HC|  |TAMS 0x0000000737c00000| PB 0x0000000737a00000| Complete 
| 170|0x0000000737c00000, 0x0000000737e00000, 0x0000000737e00000|100%|HS|  |TAMS 0x0000000737e00000| PB 0x0000000737c00000| Complete 
| 171|0x0000000737e00000, 0x0000000738000000, 0x0000000738000000|100%|HC|  |TAMS 0x0000000738000000| PB 0x0000000737e00000| Complete 
| 172|0x0000000738000000, 0x0000000738200000, 0x0000000738200000|100%|HS|  |TAMS 0x0000000738200000| PB 0x0000000738000000| Complete 
| 173|0x0000000738200000, 0x0000000738400000, 0x0000000738400000|100%|HC|  |TAMS 0x0000000738400000| PB 0x0000000738200000| Complete 
| 174|0x0000000738400000, 0x0000000738600000, 0x0000000738600000|100%|HS|  |TAMS 0x0000000738600000| PB 0x0000000738400000| Complete 
| 175|0x0000000738600000, 0x0000000738800000, 0x0000000738800000|100%|HC|  |TAMS 0x0000000738800000| PB 0x0000000738600000| Complete 
| 176|0x0000000738800000, 0x0000000738a00000, 0x0000000738a00000|100%| O|  |TAMS 0x0000000738a00000| PB 0x0000000738a00000| Untracked 
| 177|0x0000000738a00000, 0x0000000738c00000, 0x0000000738c00000|100%|HS|  |TAMS 0x0000000738c00000| PB 0x0000000738a00000| Complete 
| 178|0x0000000738c00000, 0x0000000738e00000, 0x0000000738e00000|100%|HC|  |TAMS 0x0000000738e00000| PB 0x0000000738c00000| Complete 
| 179|0x0000000738e00000, 0x0000000739000000, 0x0000000739000000|100%|HS|  |TAMS 0x0000000739000000| PB 0x0000000738e00000| Complete 
| 180|0x0000000739000000, 0x0000000739200000, 0x0000000739200000|100%|HC|  |TAMS 0x0000000739200000| PB 0x0000000739000000| Complete 
| 181|0x0000000739200000, 0x0000000739400000, 0x0000000739400000|100%|HS|  |TAMS 0x0000000739400000| PB 0x0000000739200000| Complete 
| 182|0x0000000739400000, 0x0000000739600000, 0x0000000739600000|100%|HC|  |TAMS 0x0000000739600000| PB 0x0000000739400000| Complete 
| 183|0x0000000739600000, 0x0000000739800000, 0x0000000739800000|100%|HC|  |TAMS 0x0000000739800000| PB 0x0000000739600000| Complete 
| 184|0x0000000739800000, 0x0000000739a00000, 0x0000000739a00000|100%|HS|  |TAMS 0x0000000739a00000| PB 0x0000000739800000| Complete 
| 185|0x0000000739a00000, 0x0000000739c00000, 0x0000000739c00000|100%|HC|  |TAMS 0x0000000739c00000| PB 0x0000000739a00000| Complete 
| 186|0x0000000739c00000, 0x0000000739e00000, 0x0000000739e00000|100%|HC|  |TAMS 0x0000000739e00000| PB 0x0000000739c00000| Complete 
| 187|0x0000000739e00000, 0x000000073a000000, 0x000000073a000000|100%|HC|  |TAMS 0x000000073a000000| PB 0x0000000739e00000| Complete 
| 188|0x000000073a000000, 0x000000073a200000, 0x000000073a200000|100%|HC|  |TAMS 0x000000073a200000| PB 0x000000073a000000| Complete 
| 189|0x000000073a200000, 0x000000073a400000, 0x000000073a400000|100%|HS|  |TAMS 0x000000073a400000| PB 0x000000073a200000| Complete 
| 190|0x000000073a400000, 0x000000073a600000, 0x000000073a600000|100%|HC|  |TAMS 0x000000073a600000| PB 0x000000073a400000| Complete 
| 191|0x000000073a600000, 0x000000073a800000, 0x000000073a800000|100%|HS|  |TAMS 0x000000073a800000| PB 0x000000073a600000| Complete 
| 192|0x000000073a800000, 0x000000073aa00000, 0x000000073aa00000|100%|HC|  |TAMS 0x000000073aa00000| PB 0x000000073a800000| Complete 
| 193|0x000000073aa00000, 0x000000073ac00000, 0x000000073ac00000|100%|HS|  |TAMS 0x000000073ac00000| PB 0x000000073aa00000| Complete 
| 194|0x000000073ac00000, 0x000000073ae00000, 0x000000073ae00000|100%|HC|  |TAMS 0x000000073ae00000| PB 0x000000073ac00000| Complete 
| 195|0x000000073ae00000, 0x000000073b000000, 0x000000073b000000|100%|HC|  |TAMS 0x000000073b000000| PB 0x000000073ae00000| Complete 
| 196|0x000000073b000000, 0x000000073b200000, 0x000000073b200000|100%|HC|  |TAMS 0x000000073b200000| PB 0x000000073b000000| Complete 
| 197|0x000000073b200000, 0x000000073b400000, 0x000000073b400000|100%|HC|  |TAMS 0x000000073b400000| PB 0x000000073b200000| Complete 
| 198|0x000000073b400000, 0x000000073b600000, 0x000000073b600000|100%|HS|  |TAMS 0x000000073b600000| PB 0x000000073b400000| Complete 
| 199|0x000000073b600000, 0x000000073b800000, 0x000000073b800000|100%|HC|  |TAMS 0x000000073b800000| PB 0x000000073b600000| Complete 
| 200|0x000000073b800000, 0x000000073ba00000, 0x000000073ba00000|100%|HC|  |TAMS 0x000000073ba00000| PB 0x000000073b800000| Complete 
| 201|0x000000073ba00000, 0x000000073bc00000, 0x000000073bc00000|100%|HC|  |TAMS 0x000000073bc00000| PB 0x000000073ba00000| Complete 
| 202|0x000000073bc00000, 0x000000073be00000, 0x000000073be00000|100%|HC|  |TAMS 0x000000073be00000| PB 0x000000073bc00000| Complete 
| 203|0x000000073be00000, 0x000000073c000000, 0x000000073c000000|100%|HS|  |TAMS 0x000000073c000000| PB 0x000000073be00000| Complete 
| 204|0x000000073c000000, 0x000000073c200000, 0x000000073c200000|100%|HC|  |TAMS 0x000000073c200000| PB 0x000000073c000000| Complete 
| 205|0x000000073c200000, 0x000000073c400000, 0x000000073c400000|100%|HS|  |TAMS 0x000000073c400000| PB 0x000000073c200000| Complete 
| 206|0x000000073c400000, 0x000000073c600000, 0x000000073c600000|100%|HC|  |TAMS 0x000000073c600000| PB 0x000000073c400000| Complete 
| 207|0x000000073c600000, 0x000000073c800000, 0x000000073c800000|100%|HS|  |TAMS 0x000000073c800000| PB 0x000000073c600000| Complete 
| 208|0x000000073c800000, 0x000000073ca00000, 0x000000073ca00000|100%|HC|  |TAMS 0x000000073ca00000| PB 0x000000073c800000| Complete 
| 209|0x000000073ca00000, 0x000000073cc00000, 0x000000073cc00000|100%|HC|  |TAMS 0x000000073cc00000| PB 0x000000073ca00000| Complete 
| 210|0x000000073cc00000, 0x000000073ce00000, 0x000000073ce00000|100%|HS|  |TAMS 0x000000073ce00000| PB 0x000000073cc00000| Complete 
| 211|0x000000073ce00000, 0x000000073d000000, 0x000000073d000000|100%|HC|  |TAMS 0x000000073d000000| PB 0x000000073ce00000| Complete 
| 212|0x000000073d000000, 0x000000073d200000, 0x000000073d200000|100%|HS|  |TAMS 0x000000073d200000| PB 0x000000073d000000| Complete 
| 213|0x000000073d200000, 0x000000073d400000, 0x000000073d400000|100%|HC|  |TAMS 0x000000073d400000| PB 0x000000073d200000| Complete 
| 214|0x000000073d400000, 0x000000073d600000, 0x000000073d600000|100%|HS|  |TAMS 0x000000073d600000| PB 0x000000073d400000| Complete 
| 215|0x000000073d600000, 0x000000073d800000, 0x000000073d800000|100%|HC|  |TAMS 0x000000073d800000| PB 0x000000073d600000| Complete 
| 216|0x000000073d800000, 0x000000073da00000, 0x000000073da00000|100%|HS|  |TAMS 0x000000073da00000| PB 0x000000073d800000| Complete 
| 217|0x000000073da00000, 0x000000073dc00000, 0x000000073dc00000|100%|HC|  |TAMS 0x000000073dc00000| PB 0x000000073da00000| Complete 
| 218|0x000000073dc00000, 0x000000073de00000, 0x000000073de00000|100%|HC|  |TAMS 0x000000073de00000| PB 0x000000073dc00000| Complete 
| 219|0x000000073de00000, 0x000000073e000000, 0x000000073e000000|100%|HC|  |TAMS 0x000000073e000000| PB 0x000000073de00000| Complete 
| 220|0x000000073e000000, 0x000000073e200000, 0x000000073e200000|100%|HC|  |TAMS 0x000000073e200000| PB 0x000000073e000000| Complete 
| 221|0x000000073e200000, 0x000000073e400000, 0x000000073e400000|100%|HC|  |TAMS 0x000000073e400000| PB 0x000000073e200000| Complete 
| 222|0x000000073e400000, 0x000000073e600000, 0x000000073e600000|100%|HS|  |TAMS 0x000000073e600000| PB 0x000000073e400000| Complete 
| 223|0x000000073e600000, 0x000000073e800000, 0x000000073e800000|100%|HC|  |TAMS 0x000000073e800000| PB 0x000000073e600000| Complete 
| 224|0x000000073e800000, 0x000000073ea00000, 0x000000073ea00000|100%|HS|  |TAMS 0x000000073ea00000| PB 0x000000073e800000| Complete 
| 225|0x000000073ea00000, 0x000000073ec00000, 0x000000073ec00000|100%|HC|  |TAMS 0x000000073ec00000| PB 0x000000073ea00000| Complete 
| 226|0x000000073ec00000, 0x000000073ee00000, 0x000000073ee00000|100%|HS|  |TAMS 0x000000073ee00000| PB 0x000000073ec00000| Complete 
| 227|0x000000073ee00000, 0x000000073f000000, 0x000000073f000000|100%|HC|  |TAMS 0x000000073f000000| PB 0x000000073ee00000| Complete 
| 228|0x000000073f000000, 0x000000073f200000, 0x000000073f200000|100%|HC|  |TAMS 0x000000073f200000| PB 0x000000073f000000| Complete 
| 229|0x000000073f200000, 0x000000073f400000, 0x000000073f400000|100%|HC|  |TAMS 0x000000073f400000| PB 0x000000073f200000| Complete 
| 230|0x000000073f400000, 0x000000073f600000, 0x000000073f600000|100%|HC|  |TAMS 0x000000073f600000| PB 0x000000073f400000| Complete 
| 231|0x000000073f600000, 0x000000073f800000, 0x000000073f800000|100%|HC|  |TAMS 0x000000073f800000| PB 0x000000073f600000| Complete 
| 232|0x000000073f800000, 0x000000073fa00000, 0x000000073fa00000|100%|HC|  |TAMS 0x000000073fa00000| PB 0x000000073f800000| Complete 
| 233|0x000000073fa00000, 0x000000073fc00000, 0x000000073fc00000|100%|HC|  |TAMS 0x000000073fc00000| PB 0x000000073fa00000| Complete 
| 234|0x000000073fc00000, 0x000000073fe00000, 0x000000073fe00000|100%|HS|  |TAMS 0x000000073fe00000| PB 0x000000073fc00000| Complete 
| 235|0x000000073fe00000, 0x0000000740000000, 0x0000000740000000|100%|HC|  |TAMS 0x0000000740000000| PB 0x000000073fe00000| Complete 
| 236|0x0000000740000000, 0x0000000740200000, 0x0000000740200000|100%|HC|  |TAMS 0x0000000740200000| PB 0x0000000740000000| Complete 
| 237|0x0000000740200000, 0x0000000740400000, 0x0000000740400000|100%|HS|  |TAMS 0x0000000740400000| PB 0x0000000740200000| Complete 
| 238|0x0000000740400000, 0x0000000740600000, 0x0000000740600000|100%|HC|  |TAMS 0x0000000740600000| PB 0x0000000740400000| Complete 
| 239|0x0000000740600000, 0x0000000740800000, 0x0000000740800000|100%|HC|  |TAMS 0x0000000740800000| PB 0x0000000740600000| Complete 
| 240|0x0000000740800000, 0x0000000740a00000, 0x0000000740a00000|100%|HC|  |TAMS 0x0000000740a00000| PB 0x0000000740800000| Complete 
| 241|0x0000000740a00000, 0x0000000740c00000, 0x0000000740c00000|100%|HC|  |TAMS 0x0000000740c00000| PB 0x0000000740a00000| Complete 
| 242|0x0000000740c00000, 0x0000000740e00000, 0x0000000740e00000|100%|HC|  |TAMS 0x0000000740e00000| PB 0x0000000740c00000| Complete 
| 243|0x0000000740e00000, 0x0000000741000000, 0x0000000741000000|100%|HC|  |TAMS 0x0000000741000000| PB 0x0000000740e00000| Complete 
| 244|0x0000000741000000, 0x0000000741200000, 0x0000000741200000|100%|HC|  |TAMS 0x0000000741200000| PB 0x0000000741000000| Complete 
| 245|0x0000000741200000, 0x0000000741400000, 0x0000000741400000|100%|HS|  |TAMS 0x0000000741400000| PB 0x0000000741200000| Complete 
| 246|0x0000000741400000, 0x0000000741600000, 0x0000000741600000|100%|HC|  |TAMS 0x0000000741600000| PB 0x0000000741400000| Complete 
| 247|0x0000000741600000, 0x0000000741800000, 0x0000000741800000|100%|HC|  |TAMS 0x0000000741800000| PB 0x0000000741600000| Complete 
| 248|0x0000000741800000, 0x0000000741a00000, 0x0000000741a00000|100%|HS|  |TAMS 0x0000000741a00000| PB 0x0000000741800000| Complete 
| 249|0x0000000741a00000, 0x0000000741c00000, 0x0000000741c00000|100%|HC|  |TAMS 0x0000000741c00000| PB 0x0000000741a00000| Complete 
| 250|0x0000000741c00000, 0x0000000741e00000, 0x0000000741e00000|100%|HS|  |TAMS 0x0000000741e00000| PB 0x0000000741c00000| Complete 
| 251|0x0000000741e00000, 0x0000000742000000, 0x0000000742000000|100%|HC|  |TAMS 0x0000000742000000| PB 0x0000000741e00000| Complete 
| 252|0x0000000742000000, 0x0000000742200000, 0x0000000742200000|100%|HS|  |TAMS 0x0000000742200000| PB 0x0000000742000000| Complete 
| 253|0x0000000742200000, 0x0000000742400000, 0x0000000742400000|100%|HC|  |TAMS 0x0000000742400000| PB 0x0000000742200000| Complete 
| 254|0x0000000742400000, 0x0000000742600000, 0x0000000742600000|100%|HS|  |TAMS 0x0000000742600000| PB 0x0000000742400000| Complete 
| 255|0x0000000742600000, 0x0000000742800000, 0x0000000742800000|100%|HC|  |TAMS 0x0000000742800000| PB 0x0000000742600000| Complete 
| 256|0x0000000742800000, 0x0000000742a00000, 0x0000000742a00000|100%|HC|  |TAMS 0x0000000742a00000| PB 0x0000000742800000| Complete 
| 257|0x0000000742a00000, 0x0000000742c00000, 0x0000000742c00000|100%|HS|  |TAMS 0x0000000742c00000| PB 0x0000000742a00000| Complete 
| 258|0x0000000742c00000, 0x0000000742e00000, 0x0000000742e00000|100%|HC|  |TAMS 0x0000000742e00000| PB 0x0000000742c00000| Complete 
| 259|0x0000000742e00000, 0x0000000743000000, 0x0000000743000000|100%|HC|  |TAMS 0x0000000743000000| PB 0x0000000742e00000| Complete 
| 260|0x0000000743000000, 0x0000000743200000, 0x0000000743200000|100%|HC|  |TAMS 0x0000000743200000| PB 0x0000000743000000| Complete 
| 261|0x0000000743200000, 0x0000000743400000, 0x0000000743400000|100%|HC|  |TAMS 0x0000000743400000| PB 0x0000000743200000| Complete 
| 262|0x0000000743400000, 0x0000000743600000, 0x0000000743600000|100%|HC|  |TAMS 0x0000000743600000| PB 0x0000000743400000| Complete 
| 263|0x0000000743600000, 0x0000000743800000, 0x0000000743800000|100%|HS|  |TAMS 0x0000000743800000| PB 0x0000000743600000| Complete 
| 264|0x0000000743800000, 0x0000000743a00000, 0x0000000743a00000|100%|HC|  |TAMS 0x0000000743a00000| PB 0x0000000743800000| Complete 
| 265|0x0000000743a00000, 0x0000000743c00000, 0x0000000743c00000|100%|HS|  |TAMS 0x0000000743c00000| PB 0x0000000743a00000| Complete 
| 266|0x0000000743c00000, 0x0000000743e00000, 0x0000000743e00000|100%|HC|  |TAMS 0x0000000743e00000| PB 0x0000000743c00000| Complete 
| 267|0x0000000743e00000, 0x0000000744000000, 0x0000000744000000|100%|HS|  |TAMS 0x0000000744000000| PB 0x0000000743e00000| Complete 
| 268|0x0000000744000000, 0x0000000744200000, 0x0000000744200000|100%|HC|  |TAMS 0x0000000744200000| PB 0x0000000744000000| Complete 
| 269|0x0000000744200000, 0x0000000744400000, 0x0000000744400000|100%|HC|  |TAMS 0x0000000744400000| PB 0x0000000744200000| Complete 
| 270|0x0000000744400000, 0x0000000744600000, 0x0000000744600000|100%|HC|  |TAMS 0x0000000744600000| PB 0x0000000744400000| Complete 
| 271|0x0000000744600000, 0x0000000744800000, 0x0000000744800000|100%|HC|  |TAMS 0x0000000744800000| PB 0x0000000744600000| Complete 
| 272|0x0000000744800000, 0x0000000744a00000, 0x0000000744a00000|100%|HS|  |TAMS 0x0000000744a00000| PB 0x0000000744800000| Complete 
| 273|0x0000000744a00000, 0x0000000744c00000, 0x0000000744c00000|100%|HC|  |TAMS 0x0000000744c00000| PB 0x0000000744a00000| Complete 
| 274|0x0000000744c00000, 0x0000000744e00000, 0x0000000744e00000|100%|HS|  |TAMS 0x0000000744e00000| PB 0x0000000744c00000| Complete 
| 275|0x0000000744e00000, 0x0000000745000000, 0x0000000745000000|100%|HC|  |TAMS 0x0000000745000000| PB 0x0000000744e00000| Complete 
| 276|0x0000000745000000, 0x0000000745200000, 0x0000000745200000|100%|HC|  |TAMS 0x0000000745200000| PB 0x0000000745000000| Complete 
| 277|0x0000000745200000, 0x0000000745400000, 0x0000000745400000|100%|HC|  |TAMS 0x0000000745400000| PB 0x0000000745200000| Complete 
| 278|0x0000000745400000, 0x0000000745600000, 0x0000000745600000|100%|HC|  |TAMS 0x0000000745600000| PB 0x0000000745400000| Complete 
| 279|0x0000000745600000, 0x0000000745800000, 0x0000000745800000|100%|HS|  |TAMS 0x0000000745800000| PB 0x0000000745600000| Complete 
| 280|0x0000000745800000, 0x0000000745a00000, 0x0000000745a00000|100%|HC|  |TAMS 0x0000000745a00000| PB 0x0000000745800000| Complete 
| 281|0x0000000745a00000, 0x0000000745c00000, 0x0000000745c00000|100%|HC|  |TAMS 0x0000000745c00000| PB 0x0000000745a00000| Complete 
| 282|0x0000000745c00000, 0x0000000745e00000, 0x0000000745e00000|100%|HC|  |TAMS 0x0000000745e00000| PB 0x0000000745c00000| Complete 
| 283|0x0000000745e00000, 0x0000000746000000, 0x0000000746000000|100%|HC|  |TAMS 0x0000000746000000| PB 0x0000000745e00000| Complete 
| 284|0x0000000746000000, 0x0000000746200000, 0x0000000746200000|100%|HC|  |TAMS 0x0000000746200000| PB 0x0000000746000000| Complete 
| 285|0x0000000746200000, 0x0000000746400000, 0x0000000746400000|100%|HS|  |TAMS 0x0000000746400000| PB 0x0000000746200000| Complete 
| 286|0x0000000746400000, 0x0000000746600000, 0x0000000746600000|100%|HC|  |TAMS 0x0000000746600000| PB 0x0000000746400000| Complete 
| 287|0x0000000746600000, 0x0000000746800000, 0x0000000746800000|100%|HS|  |TAMS 0x0000000746800000| PB 0x0000000746600000| Complete 
| 288|0x0000000746800000, 0x0000000746a00000, 0x0000000746a00000|100%|HC|  |TAMS 0x0000000746a00000| PB 0x0000000746800000| Complete 
| 289|0x0000000746a00000, 0x0000000746c00000, 0x0000000746c00000|100%|HC|  |TAMS 0x0000000746c00000| PB 0x0000000746a00000| Complete 
| 290|0x0000000746c00000, 0x0000000746e00000, 0x0000000746e00000|100%|HC|  |TAMS 0x0000000746e00000| PB 0x0000000746c00000| Complete 
| 291|0x0000000746e00000, 0x0000000747000000, 0x0000000747000000|100%|HC|  |TAMS 0x0000000747000000| PB 0x0000000746e00000| Complete 
| 292|0x0000000747000000, 0x0000000747200000, 0x0000000747200000|100%|HC|  |TAMS 0x0000000747200000| PB 0x0000000747000000| Complete 
| 293|0x0000000747200000, 0x0000000747400000, 0x0000000747400000|100%|HC|  |TAMS 0x0000000747400000| PB 0x0000000747200000| Complete 
| 294|0x0000000747400000, 0x0000000747600000, 0x0000000747600000|100%|HC|  |TAMS 0x0000000747600000| PB 0x0000000747400000| Complete 
| 295|0x0000000747600000, 0x0000000747800000, 0x0000000747800000|100%|HS|  |TAMS 0x0000000747800000| PB 0x0000000747600000| Complete 
| 296|0x0000000747800000, 0x0000000747a00000, 0x0000000747a00000|100%|HC|  |TAMS 0x0000000747a00000| PB 0x0000000747800000| Complete 
| 297|0x0000000747a00000, 0x0000000747c00000, 0x0000000747c00000|100%|HS|  |TAMS 0x0000000747c00000| PB 0x0000000747a00000| Complete 
| 298|0x0000000747c00000, 0x0000000747e00000, 0x0000000747e00000|100%|HC|  |TAMS 0x0000000747e00000| PB 0x0000000747c00000| Complete 
| 299|0x0000000747e00000, 0x0000000748000000, 0x0000000748000000|100%|HS|  |TAMS 0x0000000748000000| PB 0x0000000747e00000| Complete 
| 300|0x0000000748000000, 0x0000000748200000, 0x0000000748200000|100%|HC|  |TAMS 0x0000000748200000| PB 0x0000000748000000| Complete 
| 301|0x0000000748200000, 0x0000000748400000, 0x0000000748400000|100%|HC|  |TAMS 0x0000000748400000| PB 0x0000000748200000| Complete 
| 302|0x0000000748400000, 0x0000000748600000, 0x0000000748600000|100%|HC|  |TAMS 0x0000000748600000| PB 0x0000000748400000| Complete 
| 303|0x0000000748600000, 0x0000000748800000, 0x0000000748800000|100%|HC|  |TAMS 0x0000000748800000| PB 0x0000000748600000| Complete 
| 304|0x0000000748800000, 0x0000000748a00000, 0x0000000748a00000|100%|HS|  |TAMS 0x0000000748a00000| PB 0x0000000748800000| Complete 
| 305|0x0000000748a00000, 0x0000000748c00000, 0x0000000748c00000|100%|HC|  |TAMS 0x0000000748c00000| PB 0x0000000748a00000| Complete 
| 306|0x0000000748c00000, 0x0000000748e00000, 0x0000000748e00000|100%|HS|  |TAMS 0x0000000748e00000| PB 0x0000000748c00000| Complete 
| 307|0x0000000748e00000, 0x0000000749000000, 0x0000000749000000|100%|HC|  |TAMS 0x0000000749000000| PB 0x0000000748e00000| Complete 
| 308|0x0000000749000000, 0x0000000749200000, 0x0000000749200000|100%|HC|  |TAMS 0x0000000749200000| PB 0x0000000749000000| Complete 
| 309|0x0000000749200000, 0x0000000749400000, 0x0000000749400000|100%|HC|  |TAMS 0x0000000749400000| PB 0x0000000749200000| Complete 
| 310|0x0000000749400000, 0x0000000749600000, 0x0000000749600000|100%|HC|  |TAMS 0x0000000749600000| PB 0x0000000749400000| Complete 
| 311|0x0000000749600000, 0x0000000749800000, 0x0000000749800000|100%|HC|  |TAMS 0x0000000749800000| PB 0x0000000749600000| Complete 
| 312|0x0000000749800000, 0x0000000749a00000, 0x0000000749a00000|100%|HC|  |TAMS 0x0000000749a00000| PB 0x0000000749800000| Complete 
| 313|0x0000000749a00000, 0x0000000749c00000, 0x0000000749c00000|100%|HC|  |TAMS 0x0000000749c00000| PB 0x0000000749a00000| Complete 
| 314|0x0000000749c00000, 0x0000000749e00000, 0x0000000749e00000|100%|HS|  |TAMS 0x0000000749e00000| PB 0x0000000749c00000| Complete 
| 315|0x0000000749e00000, 0x000000074a000000, 0x000000074a000000|100%|HC|  |TAMS 0x000000074a000000| PB 0x0000000749e00000| Complete 
| 316|0x000000074a000000, 0x000000074a200000, 0x000000074a200000|100%|HC|  |TAMS 0x000000074a200000| PB 0x000000074a000000| Complete 
| 317|0x000000074a200000, 0x000000074a400000, 0x000000074a400000|100%|HC|  |TAMS 0x000000074a400000| PB 0x000000074a200000| Complete 
| 318|0x000000074a400000, 0x000000074a600000, 0x000000074a600000|100%|HC|  |TAMS 0x000000074a600000| PB 0x000000074a400000| Complete 
| 319|0x000000074a600000, 0x000000074a800000, 0x000000074a800000|100%|HS|  |TAMS 0x000000074a800000| PB 0x000000074a600000| Complete 
| 320|0x000000074a800000, 0x000000074aa00000, 0x000000074aa00000|100%|HC|  |TAMS 0x000000074aa00000| PB 0x000000074a800000| Complete 
| 321|0x000000074aa00000, 0x000000074ac00000, 0x000000074ac00000|100%|HC|  |TAMS 0x000000074ac00000| PB 0x000000074aa00000| Complete 
| 322|0x000000074ac00000, 0x000000074ae00000, 0x000000074ae00000|100%|HS|  |TAMS 0x000000074ae00000| PB 0x000000074ac00000| Complete 
| 323|0x000000074ae00000, 0x000000074b000000, 0x000000074b000000|100%|HC|  |TAMS 0x000000074b000000| PB 0x000000074ae00000| Complete 
| 324|0x000000074b000000, 0x000000074b200000, 0x000000074b200000|100%|HS|  |TAMS 0x000000074b200000| PB 0x000000074b000000| Complete 
| 325|0x000000074b200000, 0x000000074b400000, 0x000000074b400000|100%|HC|  |TAMS 0x000000074b400000| PB 0x000000074b200000| Complete 
| 326|0x000000074b400000, 0x000000074b600000, 0x000000074b600000|100%|HS|  |TAMS 0x000000074b600000| PB 0x000000074b400000| Complete 
| 327|0x000000074b600000, 0x000000074b800000, 0x000000074b800000|100%|HC|  |TAMS 0x000000074b800000| PB 0x000000074b600000| Complete 
| 328|0x000000074b800000, 0x000000074ba00000, 0x000000074ba00000|100%|HS|  |TAMS 0x000000074ba00000| PB 0x000000074b800000| Complete 
| 329|0x000000074ba00000, 0x000000074bc00000, 0x000000074bc00000|100%|HC|  |TAMS 0x000000074bc00000| PB 0x000000074ba00000| Complete 
| 330|0x000000074bc00000, 0x000000074be00000, 0x000000074be00000|100%|HC|  |TAMS 0x000000074be00000| PB 0x000000074bc00000| Complete 
| 331|0x000000074be00000, 0x000000074c000000, 0x000000074c000000|100%|HC|  |TAMS 0x000000074c000000| PB 0x000000074be00000| Complete 
| 332|0x000000074c000000, 0x000000074c200000, 0x000000074c200000|100%|HC|  |TAMS 0x000000074c200000| PB 0x000000074c000000| Complete 
| 333|0x000000074c200000, 0x000000074c400000, 0x000000074c400000|100%|HS|  |TAMS 0x000000074c400000| PB 0x000000074c200000| Complete 
| 334|0x000000074c400000, 0x000000074c600000, 0x000000074c600000|100%|HC|  |TAMS 0x000000074c600000| PB 0x000000074c400000| Complete 
| 335|0x000000074c600000, 0x000000074c800000, 0x000000074c800000|100%|HS|  |TAMS 0x000000074c800000| PB 0x000000074c600000| Complete 
| 336|0x000000074c800000, 0x000000074ca00000, 0x000000074ca00000|100%|HC|  |TAMS 0x000000074ca00000| PB 0x000000074c800000| Complete 
| 337|0x000000074ca00000, 0x000000074cc00000, 0x000000074cc00000|100%|HC|  |TAMS 0x000000074cc00000| PB 0x000000074ca00000| Complete 
| 338|0x000000074cc00000, 0x000000074ce00000, 0x000000074ce00000|100%|HS|  |TAMS 0x000000074ce00000| PB 0x000000074cc00000| Complete 
| 339|0x000000074ce00000, 0x000000074d000000, 0x000000074d000000|100%|HC|  |TAMS 0x000000074d000000| PB 0x000000074ce00000| Complete 
| 340|0x000000074d000000, 0x000000074d200000, 0x000000074d200000|100%|HS|  |TAMS 0x000000074d200000| PB 0x000000074d000000| Complete 
| 341|0x000000074d200000, 0x000000074d400000, 0x000000074d400000|100%|HC|  |TAMS 0x000000074d400000| PB 0x000000074d200000| Complete 
| 342|0x000000074d400000, 0x000000074d600000, 0x000000074d600000|100%|HS|  |TAMS 0x000000074d600000| PB 0x000000074d400000| Complete 
| 343|0x000000074d600000, 0x000000074d800000, 0x000000074d800000|100%|HC|  |TAMS 0x000000074d800000| PB 0x000000074d600000| Complete 
| 344|0x000000074d800000, 0x000000074da00000, 0x000000074da00000|100%|HC|  |TAMS 0x000000074da00000| PB 0x000000074d800000| Complete 
| 345|0x000000074da00000, 0x000000074dc00000, 0x000000074dc00000|100%|HS|  |TAMS 0x000000074dc00000| PB 0x000000074da00000| Complete 
| 346|0x000000074dc00000, 0x000000074de00000, 0x000000074de00000|100%|HC|  |TAMS 0x000000074de00000| PB 0x000000074dc00000| Complete 
| 347|0x000000074de00000, 0x000000074e000000, 0x000000074e000000|100%|HS|  |TAMS 0x000000074e000000| PB 0x000000074de00000| Complete 
| 348|0x000000074e000000, 0x000000074e200000, 0x000000074e200000|100%|HC|  |TAMS 0x000000074e200000| PB 0x000000074e000000| Complete 
| 349|0x000000074e200000, 0x000000074e400000, 0x000000074e400000|100%|HC|  |TAMS 0x000000074e400000| PB 0x000000074e200000| Complete 
| 350|0x000000074e400000, 0x000000074e600000, 0x000000074e600000|100%|HC|  |TAMS 0x000000074e600000| PB 0x000000074e400000| Complete 
| 351|0x000000074e600000, 0x000000074e800000, 0x000000074e800000|100%|HC|  |TAMS 0x000000074e800000| PB 0x000000074e600000| Complete 
| 352|0x000000074e800000, 0x000000074ea00000, 0x000000074ea00000|100%| O|  |TAMS 0x000000074ea00000| PB 0x000000074ea00000| Untracked 
| 353|0x000000074ea00000, 0x000000074ec00000, 0x000000074ec00000|100%|HS|  |TAMS 0x000000074ec00000| PB 0x000000074ea00000| Complete 
| 354|0x000000074ec00000, 0x000000074ee00000, 0x000000074ee00000|100%|HC|  |TAMS 0x000000074ee00000| PB 0x000000074ec00000| Complete 
| 355|0x000000074ee00000, 0x000000074f000000, 0x000000074f000000|100%|HS|  |TAMS 0x000000074f000000| PB 0x000000074ee00000| Complete 
| 356|0x000000074f000000, 0x000000074f200000, 0x000000074f200000|100%|HC|  |TAMS 0x000000074f200000| PB 0x000000074f000000| Complete 
| 357|0x000000074f200000, 0x000000074f400000, 0x000000074f400000|100%| O|  |TAMS 0x000000074f400000| PB 0x000000074f400000| Untracked 
| 358|0x000000074f400000, 0x000000074f600000, 0x000000074f600000|100%|HS|  |TAMS 0x000000074f600000| PB 0x000000074f400000| Complete 
| 359|0x000000074f600000, 0x000000074f800000, 0x000000074f800000|100%|HC|  |TAMS 0x000000074f800000| PB 0x000000074f600000| Complete 
| 360|0x000000074f800000, 0x000000074fa00000, 0x000000074fa00000|100%|HC|  |TAMS 0x000000074fa00000| PB 0x000000074f800000| Complete 
| 361|0x000000074fa00000, 0x000000074fc00000, 0x000000074fc00000|100%|HS|  |TAMS 0x000000074fc00000| PB 0x000000074fa00000| Complete 
| 362|0x000000074fc00000, 0x000000074fe00000, 0x000000074fe00000|100%|HC|  |TAMS 0x000000074fe00000| PB 0x000000074fc00000| Complete 
| 363|0x000000074fe00000, 0x0000000750000000, 0x0000000750000000|100%|HS|  |TAMS 0x0000000750000000| PB 0x000000074fe00000| Complete 
| 364|0x0000000750000000, 0x0000000750200000, 0x0000000750200000|100%|HC|  |TAMS 0x0000000750200000| PB 0x0000000750000000| Complete 
| 365|0x0000000750200000, 0x0000000750400000, 0x0000000750400000|100%|HC|  |TAMS 0x0000000750400000| PB 0x0000000750200000| Complete 
| 366|0x0000000750400000, 0x0000000750600000, 0x0000000750600000|100%|HC|  |TAMS 0x0000000750600000| PB 0x0000000750400000| Complete 
| 367|0x0000000750600000, 0x0000000750800000, 0x0000000750800000|100%|HC|  |TAMS 0x0000000750800000| PB 0x0000000750600000| Complete 
| 368|0x0000000750800000, 0x0000000750a00000, 0x0000000750a00000|100%|HS|  |TAMS 0x0000000750a00000| PB 0x0000000750800000| Complete 
| 369|0x0000000750a00000, 0x0000000750c00000, 0x0000000750c00000|100%|HC|  |TAMS 0x0000000750c00000| PB 0x0000000750a00000| Complete 
| 370|0x0000000750c00000, 0x0000000750e00000, 0x0000000750e00000|100%|HS|  |TAMS 0x0000000750e00000| PB 0x0000000750c00000| Complete 
| 371|0x0000000750e00000, 0x0000000751000000, 0x0000000751000000|100%|HC|  |TAMS 0x0000000751000000| PB 0x0000000750e00000| Complete 
| 372|0x0000000751000000, 0x0000000751200000, 0x0000000751200000|100%|HC|  |TAMS 0x0000000751200000| PB 0x0000000751000000| Complete 
| 373|0x0000000751200000, 0x0000000751400000, 0x0000000751400000|100%|HC|  |TAMS 0x0000000751400000| PB 0x0000000751200000| Complete 
| 374|0x0000000751400000, 0x0000000751600000, 0x0000000751600000|100%|HC|  |TAMS 0x0000000751600000| PB 0x0000000751400000| Complete 
| 375|0x0000000751600000, 0x0000000751800000, 0x0000000751800000|100%|HC|  |TAMS 0x0000000751800000| PB 0x0000000751600000| Complete 
| 376|0x0000000751800000, 0x0000000751a00000, 0x0000000751a00000|100%|HC|  |TAMS 0x0000000751a00000| PB 0x0000000751800000| Complete 
| 377|0x0000000751a00000, 0x0000000751c00000, 0x0000000751c00000|100%|HC|  |TAMS 0x0000000751c00000| PB 0x0000000751a00000| Complete 
| 378|0x0000000751c00000, 0x0000000751e00000, 0x0000000751e00000|100%|HS|  |TAMS 0x0000000751e00000| PB 0x0000000751c00000| Complete 
| 379|0x0000000751e00000, 0x0000000752000000, 0x0000000752000000|100%|HC|  |TAMS 0x0000000752000000| PB 0x0000000751e00000| Complete 
| 380|0x0000000752000000, 0x0000000752200000, 0x0000000752200000|100%|HS|  |TAMS 0x0000000752200000| PB 0x0000000752000000| Complete 
| 381|0x0000000752200000, 0x0000000752400000, 0x0000000752400000|100%|HC|  |TAMS 0x0000000752400000| PB 0x0000000752200000| Complete 
| 382|0x0000000752400000, 0x0000000752600000, 0x0000000752600000|100%|HC|  |TAMS 0x0000000752600000| PB 0x0000000752400000| Complete 
| 383|0x0000000752600000, 0x0000000752800000, 0x0000000752800000|100%|HC|  |TAMS 0x0000000752800000| PB 0x0000000752600000| Complete 
| 384|0x0000000752800000, 0x0000000752a00000, 0x0000000752a00000|100%|HC|  |TAMS 0x0000000752a00000| PB 0x0000000752800000| Complete 
| 385|0x0000000752a00000, 0x0000000752c00000, 0x0000000752c00000|100%|HC|  |TAMS 0x0000000752c00000| PB 0x0000000752a00000| Complete 
| 386|0x0000000752c00000, 0x0000000752e00000, 0x0000000752e00000|100%|HC|  |TAMS 0x0000000752e00000| PB 0x0000000752c00000| Complete 
| 387|0x0000000752e00000, 0x0000000753000000, 0x0000000753000000|100%|HC|  |TAMS 0x0000000753000000| PB 0x0000000752e00000| Complete 
| 388|0x0000000753000000, 0x0000000753200000, 0x0000000753200000|100%| O|  |TAMS 0x0000000753200000| PB 0x0000000753200000| Untracked 
| 389|0x0000000753200000, 0x0000000753400000, 0x0000000753400000|100%|HS|  |TAMS 0x0000000753400000| PB 0x0000000753200000| Complete 
| 390|0x0000000753400000, 0x0000000753600000, 0x0000000753600000|100%|HC|  |TAMS 0x0000000753600000| PB 0x0000000753400000| Complete 
| 391|0x0000000753600000, 0x0000000753800000, 0x0000000753800000|100%|HC|  |TAMS 0x0000000753800000| PB 0x0000000753600000| Complete 
| 392|0x0000000753800000, 0x0000000753a00000, 0x0000000753a00000|100%|HC|  |TAMS 0x0000000753a00000| PB 0x0000000753800000| Complete 
| 393|0x0000000753a00000, 0x0000000753c00000, 0x0000000753c00000|100%|HC|  |TAMS 0x0000000753c00000| PB 0x0000000753a00000| Complete 
| 394|0x0000000753c00000, 0x0000000753e00000, 0x0000000753e00000|100%|HS|  |TAMS 0x0000000753e00000| PB 0x0000000753c00000| Complete 
| 395|0x0000000753e00000, 0x0000000754000000, 0x0000000754000000|100%|HC|  |TAMS 0x0000000754000000| PB 0x0000000753e00000| Complete 
| 396|0x0000000754000000, 0x0000000754200000, 0x0000000754200000|100%|HS|  |TAMS 0x0000000754200000| PB 0x0000000754000000| Complete 
| 397|0x0000000754200000, 0x0000000754400000, 0x0000000754400000|100%|HC|  |TAMS 0x0000000754400000| PB 0x0000000754200000| Complete 
| 398|0x0000000754400000, 0x0000000754600000, 0x0000000754600000|100%|HC|  |TAMS 0x0000000754600000| PB 0x0000000754400000| Complete 
| 399|0x0000000754600000, 0x0000000754800000, 0x0000000754800000|100%|HS|  |TAMS 0x0000000754800000| PB 0x0000000754600000| Complete 
| 400|0x0000000754800000, 0x0000000754a00000, 0x0000000754a00000|100%|HC|  |TAMS 0x0000000754a00000| PB 0x0000000754800000| Complete 
| 401|0x0000000754a00000, 0x0000000754c00000, 0x0000000754c00000|100%|HC|  |TAMS 0x0000000754c00000| PB 0x0000000754a00000| Complete 
| 402|0x0000000754c00000, 0x0000000754e00000, 0x0000000754e00000|100%|HC|  |TAMS 0x0000000754e00000| PB 0x0000000754c00000| Complete 
| 403|0x0000000754e00000, 0x0000000755000000, 0x0000000755000000|100%|HC|  |TAMS 0x0000000755000000| PB 0x0000000754e00000| Complete 
| 404|0x0000000755000000, 0x0000000755200000, 0x0000000755200000|100%|HS|  |TAMS 0x0000000755200000| PB 0x0000000755000000| Complete 
| 405|0x0000000755200000, 0x0000000755400000, 0x0000000755400000|100%|HC|  |TAMS 0x0000000755400000| PB 0x0000000755200000| Complete 
| 406|0x0000000755400000, 0x0000000755600000, 0x0000000755600000|100%|HC|  |TAMS 0x0000000755600000| PB 0x0000000755400000| Complete 
| 407|0x0000000755600000, 0x0000000755800000, 0x0000000755800000|100%|HC|  |TAMS 0x0000000755800000| PB 0x0000000755600000| Complete 
| 408|0x0000000755800000, 0x0000000755a00000, 0x0000000755a00000|100%|HC|  |TAMS 0x0000000755a00000| PB 0x0000000755800000| Complete 
| 409|0x0000000755a00000, 0x0000000755c00000, 0x0000000755c00000|100%|HS|  |TAMS 0x0000000755c00000| PB 0x0000000755a00000| Complete 
| 410|0x0000000755c00000, 0x0000000755e00000, 0x0000000755e00000|100%|HC|  |TAMS 0x0000000755e00000| PB 0x0000000755c00000| Complete 
| 411|0x0000000755e00000, 0x0000000756000000, 0x0000000756000000|100%|HC|  |TAMS 0x0000000756000000| PB 0x0000000755e00000| Complete 
| 412|0x0000000756000000, 0x0000000756200000, 0x0000000756200000|100%|HC|  |TAMS 0x0000000756200000| PB 0x0000000756000000| Complete 
| 413|0x0000000756200000, 0x0000000756400000, 0x0000000756400000|100%|HC|  |TAMS 0x0000000756400000| PB 0x0000000756200000| Complete 
| 414|0x0000000756400000, 0x0000000756600000, 0x0000000756600000|100%|HS|  |TAMS 0x0000000756600000| PB 0x0000000756400000| Complete 
| 415|0x0000000756600000, 0x0000000756800000, 0x0000000756800000|100%|HC|  |TAMS 0x0000000756800000| PB 0x0000000756600000| Complete 
| 416|0x0000000756800000, 0x0000000756a00000, 0x0000000756a00000|100%|HC|  |TAMS 0x0000000756a00000| PB 0x0000000756800000| Complete 
| 417|0x0000000756a00000, 0x0000000756c00000, 0x0000000756c00000|100%|HC|  |TAMS 0x0000000756c00000| PB 0x0000000756a00000| Complete 
| 418|0x0000000756c00000, 0x0000000756e00000, 0x0000000756e00000|100%|HC|  |TAMS 0x0000000756e00000| PB 0x0000000756c00000| Complete 
| 419|0x0000000756e00000, 0x0000000757000000, 0x0000000757000000|100%|HC|  |TAMS 0x0000000757000000| PB 0x0000000756e00000| Complete 
| 420|0x0000000757000000, 0x0000000757200000, 0x0000000757200000|100%|HS|  |TAMS 0x0000000757200000| PB 0x0000000757000000| Complete 
| 421|0x0000000757200000, 0x0000000757400000, 0x0000000757400000|100%|HC|  |TAMS 0x0000000757400000| PB 0x0000000757200000| Complete 
| 422|0x0000000757400000, 0x0000000757600000, 0x0000000757600000|100%|HS|  |TAMS 0x0000000757600000| PB 0x0000000757400000| Complete 
| 423|0x0000000757600000, 0x0000000757800000, 0x0000000757800000|100%|HC|  |TAMS 0x0000000757800000| PB 0x0000000757600000| Complete 
| 424|0x0000000757800000, 0x0000000757a00000, 0x0000000757a00000|100%|HS|  |TAMS 0x0000000757a00000| PB 0x0000000757800000| Complete 
| 425|0x0000000757a00000, 0x0000000757c00000, 0x0000000757c00000|100%|HC|  |TAMS 0x0000000757c00000| PB 0x0000000757a00000| Complete 
| 426|0x0000000757c00000, 0x0000000757e00000, 0x0000000757e00000|100%|HC|  |TAMS 0x0000000757e00000| PB 0x0000000757c00000| Complete 
| 427|0x0000000757e00000, 0x0000000758000000, 0x0000000758000000|100%|HC|  |TAMS 0x0000000758000000| PB 0x0000000757e00000| Complete 
| 428|0x0000000758000000, 0x0000000758200000, 0x0000000758200000|100%|HC|  |TAMS 0x0000000758200000| PB 0x0000000758000000| Complete 
| 429|0x0000000758200000, 0x0000000758400000, 0x0000000758400000|100%|HC|  |TAMS 0x0000000758400000| PB 0x0000000758200000| Complete 
| 430|0x0000000758400000, 0x0000000758600000, 0x0000000758600000|100%|HS|  |TAMS 0x0000000758600000| PB 0x0000000758400000| Complete 
| 431|0x0000000758600000, 0x0000000758800000, 0x0000000758800000|100%|HC|  |TAMS 0x0000000758800000| PB 0x0000000758600000| Complete 
| 432|0x0000000758800000, 0x0000000758a00000, 0x0000000758a00000|100%|HC|  |TAMS 0x0000000758a00000| PB 0x0000000758800000| Complete 
| 433|0x0000000758a00000, 0x0000000758c00000, 0x0000000758c00000|100%|HC|  |TAMS 0x0000000758c00000| PB 0x0000000758a00000| Complete 
| 434|0x0000000758c00000, 0x0000000758e00000, 0x0000000758e00000|100%|HC|  |TAMS 0x0000000758e00000| PB 0x0000000758c00000| Complete 
| 435|0x0000000758e00000, 0x0000000759000000, 0x0000000759000000|100%|HC|  |TAMS 0x0000000759000000| PB 0x0000000758e00000| Complete 
| 436|0x0000000759000000, 0x0000000759200000, 0x0000000759200000|100%|HS|  |TAMS 0x0000000759200000| PB 0x0000000759000000| Complete 
| 437|0x0000000759200000, 0x0000000759400000, 0x0000000759400000|100%|HC|  |TAMS 0x0000000759400000| PB 0x0000000759200000| Complete 
| 438|0x0000000759400000, 0x0000000759600000, 0x0000000759600000|100%|HS|  |TAMS 0x0000000759600000| PB 0x0000000759400000| Complete 
| 439|0x0000000759600000, 0x0000000759800000, 0x0000000759800000|100%|HC|  |TAMS 0x0000000759800000| PB 0x0000000759600000| Complete 
| 440|0x0000000759800000, 0x0000000759a00000, 0x0000000759a00000|100%|HS|  |TAMS 0x0000000759a00000| PB 0x0000000759800000| Complete 
| 441|0x0000000759a00000, 0x0000000759c00000, 0x0000000759c00000|100%|HC|  |TAMS 0x0000000759c00000| PB 0x0000000759a00000| Complete 
| 442|0x0000000759c00000, 0x0000000759e00000, 0x0000000759e00000|100%|HC|  |TAMS 0x0000000759e00000| PB 0x0000000759c00000| Complete 
| 443|0x0000000759e00000, 0x000000075a000000, 0x000000075a000000|100%|HC|  |TAMS 0x000000075a000000| PB 0x0000000759e00000| Complete 
| 444|0x000000075a000000, 0x000000075a200000, 0x000000075a200000|100%|HC|  |TAMS 0x000000075a200000| PB 0x000000075a000000| Complete 
| 445|0x000000075a200000, 0x000000075a400000, 0x000000075a400000|100%|HS|  |TAMS 0x000000075a400000| PB 0x000000075a200000| Complete 
| 446|0x000000075a400000, 0x000000075a600000, 0x000000075a600000|100%|HC|  |TAMS 0x000000075a600000| PB 0x000000075a400000| Complete 
| 447|0x000000075a600000, 0x000000075a800000, 0x000000075a800000|100%|HC|  |TAMS 0x000000075a800000| PB 0x000000075a600000| Complete 
| 448|0x000000075a800000, 0x000000075aa00000, 0x000000075aa00000|100%|HC|  |TAMS 0x000000075aa00000| PB 0x000000075a800000| Complete 
| 449|0x000000075aa00000, 0x000000075ac00000, 0x000000075ac00000|100%|HC|  |TAMS 0x000000075ac00000| PB 0x000000075aa00000| Complete 
| 450|0x000000075ac00000, 0x000000075ae00000, 0x000000075ae00000|100%|HC|  |TAMS 0x000000075ae00000| PB 0x000000075ac00000| Complete 
| 451|0x000000075ae00000, 0x000000075b000000, 0x000000075b000000|100%|HS|  |TAMS 0x000000075b000000| PB 0x000000075ae00000| Complete 
| 452|0x000000075b000000, 0x000000075b200000, 0x000000075b200000|100%|HC|  |TAMS 0x000000075b200000| PB 0x000000075b000000| Complete 
| 453|0x000000075b200000, 0x000000075b400000, 0x000000075b400000|100%|HC|  |TAMS 0x000000075b400000| PB 0x000000075b200000| Complete 
| 454|0x000000075b400000, 0x000000075b600000, 0x000000075b600000|100%|HS|  |TAMS 0x000000075b600000| PB 0x000000075b400000| Complete 
| 455|0x000000075b600000, 0x000000075b800000, 0x000000075b800000|100%|HC|  |TAMS 0x000000075b800000| PB 0x000000075b600000| Complete 
| 456|0x000000075b800000, 0x000000075ba00000, 0x000000075ba00000|100%|HC|  |TAMS 0x000000075ba00000| PB 0x000000075b800000| Complete 
| 457|0x000000075ba00000, 0x000000075bc00000, 0x000000075bc00000|100%|HC|  |TAMS 0x000000075bc00000| PB 0x000000075ba00000| Complete 
| 458|0x000000075bc00000, 0x000000075be00000, 0x000000075be00000|100%|HC|  |TAMS 0x000000075be00000| PB 0x000000075bc00000| Complete 
| 459|0x000000075be00000, 0x000000075c000000, 0x000000075c000000|100%|HC|  |TAMS 0x000000075c000000| PB 0x000000075be00000| Complete 
| 460|0x000000075c000000, 0x000000075c200000, 0x000000075c200000|100%|HC|  |TAMS 0x000000075c200000| PB 0x000000075c000000| Complete 
| 461|0x000000075c200000, 0x000000075c400000, 0x000000075c400000|100%|HC|  |TAMS 0x000000075c400000| PB 0x000000075c200000| Complete 
| 462|0x000000075c400000, 0x000000075c600000, 0x000000075c600000|100%|HS|  |TAMS 0x000000075c600000| PB 0x000000075c400000| Complete 
| 463|0x000000075c600000, 0x000000075c800000, 0x000000075c800000|100%|HC|  |TAMS 0x000000075c800000| PB 0x000000075c600000| Complete 
| 464|0x000000075c800000, 0x000000075ca00000, 0x000000075ca00000|100%|HS|  |TAMS 0x000000075ca00000| PB 0x000000075c800000| Complete 
| 465|0x000000075ca00000, 0x000000075cc00000, 0x000000075cc00000|100%|HC|  |TAMS 0x000000075cc00000| PB 0x000000075ca00000| Complete 
| 466|0x000000075cc00000, 0x000000075ce00000, 0x000000075ce00000|100%|HC|  |TAMS 0x000000075ce00000| PB 0x000000075cc00000| Complete 
| 467|0x000000075ce00000, 0x000000075d000000, 0x000000075d000000|100%|HC|  |TAMS 0x000000075d000000| PB 0x000000075ce00000| Complete 
| 468|0x000000075d000000, 0x000000075d200000, 0x000000075d200000|100%|HC|  |TAMS 0x000000075d200000| PB 0x000000075d000000| Complete 
| 469|0x000000075d200000, 0x000000075d400000, 0x000000075d400000|100%|HS|  |TAMS 0x000000075d400000| PB 0x000000075d200000| Complete 
| 470|0x000000075d400000, 0x000000075d600000, 0x000000075d600000|100%|HC|  |TAMS 0x000000075d600000| PB 0x000000075d400000| Complete 
| 471|0x000000075d600000, 0x000000075d800000, 0x000000075d800000|100%|HS|  |TAMS 0x000000075d800000| PB 0x000000075d600000| Complete 
| 472|0x000000075d800000, 0x000000075da00000, 0x000000075da00000|100%|HC|  |TAMS 0x000000075da00000| PB 0x000000075d800000| Complete 
| 473|0x000000075da00000, 0x000000075dc00000, 0x000000075dc00000|100%|HS|  |TAMS 0x000000075dc00000| PB 0x000000075da00000| Complete 
| 474|0x000000075dc00000, 0x000000075de00000, 0x000000075de00000|100%|HC|  |TAMS 0x000000075de00000| PB 0x000000075dc00000| Complete 
| 475|0x000000075de00000, 0x000000075e000000, 0x000000075e000000|100%|HC|  |TAMS 0x000000075e000000| PB 0x000000075de00000| Complete 
| 476|0x000000075e000000, 0x000000075e200000, 0x000000075e200000|100%|HC|  |TAMS 0x000000075e200000| PB 0x000000075e000000| Complete 
| 477|0x000000075e200000, 0x000000075e400000, 0x000000075e400000|100%|HC|  |TAMS 0x000000075e400000| PB 0x000000075e200000| Complete 
| 478|0x000000075e400000, 0x000000075e600000, 0x000000075e600000|100%|HS|  |TAMS 0x000000075e600000| PB 0x000000075e400000| Complete 
| 479|0x000000075e600000, 0x000000075e800000, 0x000000075e800000|100%|HC|  |TAMS 0x000000075e800000| PB 0x000000075e600000| Complete 
| 480|0x000000075e800000, 0x000000075ea00000, 0x000000075ea00000|100%|HC|  |TAMS 0x000000075ea00000| PB 0x000000075e800000| Complete 
| 481|0x000000075ea00000, 0x000000075ec00000, 0x000000075ec00000|100%|HS|  |TAMS 0x000000075ec00000| PB 0x000000075ea00000| Complete 
| 482|0x000000075ec00000, 0x000000075ee00000, 0x000000075ee00000|100%|HC|  |TAMS 0x000000075ee00000| PB 0x000000075ec00000| Complete 
| 483|0x000000075ee00000, 0x000000075f000000, 0x000000075f000000|100%|HS|  |TAMS 0x000000075f000000| PB 0x000000075ee00000| Complete 
| 484|0x000000075f000000, 0x000000075f200000, 0x000000075f200000|100%|HC|  |TAMS 0x000000075f200000| PB 0x000000075f000000| Complete 
| 485|0x000000075f200000, 0x000000075f400000, 0x000000075f400000|100%|HC|  |TAMS 0x000000075f400000| PB 0x000000075f200000| Complete 
| 486|0x000000075f400000, 0x000000075f600000, 0x000000075f600000|100%|HC|  |TAMS 0x000000075f600000| PB 0x000000075f400000| Complete 
| 487|0x000000075f600000, 0x000000075f800000, 0x000000075f800000|100%|HC|  |TAMS 0x000000075f800000| PB 0x000000075f600000| Complete 
| 488|0x000000075f800000, 0x000000075fa00000, 0x000000075fa00000|100%|HS|  |TAMS 0x000000075fa00000| PB 0x000000075f800000| Complete 
| 489|0x000000075fa00000, 0x000000075fc00000, 0x000000075fc00000|100%|HC|  |TAMS 0x000000075fc00000| PB 0x000000075fa00000| Complete 
| 490|0x000000075fc00000, 0x000000075fe00000, 0x000000075fe00000|100%|HC|  |TAMS 0x000000075fe00000| PB 0x000000075fc00000| Complete 
| 491|0x000000075fe00000, 0x0000000760000000, 0x0000000760000000|100%|HS|  |TAMS 0x0000000760000000| PB 0x000000075fe00000| Complete 
| 492|0x0000000760000000, 0x0000000760200000, 0x0000000760200000|100%|HC|  |TAMS 0x0000000760200000| PB 0x0000000760000000| Complete 
| 493|0x0000000760200000, 0x0000000760400000, 0x0000000760400000|100%|HC|  |TAMS 0x0000000760400000| PB 0x0000000760200000| Complete 
| 494|0x0000000760400000, 0x0000000760600000, 0x0000000760600000|100%|HC|  |TAMS 0x0000000760600000| PB 0x0000000760400000| Complete 
| 495|0x0000000760600000, 0x0000000760800000, 0x0000000760800000|100%|HC|  |TAMS 0x0000000760800000| PB 0x0000000760600000| Complete 
| 496|0x0000000760800000, 0x0000000760a00000, 0x0000000760a00000|100%|HS|  |TAMS 0x0000000760a00000| PB 0x0000000760800000| Complete 
| 497|0x0000000760a00000, 0x0000000760c00000, 0x0000000760c00000|100%|HC|  |TAMS 0x0000000760c00000| PB 0x0000000760a00000| Complete 
| 498|0x0000000760c00000, 0x0000000760e00000, 0x0000000760e00000|100%|HS|  |TAMS 0x0000000760e00000| PB 0x0000000760c00000| Complete 
| 499|0x0000000760e00000, 0x0000000761000000, 0x0000000761000000|100%|HC|  |TAMS 0x0000000761000000| PB 0x0000000760e00000| Complete 
| 500|0x0000000761000000, 0x0000000761200000, 0x0000000761200000|100%|HS|  |TAMS 0x0000000761200000| PB 0x0000000761000000| Complete 
| 501|0x0000000761200000, 0x0000000761400000, 0x0000000761400000|100%|HC|  |TAMS 0x0000000761400000| PB 0x0000000761200000| Complete 
| 502|0x0000000761400000, 0x0000000761600000, 0x0000000761600000|100%|HS|  |TAMS 0x0000000761600000| PB 0x0000000761400000| Complete 
| 503|0x0000000761600000, 0x0000000761800000, 0x0000000761800000|100%|HC|  |TAMS 0x0000000761800000| PB 0x0000000761600000| Complete 
| 504|0x0000000761800000, 0x0000000761a00000, 0x0000000761a00000|100%|HS|  |TAMS 0x0000000761a00000| PB 0x0000000761800000| Complete 
| 505|0x0000000761a00000, 0x0000000761c00000, 0x0000000761c00000|100%|HC|  |TAMS 0x0000000761c00000| PB 0x0000000761a00000| Complete 
| 506|0x0000000761c00000, 0x0000000761e00000, 0x0000000761e00000|100%|HC|  |TAMS 0x0000000761e00000| PB 0x0000000761c00000| Complete 
| 507|0x0000000761e00000, 0x0000000762000000, 0x0000000762000000|100%|HC|  |TAMS 0x0000000762000000| PB 0x0000000761e00000| Complete 
| 508|0x0000000762000000, 0x0000000762200000, 0x0000000762200000|100%|HC|  |TAMS 0x0000000762200000| PB 0x0000000762000000| Complete 
| 509|0x0000000762200000, 0x0000000762400000, 0x0000000762400000|100%|HC|  |TAMS 0x0000000762400000| PB 0x0000000762200000| Complete 
| 510|0x0000000762400000, 0x0000000762600000, 0x0000000762600000|100%|HC|  |TAMS 0x0000000762600000| PB 0x0000000762400000| Complete 
| 511|0x0000000762600000, 0x0000000762800000, 0x0000000762800000|100%|HC|  |TAMS 0x0000000762800000| PB 0x0000000762600000| Complete 
| 512|0x0000000762800000, 0x0000000762a00000, 0x0000000762a00000|100%|HS|  |TAMS 0x0000000762a00000| PB 0x0000000762800000| Complete 
| 513|0x0000000762a00000, 0x0000000762c00000, 0x0000000762c00000|100%|HC|  |TAMS 0x0000000762c00000| PB 0x0000000762a00000| Complete 
| 514|0x0000000762c00000, 0x0000000762e00000, 0x0000000762e00000|100%|HC|  |TAMS 0x0000000762e00000| PB 0x0000000762c00000| Complete 
| 515|0x0000000762e00000, 0x0000000763000000, 0x0000000763000000|100%|HC|  |TAMS 0x0000000763000000| PB 0x0000000762e00000| Complete 
| 516|0x0000000763000000, 0x0000000763200000, 0x0000000763200000|100%|HC|  |TAMS 0x0000000763200000| PB 0x0000000763000000| Complete 
| 517|0x0000000763200000, 0x0000000763400000, 0x0000000763400000|100%|HC|  |TAMS 0x0000000763400000| PB 0x0000000763200000| Complete 
| 518|0x0000000763400000, 0x0000000763600000, 0x0000000763600000|100%|HC|  |TAMS 0x0000000763600000| PB 0x0000000763400000| Complete 
| 519|0x0000000763600000, 0x0000000763800000, 0x0000000763800000|100%|HC|  |TAMS 0x0000000763800000| PB 0x0000000763600000| Complete 
| 520|0x0000000763800000, 0x0000000763a00000, 0x0000000763a00000|100%| O|  |TAMS 0x0000000763a00000| PB 0x0000000763a00000| Untracked 
| 521|0x0000000763a00000, 0x0000000763c00000, 0x0000000763c00000|100%| O|  |TAMS 0x0000000763c00000| PB 0x0000000763c00000| Untracked 
| 522|0x0000000763c00000, 0x0000000763e00000, 0x0000000763e00000|100%| O|  |TAMS 0x0000000763e00000| PB 0x0000000763e00000| Untracked 
| 523|0x0000000763e00000, 0x0000000764000000, 0x0000000764000000|100%| O|  |TAMS 0x0000000764000000| PB 0x0000000764000000| Untracked 
| 524|0x0000000764000000, 0x0000000764200000, 0x0000000764200000|100%| O|  |TAMS 0x0000000764200000| PB 0x0000000764200000| Untracked 
| 525|0x0000000764200000, 0x0000000764400000, 0x0000000764400000|100%| O|  |TAMS 0x0000000764400000| PB 0x0000000764400000| Untracked 
| 526|0x0000000764400000, 0x0000000764600000, 0x0000000764600000|100%| O|  |TAMS 0x0000000764600000| PB 0x0000000764600000| Untracked 
| 527|0x0000000764600000, 0x0000000764800000, 0x0000000764800000|100%| O|  |TAMS 0x0000000764800000| PB 0x0000000764800000| Untracked 
| 528|0x0000000764800000, 0x0000000764a00000, 0x0000000764a00000|100%| O|  |TAMS 0x0000000764a00000| PB 0x0000000764a00000| Untracked 
| 529|0x0000000764a00000, 0x0000000764c00000, 0x0000000764c00000|100%| O|  |TAMS 0x0000000764c00000| PB 0x0000000764c00000| Untracked 
| 530|0x0000000764c00000, 0x0000000764e00000, 0x0000000764e00000|100%| O|  |TAMS 0x0000000764e00000| PB 0x0000000764e00000| Untracked 
| 531|0x0000000764e00000, 0x0000000765000000, 0x0000000765000000|100%| O|  |TAMS 0x0000000765000000| PB 0x0000000765000000| Untracked 
| 532|0x0000000765000000, 0x0000000765200000, 0x0000000765200000|100%| O|  |TAMS 0x0000000765200000| PB 0x0000000765200000| Untracked 
| 533|0x0000000765200000, 0x0000000765400000, 0x0000000765400000|100%| O|  |TAMS 0x0000000765400000| PB 0x0000000765400000| Untracked 
| 534|0x0000000765400000, 0x0000000765600000, 0x0000000765600000|100%| O|  |TAMS 0x0000000765600000| PB 0x0000000765600000| Untracked 
| 535|0x0000000765600000, 0x0000000765800000, 0x0000000765800000|100%| O|  |TAMS 0x0000000765800000| PB 0x0000000765800000| Untracked 
| 536|0x0000000765800000, 0x0000000765a00000, 0x0000000765a00000|100%| O|  |TAMS 0x0000000765a00000| PB 0x0000000765a00000| Untracked 
| 537|0x0000000765a00000, 0x0000000765c00000, 0x0000000765c00000|100%| O|  |TAMS 0x0000000765c00000| PB 0x0000000765c00000| Untracked 
| 538|0x0000000765c00000, 0x0000000765e00000, 0x0000000765e00000|100%| O|  |TAMS 0x0000000765e00000| PB 0x0000000765e00000| Untracked 
| 539|0x0000000765e00000, 0x0000000766000000, 0x0000000766000000|100%| O|  |TAMS 0x0000000766000000| PB 0x0000000766000000| Untracked 
| 540|0x0000000766000000, 0x0000000766200000, 0x0000000766200000|100%| O|  |TAMS 0x0000000766200000| PB 0x0000000766200000| Untracked 
| 541|0x0000000766200000, 0x0000000766400000, 0x0000000766400000|100%| O|  |TAMS 0x0000000766400000| PB 0x0000000766400000| Untracked 
| 542|0x0000000766400000, 0x0000000766600000, 0x0000000766600000|100%| O|  |TAMS 0x0000000766600000| PB 0x0000000766600000| Untracked 
| 543|0x0000000766600000, 0x0000000766800000, 0x0000000766800000|100%| O|  |TAMS 0x0000000766800000| PB 0x0000000766800000| Untracked 
| 544|0x0000000766800000, 0x0000000766a00000, 0x0000000766a00000|100%| O|  |TAMS 0x0000000766a00000| PB 0x0000000766a00000| Untracked 
| 545|0x0000000766a00000, 0x0000000766c00000, 0x0000000766c00000|100%| O|  |TAMS 0x0000000766c00000| PB 0x0000000766c00000| Untracked 
| 546|0x0000000766c00000, 0x0000000766e00000, 0x0000000766e00000|100%| O|  |TAMS 0x0000000766e00000| PB 0x0000000766e00000| Untracked 
| 547|0x0000000766e00000, 0x0000000767000000, 0x0000000767000000|100%| O|  |TAMS 0x0000000767000000| PB 0x0000000767000000| Untracked 
| 548|0x0000000767000000, 0x0000000767200000, 0x0000000767200000|100%| O|  |TAMS 0x0000000767200000| PB 0x0000000767200000| Untracked 
| 549|0x0000000767200000, 0x0000000767400000, 0x0000000767400000|100%| O|  |TAMS 0x0000000767400000| PB 0x0000000767400000| Untracked 
| 550|0x0000000767400000, 0x0000000767600000, 0x0000000767600000|100%| O|  |TAMS 0x0000000767600000| PB 0x0000000767600000| Untracked 
| 551|0x0000000767600000, 0x0000000767800000, 0x0000000767800000|100%| O|  |TAMS 0x0000000767800000| PB 0x0000000767800000| Untracked 
| 552|0x0000000767800000, 0x0000000767a00000, 0x0000000767a00000|100%| O|  |TAMS 0x0000000767a00000| PB 0x0000000767a00000| Untracked 
| 553|0x0000000767a00000, 0x0000000767c00000, 0x0000000767c00000|100%| O|  |TAMS 0x0000000767c00000| PB 0x0000000767c00000| Untracked 
| 554|0x0000000767c00000, 0x0000000767e00000, 0x0000000767e00000|100%| O|  |TAMS 0x0000000767e00000| PB 0x0000000767e00000| Untracked 
| 555|0x0000000767e00000, 0x0000000768000000, 0x0000000768000000|100%| O|  |TAMS 0x0000000768000000| PB 0x0000000768000000| Untracked 
| 556|0x0000000768000000, 0x0000000768200000, 0x0000000768200000|100%| O|  |TAMS 0x0000000768200000| PB 0x0000000768200000| Untracked 
| 557|0x0000000768200000, 0x0000000768400000, 0x0000000768400000|100%| O|  |TAMS 0x0000000768400000| PB 0x0000000768400000| Untracked 
| 558|0x0000000768400000, 0x0000000768600000, 0x0000000768600000|100%| O|  |TAMS 0x0000000768600000| PB 0x0000000768600000| Untracked 
| 559|0x0000000768600000, 0x0000000768800000, 0x0000000768800000|100%| O|  |TAMS 0x0000000768800000| PB 0x0000000768800000| Untracked 
| 560|0x0000000768800000, 0x0000000768a00000, 0x0000000768a00000|100%| O|  |TAMS 0x0000000768a00000| PB 0x0000000768a00000| Untracked 
| 561|0x0000000768a00000, 0x0000000768c00000, 0x0000000768c00000|100%| O|  |TAMS 0x0000000768c00000| PB 0x0000000768c00000| Untracked 
| 562|0x0000000768c00000, 0x0000000768e00000, 0x0000000768e00000|100%| O|  |TAMS 0x0000000768e00000| PB 0x0000000768e00000| Untracked 
| 563|0x0000000768e00000, 0x0000000769000000, 0x0000000769000000|100%| O|  |TAMS 0x0000000769000000| PB 0x0000000769000000| Untracked 
| 564|0x0000000769000000, 0x0000000769200000, 0x0000000769200000|100%| O|  |TAMS 0x0000000769200000| PB 0x0000000769200000| Untracked 
| 565|0x0000000769200000, 0x0000000769400000, 0x0000000769400000|100%| O|  |TAMS 0x0000000769400000| PB 0x0000000769400000| Untracked 
| 566|0x0000000769400000, 0x0000000769600000, 0x0000000769600000|100%| O|  |TAMS 0x0000000769600000| PB 0x0000000769600000| Untracked 
| 567|0x0000000769600000, 0x0000000769800000, 0x0000000769800000|100%| O|  |TAMS 0x0000000769800000| PB 0x0000000769800000| Untracked 
| 568|0x0000000769800000, 0x0000000769a00000, 0x0000000769a00000|100%| O|  |TAMS 0x0000000769a00000| PB 0x0000000769a00000| Untracked 
| 569|0x0000000769a00000, 0x0000000769c00000, 0x0000000769c00000|100%| O|  |TAMS 0x0000000769c00000| PB 0x0000000769c00000| Untracked 
| 570|0x0000000769c00000, 0x0000000769e00000, 0x0000000769e00000|100%| O|  |TAMS 0x0000000769e00000| PB 0x0000000769e00000| Untracked 
| 571|0x0000000769e00000, 0x000000076a000000, 0x000000076a000000|100%| O|  |TAMS 0x000000076a000000| PB 0x000000076a000000| Untracked 
| 572|0x000000076a000000, 0x000000076a200000, 0x000000076a200000|100%| O|  |TAMS 0x000000076a200000| PB 0x000000076a200000| Untracked 
| 573|0x000000076a200000, 0x000000076a400000, 0x000000076a400000|100%| O|  |TAMS 0x000000076a400000| PB 0x000000076a400000| Untracked 
| 574|0x000000076a400000, 0x000000076a600000, 0x000000076a600000|100%| O|  |TAMS 0x000000076a600000| PB 0x000000076a600000| Untracked 
| 575|0x000000076a600000, 0x000000076a800000, 0x000000076a800000|100%| O|  |TAMS 0x000000076a800000| PB 0x000000076a800000| Untracked 
| 576|0x000000076a800000, 0x000000076aa00000, 0x000000076aa00000|100%| O|  |TAMS 0x000000076aa00000| PB 0x000000076aa00000| Untracked 
| 577|0x000000076aa00000, 0x000000076ac00000, 0x000000076ac00000|100%| O|  |TAMS 0x000000076ac00000| PB 0x000000076ac00000| Untracked 
| 578|0x000000076ac00000, 0x000000076ae00000, 0x000000076ae00000|100%| O|  |TAMS 0x000000076ae00000| PB 0x000000076ae00000| Untracked 
| 579|0x000000076ae00000, 0x000000076b000000, 0x000000076b000000|100%| O|  |TAMS 0x000000076b000000| PB 0x000000076b000000| Untracked 
| 580|0x000000076b000000, 0x000000076b200000, 0x000000076b200000|100%| O|  |TAMS 0x000000076b200000| PB 0x000000076b200000| Untracked 
| 581|0x000000076b200000, 0x000000076b400000, 0x000000076b400000|100%| O|  |TAMS 0x000000076b400000| PB 0x000000076b400000| Untracked 
| 582|0x000000076b400000, 0x000000076b600000, 0x000000076b600000|100%| O|  |TAMS 0x000000076b600000| PB 0x000000076b600000| Untracked 
| 583|0x000000076b600000, 0x000000076b800000, 0x000000076b800000|100%| O|  |TAMS 0x000000076b800000| PB 0x000000076b800000| Updating 
| 584|0x000000076b800000, 0x000000076ba00000, 0x000000076ba00000|100%| O|  |TAMS 0x000000076ba00000| PB 0x000000076ba00000| Updating 
| 585|0x000000076ba00000, 0x000000076bc00000, 0x000000076bc00000|100%| O|  |TAMS 0x000000076bc00000| PB 0x000000076bc00000| Updating 
| 586|0x000000076bc00000, 0x000000076be00000, 0x000000076be00000|100%| O|  |TAMS 0x000000076be00000| PB 0x000000076be00000| Untracked 
| 587|0x000000076be00000, 0x000000076c000000, 0x000000076c000000|100%| O|  |TAMS 0x000000076c000000| PB 0x000000076c000000| Updating 
| 588|0x000000076c000000, 0x000000076c200000, 0x000000076c200000|100%| O|  |TAMS 0x000000076c200000| PB 0x000000076c200000| Untracked 
| 589|0x000000076c200000, 0x000000076c400000, 0x000000076c400000|100%| O|  |TAMS 0x000000076c400000| PB 0x000000076c400000| Untracked 
| 590|0x000000076c400000, 0x000000076c600000, 0x000000076c600000|100%| O|  |TAMS 0x000000076c600000| PB 0x000000076c600000| Untracked 
| 591|0x000000076c600000, 0x000000076c800000, 0x000000076c800000|100%| O|  |TAMS 0x000000076c800000| PB 0x000000076c800000| Untracked 
| 592|0x000000076c800000, 0x000000076ca00000, 0x000000076ca00000|100%| O|  |TAMS 0x000000076ca00000| PB 0x000000076ca00000| Untracked 
| 593|0x000000076ca00000, 0x000000076cc00000, 0x000000076cc00000|100%| O|  |TAMS 0x000000076cc00000| PB 0x000000076cc00000| Untracked 
| 594|0x000000076cc00000, 0x000000076ce00000, 0x000000076ce00000|100%| O|  |TAMS 0x000000076ce00000| PB 0x000000076ce00000| Untracked 
| 595|0x000000076ce00000, 0x000000076d000000, 0x000000076d000000|100%| O|  |TAMS 0x000000076d000000| PB 0x000000076d000000| Untracked 
| 596|0x000000076d000000, 0x000000076d200000, 0x000000076d200000|100%| O|  |TAMS 0x000000076d200000| PB 0x000000076d200000| Untracked 
| 597|0x000000076d200000, 0x000000076d400000, 0x000000076d400000|100%| O|  |TAMS 0x000000076d400000| PB 0x000000076d400000| Untracked 
| 598|0x000000076d400000, 0x000000076d600000, 0x000000076d600000|100%| O|  |TAMS 0x000000076d600000| PB 0x000000076d600000| Untracked 
| 599|0x000000076d600000, 0x000000076d800000, 0x000000076d800000|100%| O|  |TAMS 0x000000076d800000| PB 0x000000076d800000| Untracked 
| 600|0x000000076d800000, 0x000000076da00000, 0x000000076da00000|100%| O|  |TAMS 0x000000076da00000| PB 0x000000076da00000| Untracked 
| 601|0x000000076da00000, 0x000000076dc00000, 0x000000076dc00000|100%| O|  |TAMS 0x000000076dc00000| PB 0x000000076dc00000| Untracked 
| 602|0x000000076dc00000, 0x000000076de00000, 0x000000076de00000|100%| O|  |TAMS 0x000000076de00000| PB 0x000000076de00000| Untracked 
| 603|0x000000076de00000, 0x000000076e000000, 0x000000076e000000|100%| O|  |TAMS 0x000000076e000000| PB 0x000000076e000000| Untracked 
| 604|0x000000076e000000, 0x000000076e200000, 0x000000076e200000|100%| O|  |TAMS 0x000000076e200000| PB 0x000000076e200000| Untracked 
| 605|0x000000076e200000, 0x000000076e400000, 0x000000076e400000|100%| O|  |TAMS 0x000000076e400000| PB 0x000000076e400000| Untracked 
| 606|0x000000076e400000, 0x000000076e600000, 0x000000076e600000|100%| O|  |TAMS 0x000000076e600000| PB 0x000000076e600000| Untracked 
| 607|0x000000076e600000, 0x000000076e800000, 0x000000076e800000|100%| O|  |TAMS 0x000000076e800000| PB 0x000000076e800000| Untracked 
| 608|0x000000076e800000, 0x000000076ea00000, 0x000000076ea00000|100%| O|  |TAMS 0x000000076ea00000| PB 0x000000076ea00000| Untracked 
| 609|0x000000076ea00000, 0x000000076ec00000, 0x000000076ec00000|100%| O|  |TAMS 0x000000076ec00000| PB 0x000000076ec00000| Untracked 
| 610|0x000000076ec00000, 0x000000076ee00000, 0x000000076ee00000|100%| O|  |TAMS 0x000000076ee00000| PB 0x000000076ee00000| Untracked 
| 611|0x000000076ee00000, 0x000000076f000000, 0x000000076f000000|100%| O|  |TAMS 0x000000076f000000| PB 0x000000076f000000| Untracked 
| 612|0x000000076f000000, 0x000000076f200000, 0x000000076f200000|100%| O|  |TAMS 0x000000076f200000| PB 0x000000076f200000| Untracked 
| 613|0x000000076f200000, 0x000000076f400000, 0x000000076f400000|100%| O|  |TAMS 0x000000076f400000| PB 0x000000076f400000| Untracked 
| 614|0x000000076f400000, 0x000000076f600000, 0x000000076f600000|100%| O|  |TAMS 0x000000076f600000| PB 0x000000076f600000| Untracked 
| 615|0x000000076f600000, 0x000000076f800000, 0x000000076f800000|100%| O|  |TAMS 0x000000076f800000| PB 0x000000076f800000| Untracked 
| 616|0x000000076f800000, 0x000000076fa00000, 0x000000076fa00000|100%| O|  |TAMS 0x000000076fa00000| PB 0x000000076fa00000| Untracked 
| 617|0x000000076fa00000, 0x000000076fc00000, 0x000000076fc00000|100%| O|  |TAMS 0x000000076fc00000| PB 0x000000076fc00000| Untracked 
| 618|0x000000076fc00000, 0x000000076fe00000, 0x000000076fe00000|100%| O|  |TAMS 0x000000076fe00000| PB 0x000000076fe00000| Untracked 
| 619|0x000000076fe00000, 0x0000000770000000, 0x0000000770000000|100%| O|  |TAMS 0x0000000770000000| PB 0x0000000770000000| Untracked 
| 620|0x0000000770000000, 0x0000000770200000, 0x0000000770200000|100%| O|  |TAMS 0x0000000770200000| PB 0x0000000770200000| Untracked 
| 621|0x0000000770200000, 0x0000000770400000, 0x0000000770400000|100%| O|  |TAMS 0x0000000770400000| PB 0x0000000770400000| Untracked 
| 622|0x0000000770400000, 0x0000000770600000, 0x0000000770600000|100%| O|  |TAMS 0x0000000770600000| PB 0x0000000770600000| Untracked 
| 623|0x0000000770600000, 0x0000000770800000, 0x0000000770800000|100%| O|  |TAMS 0x0000000770800000| PB 0x0000000770800000| Untracked 
| 624|0x0000000770800000, 0x0000000770a00000, 0x0000000770a00000|100%| O|  |TAMS 0x0000000770a00000| PB 0x0000000770a00000| Untracked 
| 625|0x0000000770a00000, 0x0000000770c00000, 0x0000000770c00000|100%| O|  |TAMS 0x0000000770c00000| PB 0x0000000770c00000| Untracked 
| 626|0x0000000770c00000, 0x0000000770e00000, 0x0000000770e00000|100%| O|  |TAMS 0x0000000770e00000| PB 0x0000000770e00000| Untracked 
| 627|0x0000000770e00000, 0x0000000771000000, 0x0000000771000000|100%| O|  |TAMS 0x0000000771000000| PB 0x0000000771000000| Untracked 
| 628|0x0000000771000000, 0x0000000771200000, 0x0000000771200000|100%| O|  |TAMS 0x0000000771200000| PB 0x0000000771200000| Untracked 
| 629|0x0000000771200000, 0x0000000771400000, 0x0000000771400000|100%| O|  |TAMS 0x0000000771400000| PB 0x0000000771400000| Untracked 
| 630|0x0000000771400000, 0x0000000771600000, 0x0000000771600000|100%| O|  |TAMS 0x0000000771600000| PB 0x0000000771600000| Untracked 
| 631|0x0000000771600000, 0x0000000771800000, 0x0000000771800000|100%| O|  |TAMS 0x0000000771800000| PB 0x0000000771800000| Untracked 
| 632|0x0000000771800000, 0x0000000771a00000, 0x0000000771a00000|100%| O|  |TAMS 0x0000000771a00000| PB 0x0000000771a00000| Untracked 
| 633|0x0000000771a00000, 0x0000000771c00000, 0x0000000771c00000|100%| O|  |TAMS 0x0000000771c00000| PB 0x0000000771c00000| Untracked 
| 634|0x0000000771c00000, 0x0000000771e00000, 0x0000000771e00000|100%| O|  |TAMS 0x0000000771e00000| PB 0x0000000771e00000| Untracked 
| 635|0x0000000771e00000, 0x0000000772000000, 0x0000000772000000|100%| O|  |TAMS 0x0000000772000000| PB 0x0000000772000000| Untracked 
| 636|0x0000000772000000, 0x0000000772200000, 0x0000000772200000|100%| O|  |TAMS 0x0000000772200000| PB 0x0000000772200000| Untracked 
| 637|0x0000000772200000, 0x0000000772400000, 0x0000000772400000|100%| O|  |TAMS 0x0000000772400000| PB 0x0000000772400000| Untracked 
| 638|0x0000000772400000, 0x0000000772600000, 0x0000000772600000|100%| O|  |TAMS 0x0000000772600000| PB 0x0000000772600000| Untracked 
| 639|0x0000000772600000, 0x0000000772800000, 0x0000000772800000|100%| O|  |TAMS 0x0000000772800000| PB 0x0000000772800000| Untracked 
| 640|0x0000000772800000, 0x0000000772a00000, 0x0000000772a00000|100%| O|  |TAMS 0x0000000772a00000| PB 0x0000000772a00000| Untracked 
| 641|0x0000000772a00000, 0x0000000772c00000, 0x0000000772c00000|100%| O|  |TAMS 0x0000000772c00000| PB 0x0000000772c00000| Untracked 
| 642|0x0000000772c00000, 0x0000000772e00000, 0x0000000772e00000|100%| O|  |TAMS 0x0000000772e00000| PB 0x0000000772e00000| Untracked 
| 643|0x0000000772e00000, 0x0000000773000000, 0x0000000773000000|100%| O|  |TAMS 0x0000000773000000| PB 0x0000000773000000| Untracked 
| 644|0x0000000773000000, 0x0000000773200000, 0x0000000773200000|100%| O|  |TAMS 0x0000000773200000| PB 0x0000000773200000| Untracked 
| 645|0x0000000773200000, 0x0000000773400000, 0x0000000773400000|100%| O|  |TAMS 0x0000000773400000| PB 0x0000000773400000| Untracked 
| 646|0x0000000773400000, 0x0000000773600000, 0x0000000773600000|100%| O|  |TAMS 0x0000000773600000| PB 0x0000000773600000| Untracked 
| 647|0x0000000773600000, 0x0000000773800000, 0x0000000773800000|100%| O|  |TAMS 0x0000000773800000| PB 0x0000000773800000| Untracked 
| 648|0x0000000773800000, 0x0000000773a00000, 0x0000000773a00000|100%| O|  |TAMS 0x0000000773a00000| PB 0x0000000773a00000| Untracked 
| 649|0x0000000773a00000, 0x0000000773c00000, 0x0000000773c00000|100%| O|  |TAMS 0x0000000773c00000| PB 0x0000000773c00000| Untracked 
| 650|0x0000000773c00000, 0x0000000773e00000, 0x0000000773e00000|100%| O|  |TAMS 0x0000000773e00000| PB 0x0000000773e00000| Untracked 
| 651|0x0000000773e00000, 0x0000000774000000, 0x0000000774000000|100%| O|  |TAMS 0x0000000774000000| PB 0x0000000774000000| Untracked 
| 652|0x0000000774000000, 0x0000000774200000, 0x0000000774200000|100%| O|  |TAMS 0x0000000774200000| PB 0x0000000774200000| Untracked 
| 653|0x0000000774200000, 0x0000000774400000, 0x0000000774400000|100%| O|  |TAMS 0x0000000774400000| PB 0x0000000774400000| Untracked 
| 654|0x0000000774400000, 0x0000000774600000, 0x0000000774600000|100%| O|  |TAMS 0x0000000774600000| PB 0x0000000774600000| Untracked 
| 655|0x0000000774600000, 0x0000000774800000, 0x0000000774800000|100%| O|  |TAMS 0x0000000774800000| PB 0x0000000774800000| Untracked 
| 656|0x0000000774800000, 0x0000000774a00000, 0x0000000774a00000|100%| O|  |TAMS 0x0000000774a00000| PB 0x0000000774a00000| Untracked 
| 657|0x0000000774a00000, 0x0000000774c00000, 0x0000000774c00000|100%| O|  |TAMS 0x0000000774c00000| PB 0x0000000774c00000| Untracked 
| 658|0x0000000774c00000, 0x0000000774e00000, 0x0000000774e00000|100%| O|  |TAMS 0x0000000774e00000| PB 0x0000000774e00000| Untracked 
| 659|0x0000000774e00000, 0x0000000775000000, 0x0000000775000000|100%| O|  |TAMS 0x0000000775000000| PB 0x0000000775000000| Untracked 
| 660|0x0000000775000000, 0x0000000775200000, 0x0000000775200000|100%| O|  |TAMS 0x0000000775200000| PB 0x0000000775200000| Untracked 
| 661|0x0000000775200000, 0x0000000775400000, 0x0000000775400000|100%| O|  |TAMS 0x0000000775400000| PB 0x0000000775400000| Untracked 
| 662|0x0000000775400000, 0x0000000775600000, 0x0000000775600000|100%| O|  |TAMS 0x0000000775600000| PB 0x0000000775600000| Untracked 
| 663|0x0000000775600000, 0x0000000775800000, 0x0000000775800000|100%| O|  |TAMS 0x0000000775800000| PB 0x0000000775800000| Untracked 
| 664|0x0000000775800000, 0x0000000775a00000, 0x0000000775a00000|100%| O|  |TAMS 0x0000000775a00000| PB 0x0000000775a00000| Untracked 
| 665|0x0000000775a00000, 0x0000000775c00000, 0x0000000775c00000|100%| O|  |TAMS 0x0000000775c00000| PB 0x0000000775c00000| Untracked 
| 666|0x0000000775c00000, 0x0000000775e00000, 0x0000000775e00000|100%| O|  |TAMS 0x0000000775e00000| PB 0x0000000775e00000| Untracked 
| 667|0x0000000775e00000, 0x0000000776000000, 0x0000000776000000|100%| O|  |TAMS 0x0000000776000000| PB 0x0000000776000000| Untracked 
| 668|0x0000000776000000, 0x0000000776200000, 0x0000000776200000|100%| O|  |TAMS 0x0000000776200000| PB 0x0000000776200000| Updating 
| 669|0x0000000776200000, 0x0000000776400000, 0x0000000776400000|100%| O|  |TAMS 0x0000000776400000| PB 0x0000000776400000| Untracked 
| 670|0x0000000776400000, 0x0000000776600000, 0x0000000776600000|100%| O|  |TAMS 0x0000000776600000| PB 0x0000000776600000| Updating 
| 671|0x0000000776600000, 0x0000000776800000, 0x0000000776800000|100%| O|  |TAMS 0x0000000776800000| PB 0x0000000776800000| Untracked 
| 672|0x0000000776800000, 0x0000000776a00000, 0x0000000776a00000|100%| O|  |TAMS 0x0000000776a00000| PB 0x0000000776a00000| Updating 
| 673|0x0000000776a00000, 0x0000000776c00000, 0x0000000776c00000|100%| O|  |TAMS 0x0000000776c00000| PB 0x0000000776c00000| Untracked 
| 674|0x0000000776c00000, 0x0000000776e00000, 0x0000000776e00000|100%| O|  |TAMS 0x0000000776e00000| PB 0x0000000776e00000| Untracked 
| 675|0x0000000776e00000, 0x0000000777000000, 0x0000000777000000|100%| O|  |TAMS 0x0000000777000000| PB 0x0000000777000000| Untracked 
| 676|0x0000000777000000, 0x0000000777200000, 0x0000000777200000|100%| O|  |TAMS 0x0000000777200000| PB 0x0000000777200000| Untracked 
| 677|0x0000000777200000, 0x0000000777400000, 0x0000000777400000|100%| O|  |TAMS 0x0000000777400000| PB 0x0000000777400000| Untracked 
| 678|0x0000000777400000, 0x0000000777600000, 0x0000000777600000|100%| O|  |TAMS 0x0000000777600000| PB 0x0000000777600000| Untracked 
| 679|0x0000000777600000, 0x0000000777800000, 0x0000000777800000|100%| O|  |TAMS 0x0000000777800000| PB 0x0000000777800000| Untracked 
| 680|0x0000000777800000, 0x0000000777a00000, 0x0000000777a00000|100%| O|  |TAMS 0x0000000777a00000| PB 0x0000000777a00000| Untracked 
| 681|0x0000000777a00000, 0x0000000777c00000, 0x0000000777c00000|100%| O|  |TAMS 0x0000000777c00000| PB 0x0000000777c00000| Untracked 
| 682|0x0000000777c00000, 0x0000000777e00000, 0x0000000777e00000|100%| O|  |TAMS 0x0000000777e00000| PB 0x0000000777e00000| Untracked 
| 683|0x0000000777e00000, 0x0000000778000000, 0x0000000778000000|100%| O|  |TAMS 0x0000000778000000| PB 0x0000000778000000| Untracked 
| 684|0x0000000778000000, 0x0000000778200000, 0x0000000778200000|100%| O|  |TAMS 0x0000000778200000| PB 0x0000000778200000| Untracked 
| 685|0x0000000778200000, 0x0000000778400000, 0x0000000778400000|100%| O|  |TAMS 0x0000000778400000| PB 0x0000000778400000| Untracked 
| 686|0x0000000778400000, 0x0000000778600000, 0x0000000778600000|100%| O|  |TAMS 0x0000000778600000| PB 0x0000000778600000| Untracked 
| 687|0x0000000778600000, 0x0000000778800000, 0x0000000778800000|100%| O|  |TAMS 0x0000000778800000| PB 0x0000000778800000| Untracked 
| 688|0x0000000778800000, 0x0000000778a00000, 0x0000000778a00000|100%| O|  |TAMS 0x0000000778a00000| PB 0x0000000778a00000| Untracked 
| 689|0x0000000778a00000, 0x0000000778c00000, 0x0000000778c00000|100%| O|  |TAMS 0x0000000778c00000| PB 0x0000000778c00000| Untracked 
| 690|0x0000000778c00000, 0x0000000778e00000, 0x0000000778e00000|100%| O|  |TAMS 0x0000000778e00000| PB 0x0000000778e00000| Untracked 
| 691|0x0000000778e00000, 0x0000000779000000, 0x0000000779000000|100%| O|  |TAMS 0x0000000779000000| PB 0x0000000779000000| Untracked 
| 692|0x0000000779000000, 0x0000000779200000, 0x0000000779200000|100%| O|  |TAMS 0x0000000779200000| PB 0x0000000779200000| Untracked 
| 693|0x0000000779200000, 0x0000000779400000, 0x0000000779400000|100%| O|  |TAMS 0x0000000779400000| PB 0x0000000779400000| Untracked 
| 694|0x0000000779400000, 0x0000000779600000, 0x0000000779600000|100%| O|  |TAMS 0x0000000779600000| PB 0x0000000779600000| Untracked 
| 695|0x0000000779600000, 0x0000000779800000, 0x0000000779800000|100%| O|  |TAMS 0x0000000779800000| PB 0x0000000779800000| Untracked 
| 696|0x0000000779800000, 0x0000000779a00000, 0x0000000779a00000|100%| O|  |TAMS 0x0000000779a00000| PB 0x0000000779a00000| Updating 
| 697|0x0000000779a00000, 0x0000000779c00000, 0x0000000779c00000|100%| O|  |TAMS 0x0000000779c00000| PB 0x0000000779c00000| Untracked 
| 698|0x0000000779c00000, 0x0000000779e00000, 0x0000000779e00000|100%| O|  |TAMS 0x0000000779e00000| PB 0x0000000779e00000| Updating 
| 699|0x0000000779e00000, 0x000000077a000000, 0x000000077a000000|100%| O|  |TAMS 0x0000000779e00000| PB 0x0000000779e00000| Untracked 
| 700|0x000000077a000000, 0x000000077a200000, 0x000000077a200000|100%| O|  |TAMS 0x000000077a200000| PB 0x000000077a200000| Updating 
| 701|0x000000077a200000, 0x000000077a400000, 0x000000077a400000|100%| O|  |TAMS 0x000000077a400000| PB 0x000000077a400000| Untracked 
| 702|0x000000077a400000, 0x000000077a600000, 0x000000077a600000|100%| O|  |TAMS 0x000000077a600000| PB 0x000000077a600000| Untracked 
| 703|0x000000077a600000, 0x000000077a800000, 0x000000077a800000|100%| O|  |TAMS 0x000000077a800000| PB 0x000000077a800000| Untracked 
| 704|0x000000077a800000, 0x000000077aa00000, 0x000000077aa00000|100%| O|  |TAMS 0x000000077aa00000| PB 0x000000077aa00000| Untracked 
| 705|0x000000077aa00000, 0x000000077ac00000, 0x000000077ac00000|100%| O|  |TAMS 0x000000077ac00000| PB 0x000000077ac00000| Untracked 
| 706|0x000000077ac00000, 0x000000077ae00000, 0x000000077ae00000|100%| O|  |TAMS 0x000000077ae00000| PB 0x000000077ae00000| Untracked 
| 707|0x000000077ae00000, 0x000000077b000000, 0x000000077b000000|100%| O|  |TAMS 0x000000077b000000| PB 0x000000077b000000| Untracked 
| 708|0x000000077b000000, 0x000000077b200000, 0x000000077b200000|100%| O|  |TAMS 0x000000077b200000| PB 0x000000077b200000| Untracked 
| 709|0x000000077b200000, 0x000000077b400000, 0x000000077b400000|100%| O|  |TAMS 0x000000077b400000| PB 0x000000077b400000| Untracked 
| 710|0x000000077b400000, 0x000000077b600000, 0x000000077b600000|100%| O|  |TAMS 0x000000077b600000| PB 0x000000077b600000| Untracked 
| 711|0x000000077b600000, 0x000000077b800000, 0x000000077b800000|100%| O|  |TAMS 0x000000077b800000| PB 0x000000077b800000| Untracked 
| 712|0x000000077b800000, 0x000000077ba00000, 0x000000077ba00000|100%| O|  |TAMS 0x000000077ba00000| PB 0x000000077ba00000| Untracked 
| 713|0x000000077ba00000, 0x000000077bc00000, 0x000000077bc00000|100%| O|  |TAMS 0x000000077bc00000| PB 0x000000077bc00000| Untracked 
| 714|0x000000077bc00000, 0x000000077be00000, 0x000000077be00000|100%| O|  |TAMS 0x000000077be00000| PB 0x000000077be00000| Untracked 
| 715|0x000000077be00000, 0x000000077c000000, 0x000000077c000000|100%| O|  |TAMS 0x000000077c000000| PB 0x000000077c000000| Untracked 
| 716|0x000000077c000000, 0x000000077c200000, 0x000000077c200000|100%| O|  |TAMS 0x000000077c200000| PB 0x000000077c200000| Untracked 
| 717|0x000000077c200000, 0x000000077c400000, 0x000000077c400000|100%| O|  |TAMS 0x000000077c400000| PB 0x000000077c400000| Untracked 
| 718|0x000000077c400000, 0x000000077c600000, 0x000000077c600000|100%| O|  |TAMS 0x000000077c600000| PB 0x000000077c600000| Untracked 
| 719|0x000000077c600000, 0x000000077c800000, 0x000000077c800000|100%| O|  |TAMS 0x000000077c800000| PB 0x000000077c800000| Untracked 
| 720|0x000000077c800000, 0x000000077ca00000, 0x000000077ca00000|100%| O|  |TAMS 0x000000077ca00000| PB 0x000000077ca00000| Untracked 
| 721|0x000000077ca00000, 0x000000077cc00000, 0x000000077cc00000|100%| O|  |TAMS 0x000000077cc00000| PB 0x000000077cc00000| Untracked 
| 722|0x000000077cc00000, 0x000000077ce00000, 0x000000077ce00000|100%| O|  |TAMS 0x000000077ce00000| PB 0x000000077ce00000| Untracked 
| 723|0x000000077ce00000, 0x000000077d000000, 0x000000077d000000|100%| O|  |TAMS 0x000000077d000000| PB 0x000000077d000000| Untracked 
| 724|0x000000077d000000, 0x000000077d200000, 0x000000077d200000|100%| O|  |TAMS 0x000000077d200000| PB 0x000000077d200000| Untracked 
| 725|0x000000077d200000, 0x000000077d400000, 0x000000077d400000|100%| O|  |TAMS 0x000000077d400000| PB 0x000000077d400000| Untracked 
| 726|0x000000077d400000, 0x000000077d600000, 0x000000077d600000|100%| O|  |TAMS 0x000000077d600000| PB 0x000000077d600000| Untracked 
| 727|0x000000077d600000, 0x000000077d800000, 0x000000077d800000|100%| O|  |TAMS 0x000000077d800000| PB 0x000000077d800000| Untracked 
| 728|0x000000077d800000, 0x000000077da00000, 0x000000077da00000|100%| O|  |TAMS 0x000000077da00000| PB 0x000000077da00000| Untracked 
| 729|0x000000077da00000, 0x000000077dc00000, 0x000000077dc00000|100%| O|  |TAMS 0x000000077dc00000| PB 0x000000077dc00000| Untracked 
| 730|0x000000077dc00000, 0x000000077de00000, 0x000000077de00000|100%| O|  |TAMS 0x000000077de00000| PB 0x000000077de00000| Untracked 
| 731|0x000000077de00000, 0x000000077e000000, 0x000000077e000000|100%| O|  |TAMS 0x000000077e000000| PB 0x000000077e000000| Untracked 
| 732|0x000000077e000000, 0x000000077e200000, 0x000000077e200000|100%| O|  |TAMS 0x000000077e200000| PB 0x000000077e200000| Untracked 
| 733|0x000000077e200000, 0x000000077e400000, 0x000000077e400000|100%| O|  |TAMS 0x000000077e400000| PB 0x000000077e400000| Untracked 
| 734|0x000000077e400000, 0x000000077e600000, 0x000000077e600000|100%| O|  |TAMS 0x000000077e600000| PB 0x000000077e600000| Untracked 
| 735|0x000000077e600000, 0x000000077e800000, 0x000000077e800000|100%| O|  |TAMS 0x000000077e800000| PB 0x000000077e800000| Untracked 
| 736|0x000000077e800000, 0x000000077ea00000, 0x000000077ea00000|100%| O|  |TAMS 0x000000077ea00000| PB 0x000000077ea00000| Untracked 
| 737|0x000000077ea00000, 0x000000077ec00000, 0x000000077ec00000|100%| O|  |TAMS 0x000000077ec00000| PB 0x000000077ec00000| Untracked 
| 738|0x000000077ec00000, 0x000000077ee00000, 0x000000077ee00000|100%| O|  |TAMS 0x000000077ee00000| PB 0x000000077ee00000| Untracked 
| 739|0x000000077ee00000, 0x000000077f000000, 0x000000077f000000|100%| O|  |TAMS 0x000000077f000000| PB 0x000000077f000000| Untracked 
| 740|0x000000077f000000, 0x000000077f200000, 0x000000077f200000|100%| O|  |TAMS 0x000000077f200000| PB 0x000000077f200000| Untracked 
| 741|0x000000077f200000, 0x000000077f400000, 0x000000077f400000|100%| O|  |TAMS 0x000000077f400000| PB 0x000000077f400000| Untracked 
| 742|0x000000077f400000, 0x000000077f600000, 0x000000077f600000|100%| O|  |TAMS 0x000000077f600000| PB 0x000000077f600000| Untracked 
| 743|0x000000077f600000, 0x000000077f800000, 0x000000077f800000|100%| O|  |TAMS 0x000000077f800000| PB 0x000000077f800000| Untracked 
| 744|0x000000077f800000, 0x000000077fa00000, 0x000000077fa00000|100%| O|  |TAMS 0x000000077fa00000| PB 0x000000077fa00000| Untracked 
| 745|0x000000077fa00000, 0x000000077fc00000, 0x000000077fc00000|100%| O|  |TAMS 0x000000077fc00000| PB 0x000000077fc00000| Untracked 
| 746|0x000000077fc00000, 0x000000077fe00000, 0x000000077fe00000|100%| O|  |TAMS 0x000000077fe00000| PB 0x000000077fe00000| Untracked 
| 747|0x000000077fe00000, 0x0000000780000000, 0x0000000780000000|100%| O|  |TAMS 0x0000000780000000| PB 0x0000000780000000| Untracked 
| 748|0x0000000780000000, 0x0000000780200000, 0x0000000780200000|100%| O|  |TAMS 0x0000000780200000| PB 0x0000000780200000| Untracked 
| 749|0x0000000780200000, 0x0000000780400000, 0x0000000780400000|100%| O|  |TAMS 0x0000000780400000| PB 0x0000000780400000| Untracked 
| 750|0x0000000780400000, 0x0000000780600000, 0x0000000780600000|100%| O|  |TAMS 0x0000000780600000| PB 0x0000000780600000| Untracked 
| 751|0x0000000780600000, 0x0000000780800000, 0x0000000780800000|100%| O|  |TAMS 0x0000000780800000| PB 0x0000000780800000| Untracked 
| 752|0x0000000780800000, 0x0000000780a00000, 0x0000000780a00000|100%| O|  |TAMS 0x0000000780a00000| PB 0x0000000780a00000| Untracked 
| 753|0x0000000780a00000, 0x0000000780c00000, 0x0000000780c00000|100%| O|  |TAMS 0x0000000780c00000| PB 0x0000000780c00000| Updating 
| 754|0x0000000780c00000, 0x0000000780e00000, 0x0000000780e00000|100%| O|  |TAMS 0x0000000780e00000| PB 0x0000000780e00000| Updating 
| 755|0x0000000780e00000, 0x0000000781000000, 0x0000000781000000|100%| O|  |TAMS 0x0000000781000000| PB 0x0000000781000000| Updating 
| 756|0x0000000781000000, 0x0000000781200000, 0x0000000781200000|100%| O|  |TAMS 0x0000000781200000| PB 0x0000000781200000| Untracked 
| 757|0x0000000781200000, 0x0000000781400000, 0x0000000781400000|100%| O|  |TAMS 0x0000000781400000| PB 0x0000000781400000| Updating 
| 758|0x0000000781400000, 0x0000000781400000, 0x0000000781600000|  0%| F|  |TAMS 0x0000000781400000| PB 0x0000000781400000| Untracked 
| 759|0x0000000781600000, 0x0000000781600000, 0x0000000781800000|  0%| F|  |TAMS 0x0000000781600000| PB 0x0000000781600000| Untracked 
| 760|0x0000000781800000, 0x0000000781800000, 0x0000000781a00000|  0%| F|  |TAMS 0x0000000781800000| PB 0x0000000781800000| Untracked 
| 761|0x0000000781a00000, 0x0000000781a00000, 0x0000000781c00000|  0%| F|  |TAMS 0x0000000781a00000| PB 0x0000000781a00000| Untracked 
| 762|0x0000000781c00000, 0x0000000781e00000, 0x0000000781e00000|100%| O|  |TAMS 0x0000000781e00000| PB 0x0000000781e00000| Untracked 
| 763|0x0000000781e00000, 0x0000000782000000, 0x0000000782000000|100%| O|  |TAMS 0x0000000782000000| PB 0x0000000782000000| Untracked 
| 764|0x0000000782000000, 0x0000000782200000, 0x0000000782200000|100%| O|  |TAMS 0x0000000782200000| PB 0x0000000782200000| Untracked 
| 765|0x0000000782200000, 0x0000000782400000, 0x0000000782400000|100%| O|  |TAMS 0x0000000782400000| PB 0x0000000782400000| Untracked 
| 766|0x0000000782400000, 0x0000000782600000, 0x0000000782600000|100%| O|  |TAMS 0x0000000782600000| PB 0x0000000782600000| Untracked 
| 767|0x0000000782600000, 0x0000000782800000, 0x0000000782800000|100%| O|  |TAMS 0x0000000782800000| PB 0x0000000782800000| Untracked 
| 768|0x0000000782800000, 0x0000000782a00000, 0x0000000782a00000|100%| O|  |TAMS 0x0000000782a00000| PB 0x0000000782a00000| Untracked 
| 769|0x0000000782a00000, 0x0000000782c00000, 0x0000000782c00000|100%| O|  |TAMS 0x0000000782c00000| PB 0x0000000782c00000| Untracked 
| 770|0x0000000782c00000, 0x0000000782e00000, 0x0000000782e00000|100%| O|  |TAMS 0x0000000782e00000| PB 0x0000000782e00000| Untracked 
| 771|0x0000000782e00000, 0x0000000783000000, 0x0000000783000000|100%| O|  |TAMS 0x0000000783000000| PB 0x0000000783000000| Untracked 
| 772|0x0000000783000000, 0x0000000783200000, 0x0000000783200000|100%| O|  |TAMS 0x0000000783200000| PB 0x0000000783200000| Untracked 
| 773|0x0000000783200000, 0x0000000783400000, 0x0000000783400000|100%| O|  |TAMS 0x0000000783400000| PB 0x0000000783400000| Untracked 
| 774|0x0000000783400000, 0x0000000783600000, 0x0000000783600000|100%| O|  |TAMS 0x0000000783600000| PB 0x0000000783600000| Untracked 
| 775|0x0000000783600000, 0x0000000783800000, 0x0000000783800000|100%| O|  |TAMS 0x0000000783800000| PB 0x0000000783800000| Untracked 
| 776|0x0000000783800000, 0x0000000783a00000, 0x0000000783a00000|100%| O|  |TAMS 0x0000000783a00000| PB 0x0000000783a00000| Untracked 
| 777|0x0000000783a00000, 0x0000000783c00000, 0x0000000783c00000|100%| O|  |TAMS 0x0000000783c00000| PB 0x0000000783c00000| Untracked 
| 778|0x0000000783c00000, 0x0000000783e00000, 0x0000000783e00000|100%| O|  |TAMS 0x0000000783e00000| PB 0x0000000783e00000| Untracked 
| 779|0x0000000783e00000, 0x0000000784000000, 0x0000000784000000|100%| O|  |TAMS 0x0000000784000000| PB 0x0000000784000000| Untracked 
| 780|0x0000000784000000, 0x0000000784200000, 0x0000000784200000|100%| O|  |TAMS 0x0000000784200000| PB 0x0000000784200000| Untracked 
| 781|0x0000000784200000, 0x0000000784400000, 0x0000000784400000|100%| O|  |TAMS 0x0000000784400000| PB 0x0000000784400000| Untracked 
| 782|0x0000000784400000, 0x0000000784600000, 0x0000000784600000|100%| O|  |TAMS 0x0000000784600000| PB 0x0000000784600000| Untracked 
| 783|0x0000000784600000, 0x0000000784800000, 0x0000000784800000|100%| O|  |TAMS 0x0000000784800000| PB 0x0000000784800000| Untracked 
| 784|0x0000000784800000, 0x0000000784a00000, 0x0000000784a00000|100%| O|  |TAMS 0x0000000784a00000| PB 0x0000000784a00000| Untracked 
| 785|0x0000000784a00000, 0x0000000784c00000, 0x0000000784c00000|100%| O|  |TAMS 0x0000000784c00000| PB 0x0000000784c00000| Untracked 
| 786|0x0000000784c00000, 0x0000000784e00000, 0x0000000784e00000|100%| O|  |TAMS 0x0000000784e00000| PB 0x0000000784e00000| Untracked 
| 787|0x0000000784e00000, 0x0000000785000000, 0x0000000785000000|100%| O|  |TAMS 0x0000000785000000| PB 0x0000000785000000| Untracked 
| 788|0x0000000785000000, 0x0000000785200000, 0x0000000785200000|100%| O|  |TAMS 0x0000000785200000| PB 0x0000000785200000| Untracked 
| 789|0x0000000785200000, 0x0000000785400000, 0x0000000785400000|100%| O|  |TAMS 0x0000000785400000| PB 0x0000000785400000| Untracked 
| 790|0x0000000785400000, 0x0000000785600000, 0x0000000785600000|100%| O|  |TAMS 0x0000000785600000| PB 0x0000000785600000| Untracked 
| 791|0x0000000785600000, 0x0000000785800000, 0x0000000785800000|100%| O|  |TAMS 0x0000000785800000| PB 0x0000000785800000| Untracked 
| 792|0x0000000785800000, 0x0000000785a00000, 0x0000000785a00000|100%| O|  |TAMS 0x0000000785a00000| PB 0x0000000785a00000| Untracked 
| 793|0x0000000785a00000, 0x0000000785c00000, 0x0000000785c00000|100%| O|  |TAMS 0x0000000785c00000| PB 0x0000000785c00000| Untracked 
| 794|0x0000000785c00000, 0x0000000785e00000, 0x0000000785e00000|100%| O|  |TAMS 0x0000000785e00000| PB 0x0000000785e00000| Untracked 
| 795|0x0000000785e00000, 0x0000000786000000, 0x0000000786000000|100%| O|  |TAMS 0x0000000786000000| PB 0x0000000786000000| Untracked 
| 796|0x0000000786000000, 0x0000000786200000, 0x0000000786200000|100%| O|  |TAMS 0x0000000786200000| PB 0x0000000786200000| Untracked 
| 797|0x0000000786200000, 0x0000000786400000, 0x0000000786400000|100%| O|  |TAMS 0x0000000786400000| PB 0x0000000786400000| Untracked 
| 798|0x0000000786400000, 0x0000000786600000, 0x0000000786600000|100%| O|  |TAMS 0x0000000786600000| PB 0x0000000786600000| Untracked 
| 799|0x0000000786600000, 0x0000000786800000, 0x0000000786800000|100%| O|  |TAMS 0x0000000786800000| PB 0x0000000786800000| Untracked 
| 800|0x0000000786800000, 0x0000000786a00000, 0x0000000786a00000|100%| O|  |TAMS 0x0000000786a00000| PB 0x0000000786a00000| Untracked 
| 801|0x0000000786a00000, 0x0000000786c00000, 0x0000000786c00000|100%| O|  |TAMS 0x0000000786c00000| PB 0x0000000786c00000| Untracked 
| 802|0x0000000786c00000, 0x0000000786e00000, 0x0000000786e00000|100%| O|  |TAMS 0x0000000786e00000| PB 0x0000000786e00000| Untracked 
| 803|0x0000000786e00000, 0x0000000787000000, 0x0000000787000000|100%| O|  |TAMS 0x0000000787000000| PB 0x0000000787000000| Untracked 
| 804|0x0000000787000000, 0x0000000787200000, 0x0000000787200000|100%| O|  |TAMS 0x0000000787200000| PB 0x0000000787200000| Untracked 
| 805|0x0000000787200000, 0x0000000787400000, 0x0000000787400000|100%| O|  |TAMS 0x0000000787400000| PB 0x0000000787400000| Untracked 
| 806|0x0000000787400000, 0x0000000787600000, 0x0000000787600000|100%| O|  |TAMS 0x0000000787600000| PB 0x0000000787600000| Untracked 
| 807|0x0000000787600000, 0x0000000787800000, 0x0000000787800000|100%| O|  |TAMS 0x0000000787800000| PB 0x0000000787800000| Untracked 
| 808|0x0000000787800000, 0x0000000787a00000, 0x0000000787a00000|100%| O|  |TAMS 0x0000000787a00000| PB 0x0000000787a00000| Untracked 
| 809|0x0000000787a00000, 0x0000000787c00000, 0x0000000787c00000|100%| O|  |TAMS 0x0000000787c00000| PB 0x0000000787c00000| Untracked 
| 810|0x0000000787c00000, 0x0000000787e00000, 0x0000000787e00000|100%| O|  |TAMS 0x0000000787e00000| PB 0x0000000787e00000| Untracked 
| 811|0x0000000787e00000, 0x0000000788000000, 0x0000000788000000|100%| O|  |TAMS 0x0000000788000000| PB 0x0000000788000000| Untracked 
| 812|0x0000000788000000, 0x0000000788200000, 0x0000000788200000|100%| O|  |TAMS 0x0000000788200000| PB 0x0000000788200000| Untracked 
| 813|0x0000000788200000, 0x0000000788400000, 0x0000000788400000|100%| O|  |TAMS 0x0000000788400000| PB 0x0000000788400000| Untracked 
| 814|0x0000000788400000, 0x0000000788600000, 0x0000000788600000|100%| O|  |TAMS 0x0000000788600000| PB 0x0000000788600000| Untracked 
| 815|0x0000000788600000, 0x0000000788800000, 0x0000000788800000|100%| O|  |TAMS 0x0000000788800000| PB 0x0000000788800000| Untracked 
| 816|0x0000000788800000, 0x0000000788a00000, 0x0000000788a00000|100%| O|  |TAMS 0x0000000788a00000| PB 0x0000000788a00000| Untracked 
| 817|0x0000000788a00000, 0x0000000788c00000, 0x0000000788c00000|100%| O|  |TAMS 0x0000000788c00000| PB 0x0000000788c00000| Untracked 
| 818|0x0000000788c00000, 0x0000000788e00000, 0x0000000788e00000|100%| O|  |TAMS 0x0000000788e00000| PB 0x0000000788e00000| Untracked 
| 819|0x0000000788e00000, 0x0000000789000000, 0x0000000789000000|100%| O|  |TAMS 0x0000000789000000| PB 0x0000000789000000| Untracked 
| 820|0x0000000789000000, 0x0000000789200000, 0x0000000789200000|100%| O|  |TAMS 0x0000000789200000| PB 0x0000000789200000| Untracked 
| 821|0x0000000789200000, 0x0000000789400000, 0x0000000789400000|100%| O|  |TAMS 0x0000000789400000| PB 0x0000000789400000| Untracked 
| 822|0x0000000789400000, 0x0000000789600000, 0x0000000789600000|100%| O|  |TAMS 0x0000000789600000| PB 0x0000000789600000| Untracked 
| 823|0x0000000789600000, 0x0000000789800000, 0x0000000789800000|100%| O|  |TAMS 0x0000000789800000| PB 0x0000000789800000| Untracked 
| 824|0x0000000789800000, 0x0000000789a00000, 0x0000000789a00000|100%| O|  |TAMS 0x0000000789a00000| PB 0x0000000789a00000| Untracked 
| 825|0x0000000789a00000, 0x0000000789c00000, 0x0000000789c00000|100%| O|  |TAMS 0x0000000789c00000| PB 0x0000000789c00000| Untracked 
| 826|0x0000000789c00000, 0x0000000789e00000, 0x0000000789e00000|100%| O|  |TAMS 0x0000000789e00000| PB 0x0000000789e00000| Untracked 
| 827|0x0000000789e00000, 0x000000078a000000, 0x000000078a000000|100%| O|  |TAMS 0x000000078a000000| PB 0x000000078a000000| Untracked 
| 828|0x000000078a000000, 0x000000078a200000, 0x000000078a200000|100%| O|  |TAMS 0x000000078a200000| PB 0x000000078a200000| Untracked 
| 829|0x000000078a200000, 0x000000078a400000, 0x000000078a400000|100%| O|  |TAMS 0x000000078a400000| PB 0x000000078a400000| Untracked 
| 830|0x000000078a400000, 0x000000078a600000, 0x000000078a600000|100%| O|  |TAMS 0x000000078a600000| PB 0x000000078a600000| Untracked 
| 831|0x000000078a600000, 0x000000078a800000, 0x000000078a800000|100%| O|  |TAMS 0x000000078a800000| PB 0x000000078a800000| Untracked 
| 832|0x000000078a800000, 0x000000078aa00000, 0x000000078aa00000|100%| O|  |TAMS 0x000000078aa00000| PB 0x000000078aa00000| Untracked 
| 833|0x000000078aa00000, 0x000000078ac00000, 0x000000078ac00000|100%| O|  |TAMS 0x000000078ac00000| PB 0x000000078ac00000| Untracked 
| 834|0x000000078ac00000, 0x000000078ae00000, 0x000000078ae00000|100%| O|  |TAMS 0x000000078ae00000| PB 0x000000078ae00000| Untracked 
| 835|0x000000078ae00000, 0x000000078b000000, 0x000000078b000000|100%| O|  |TAMS 0x000000078b000000| PB 0x000000078b000000| Untracked 
| 836|0x000000078b000000, 0x000000078b200000, 0x000000078b200000|100%| O|  |TAMS 0x000000078b200000| PB 0x000000078b200000| Untracked 
| 837|0x000000078b200000, 0x000000078b400000, 0x000000078b400000|100%| O|  |TAMS 0x000000078b400000| PB 0x000000078b400000| Untracked 
| 838|0x000000078b400000, 0x000000078b600000, 0x000000078b600000|100%| O|  |TAMS 0x000000078b600000| PB 0x000000078b600000| Untracked 
| 839|0x000000078b600000, 0x000000078b800000, 0x000000078b800000|100%| O|  |TAMS 0x000000078b800000| PB 0x000000078b800000| Untracked 
| 840|0x000000078b800000, 0x000000078ba00000, 0x000000078ba00000|100%| O|  |TAMS 0x000000078ba00000| PB 0x000000078ba00000| Untracked 
| 841|0x000000078ba00000, 0x000000078bc00000, 0x000000078bc00000|100%| O|  |TAMS 0x000000078bc00000| PB 0x000000078bc00000| Untracked 
| 842|0x000000078bc00000, 0x000000078be00000, 0x000000078be00000|100%| O|  |TAMS 0x000000078be00000| PB 0x000000078be00000| Untracked 
| 843|0x000000078be00000, 0x000000078c000000, 0x000000078c000000|100%| O|  |TAMS 0x000000078c000000| PB 0x000000078c000000| Untracked 
| 844|0x000000078c000000, 0x000000078c200000, 0x000000078c200000|100%| O|  |TAMS 0x000000078c200000| PB 0x000000078c200000| Untracked 
| 845|0x000000078c200000, 0x000000078c400000, 0x000000078c400000|100%| O|  |TAMS 0x000000078c400000| PB 0x000000078c400000| Untracked 
| 846|0x000000078c400000, 0x000000078c600000, 0x000000078c600000|100%| O|  |TAMS 0x000000078c600000| PB 0x000000078c600000| Untracked 
| 847|0x000000078c600000, 0x000000078c800000, 0x000000078c800000|100%| O|  |TAMS 0x000000078c800000| PB 0x000000078c800000| Untracked 
| 848|0x000000078c800000, 0x000000078ca00000, 0x000000078ca00000|100%| O|  |TAMS 0x000000078ca00000| PB 0x000000078ca00000| Untracked 
| 849|0x000000078ca00000, 0x000000078cc00000, 0x000000078cc00000|100%| O|  |TAMS 0x000000078cc00000| PB 0x000000078cc00000| Untracked 
| 850|0x000000078cc00000, 0x000000078ce00000, 0x000000078ce00000|100%| O|  |TAMS 0x000000078ce00000| PB 0x000000078ce00000| Untracked 
| 851|0x000000078ce00000, 0x000000078d000000, 0x000000078d000000|100%| O|  |TAMS 0x000000078d000000| PB 0x000000078d000000| Untracked 
| 852|0x000000078d000000, 0x000000078d200000, 0x000000078d200000|100%| O|  |TAMS 0x000000078d200000| PB 0x000000078d200000| Untracked 
| 853|0x000000078d200000, 0x000000078d400000, 0x000000078d400000|100%| O|  |TAMS 0x000000078d400000| PB 0x000000078d400000| Untracked 
| 854|0x000000078d400000, 0x000000078d600000, 0x000000078d600000|100%| O|  |TAMS 0x000000078d600000| PB 0x000000078d600000| Untracked 
| 855|0x000000078d600000, 0x000000078d800000, 0x000000078d800000|100%| O|  |TAMS 0x000000078d800000| PB 0x000000078d800000| Untracked 
| 856|0x000000078d800000, 0x000000078da00000, 0x000000078da00000|100%| O|  |TAMS 0x000000078da00000| PB 0x000000078da00000| Untracked 
| 857|0x000000078da00000, 0x000000078dc00000, 0x000000078dc00000|100%| O|  |TAMS 0x000000078dc00000| PB 0x000000078dc00000| Untracked 
| 858|0x000000078dc00000, 0x000000078de00000, 0x000000078de00000|100%| O|  |TAMS 0x000000078de00000| PB 0x000000078de00000| Untracked 
| 859|0x000000078de00000, 0x000000078e000000, 0x000000078e000000|100%| O|  |TAMS 0x000000078e000000| PB 0x000000078e000000| Untracked 
| 860|0x000000078e000000, 0x000000078e200000, 0x000000078e200000|100%| O|  |TAMS 0x000000078e200000| PB 0x000000078e200000| Untracked 
| 861|0x000000078e200000, 0x000000078e400000, 0x000000078e400000|100%| O|  |TAMS 0x000000078e400000| PB 0x000000078e400000| Untracked 
| 862|0x000000078e400000, 0x000000078e600000, 0x000000078e600000|100%| O|  |TAMS 0x000000078e600000| PB 0x000000078e600000| Untracked 
| 863|0x000000078e600000, 0x000000078e800000, 0x000000078e800000|100%| O|  |TAMS 0x000000078e800000| PB 0x000000078e800000| Untracked 
| 864|0x000000078e800000, 0x000000078ea00000, 0x000000078ea00000|100%| O|  |TAMS 0x000000078ea00000| PB 0x000000078ea00000| Untracked 
| 865|0x000000078ea00000, 0x000000078ec00000, 0x000000078ec00000|100%| O|  |TAMS 0x000000078ec00000| PB 0x000000078ec00000| Untracked 
| 866|0x000000078ec00000, 0x000000078ee00000, 0x000000078ee00000|100%| O|  |TAMS 0x000000078ee00000| PB 0x000000078ee00000| Updating 
| 867|0x000000078ee00000, 0x000000078f000000, 0x000000078f000000|100%| O|  |TAMS 0x000000078f000000| PB 0x000000078f000000| Updating 
| 868|0x000000078f000000, 0x000000078f200000, 0x000000078f200000|100%| O|  |TAMS 0x000000078f200000| PB 0x000000078f200000| Updating 
| 869|0x000000078f200000, 0x000000078f400000, 0x000000078f400000|100%| O|  |TAMS 0x000000078f200000| PB 0x000000078f200000| Untracked 
| 870|0x000000078f400000, 0x000000078f600000, 0x000000078f600000|100%| O|  |TAMS 0x000000078f400000| PB 0x000000078f400000| Untracked 
| 871|0x000000078f600000, 0x000000078f800000, 0x000000078f800000|100%| O|  |TAMS 0x000000078f800000| PB 0x000000078f800000| Updating 
| 872|0x000000078f800000, 0x000000078fa00000, 0x000000078fa00000|100%| O|  |TAMS 0x000000078fa00000| PB 0x000000078fa00000| Untracked 
| 873|0x000000078fa00000, 0x000000078fc00000, 0x000000078fc00000|100%| O|  |TAMS 0x000000078fc00000| PB 0x000000078fc00000| Untracked 
| 874|0x000000078fc00000, 0x000000078fe00000, 0x000000078fe00000|100%| O|  |TAMS 0x000000078fe00000| PB 0x000000078fe00000| Untracked 
| 875|0x000000078fe00000, 0x0000000790000000, 0x0000000790000000|100%| O|  |TAMS 0x0000000790000000| PB 0x0000000790000000| Untracked 
| 876|0x0000000790000000, 0x0000000790200000, 0x0000000790200000|100%| O|  |TAMS 0x0000000790200000| PB 0x0000000790200000| Untracked 
| 877|0x0000000790200000, 0x0000000790400000, 0x0000000790400000|100%| O|  |TAMS 0x0000000790400000| PB 0x0000000790400000| Untracked 
| 878|0x0000000790400000, 0x0000000790600000, 0x0000000790600000|100%| O|  |TAMS 0x0000000790600000| PB 0x0000000790600000| Untracked 
| 879|0x0000000790600000, 0x0000000790800000, 0x0000000790800000|100%| O|  |TAMS 0x0000000790800000| PB 0x0000000790800000| Untracked 
| 880|0x0000000790800000, 0x0000000790a00000, 0x0000000790a00000|100%| O|  |TAMS 0x0000000790a00000| PB 0x0000000790a00000| Untracked 
| 881|0x0000000790a00000, 0x0000000790c00000, 0x0000000790c00000|100%| O|  |TAMS 0x0000000790c00000| PB 0x0000000790c00000| Untracked 
| 882|0x0000000790c00000, 0x0000000790e00000, 0x0000000790e00000|100%| O|  |TAMS 0x0000000790e00000| PB 0x0000000790e00000| Untracked 
| 883|0x0000000790e00000, 0x0000000791000000, 0x0000000791000000|100%| O|  |TAMS 0x0000000791000000| PB 0x0000000791000000| Untracked 
| 884|0x0000000791000000, 0x0000000791200000, 0x0000000791200000|100%| O|  |TAMS 0x0000000791200000| PB 0x0000000791200000| Untracked 
| 885|0x0000000791200000, 0x0000000791400000, 0x0000000791400000|100%| O|  |TAMS 0x0000000791400000| PB 0x0000000791400000| Untracked 
| 886|0x0000000791400000, 0x0000000791600000, 0x0000000791600000|100%| O|  |TAMS 0x0000000791600000| PB 0x0000000791600000| Untracked 
| 887|0x0000000791600000, 0x0000000791800000, 0x0000000791800000|100%| O|  |TAMS 0x0000000791800000| PB 0x0000000791800000| Untracked 
| 888|0x0000000791800000, 0x0000000791a00000, 0x0000000791a00000|100%| O|  |TAMS 0x0000000791a00000| PB 0x0000000791a00000| Untracked 
| 889|0x0000000791a00000, 0x0000000791c00000, 0x0000000791c00000|100%| O|  |TAMS 0x0000000791c00000| PB 0x0000000791c00000| Untracked 
| 890|0x0000000791c00000, 0x0000000791e00000, 0x0000000791e00000|100%| O|  |TAMS 0x0000000791e00000| PB 0x0000000791e00000| Untracked 
| 891|0x0000000791e00000, 0x0000000792000000, 0x0000000792000000|100%| O|  |TAMS 0x0000000792000000| PB 0x0000000792000000| Untracked 
| 892|0x0000000792000000, 0x0000000792200000, 0x0000000792200000|100%| O|  |TAMS 0x0000000792200000| PB 0x0000000792200000| Untracked 
| 893|0x0000000792200000, 0x0000000792400000, 0x0000000792400000|100%| O|  |TAMS 0x0000000792400000| PB 0x0000000792400000| Untracked 
| 894|0x0000000792400000, 0x0000000792600000, 0x0000000792600000|100%| O|  |TAMS 0x0000000792600000| PB 0x0000000792600000| Untracked 
| 895|0x0000000792600000, 0x0000000792800000, 0x0000000792800000|100%| O|  |TAMS 0x0000000792800000| PB 0x0000000792800000| Untracked 
| 896|0x0000000792800000, 0x0000000792a00000, 0x0000000792a00000|100%| O|  |TAMS 0x0000000792a00000| PB 0x0000000792a00000| Untracked 
| 897|0x0000000792a00000, 0x0000000792c00000, 0x0000000792c00000|100%| O|  |TAMS 0x0000000792c00000| PB 0x0000000792c00000| Untracked 
| 898|0x0000000792c00000, 0x0000000792e00000, 0x0000000792e00000|100%| O|  |TAMS 0x0000000792e00000| PB 0x0000000792e00000| Untracked 
| 899|0x0000000792e00000, 0x0000000793000000, 0x0000000793000000|100%| O|  |TAMS 0x0000000793000000| PB 0x0000000793000000| Untracked 
| 900|0x0000000793000000, 0x0000000793200000, 0x0000000793200000|100%| O|  |TAMS 0x0000000793200000| PB 0x0000000793200000| Untracked 
| 901|0x0000000793200000, 0x0000000793400000, 0x0000000793400000|100%| O|  |TAMS 0x0000000793400000| PB 0x0000000793400000| Untracked 
| 902|0x0000000793400000, 0x0000000793600000, 0x0000000793600000|100%| O|  |TAMS 0x0000000793600000| PB 0x0000000793600000| Untracked 
| 903|0x0000000793600000, 0x0000000793800000, 0x0000000793800000|100%| O|  |TAMS 0x0000000793800000| PB 0x0000000793800000| Untracked 
| 904|0x0000000793800000, 0x0000000793a00000, 0x0000000793a00000|100%| O|  |TAMS 0x0000000793a00000| PB 0x0000000793a00000| Untracked 
| 905|0x0000000793a00000, 0x0000000793c00000, 0x0000000793c00000|100%| O|  |TAMS 0x0000000793c00000| PB 0x0000000793c00000| Untracked 
| 906|0x0000000793c00000, 0x0000000793e00000, 0x0000000793e00000|100%| O|  |TAMS 0x0000000793e00000| PB 0x0000000793e00000| Untracked 
| 907|0x0000000793e00000, 0x0000000794000000, 0x0000000794000000|100%| O|  |TAMS 0x0000000794000000| PB 0x0000000794000000| Untracked 
| 908|0x0000000794000000, 0x0000000794200000, 0x0000000794200000|100%| O|  |TAMS 0x0000000794200000| PB 0x0000000794200000| Untracked 
| 909|0x0000000794200000, 0x0000000794400000, 0x0000000794400000|100%| O|  |TAMS 0x0000000794400000| PB 0x0000000794400000| Untracked 
| 910|0x0000000794400000, 0x0000000794600000, 0x0000000794600000|100%| O|  |TAMS 0x0000000794600000| PB 0x0000000794600000| Untracked 
| 911|0x0000000794600000, 0x0000000794800000, 0x0000000794800000|100%| O|  |TAMS 0x0000000794800000| PB 0x0000000794800000| Untracked 
| 912|0x0000000794800000, 0x0000000794a00000, 0x0000000794a00000|100%| O|  |TAMS 0x0000000794a00000| PB 0x0000000794a00000| Untracked 
| 913|0x0000000794a00000, 0x0000000794c00000, 0x0000000794c00000|100%| O|  |TAMS 0x0000000794c00000| PB 0x0000000794c00000| Untracked 
| 914|0x0000000794c00000, 0x0000000794e00000, 0x0000000794e00000|100%| O|  |TAMS 0x0000000794e00000| PB 0x0000000794e00000| Untracked 
| 915|0x0000000794e00000, 0x0000000795000000, 0x0000000795000000|100%| O|  |TAMS 0x0000000795000000| PB 0x0000000795000000| Untracked 
| 916|0x0000000795000000, 0x0000000795200000, 0x0000000795200000|100%| O|  |TAMS 0x0000000795200000| PB 0x0000000795200000| Untracked 
| 917|0x0000000795200000, 0x0000000795400000, 0x0000000795400000|100%| O|  |TAMS 0x0000000795400000| PB 0x0000000795400000| Untracked 
| 918|0x0000000795400000, 0x0000000795600000, 0x0000000795600000|100%| O|  |TAMS 0x0000000795600000| PB 0x0000000795600000| Untracked 
| 919|0x0000000795600000, 0x0000000795800000, 0x0000000795800000|100%| O|  |TAMS 0x0000000795800000| PB 0x0000000795800000| Untracked 
| 920|0x0000000795800000, 0x0000000795a00000, 0x0000000795a00000|100%| O|  |TAMS 0x0000000795a00000| PB 0x0000000795a00000| Untracked 
| 921|0x0000000795a00000, 0x0000000795c00000, 0x0000000795c00000|100%| O|  |TAMS 0x0000000795c00000| PB 0x0000000795c00000| Untracked 
| 922|0x0000000795c00000, 0x0000000795e00000, 0x0000000795e00000|100%| O|  |TAMS 0x0000000795e00000| PB 0x0000000795e00000| Untracked 
| 923|0x0000000795e00000, 0x0000000796000000, 0x0000000796000000|100%| O|  |TAMS 0x0000000796000000| PB 0x0000000796000000| Untracked 
| 924|0x0000000796000000, 0x0000000796200000, 0x0000000796200000|100%| O|  |TAMS 0x0000000796200000| PB 0x0000000796200000| Untracked 
| 925|0x0000000796200000, 0x0000000796400000, 0x0000000796400000|100%| O|  |TAMS 0x0000000796400000| PB 0x0000000796400000| Untracked 
| 926|0x0000000796400000, 0x0000000796600000, 0x0000000796600000|100%| O|  |TAMS 0x0000000796600000| PB 0x0000000796600000| Untracked 
| 927|0x0000000796600000, 0x0000000796800000, 0x0000000796800000|100%| O|  |TAMS 0x0000000796800000| PB 0x0000000796800000| Untracked 
| 928|0x0000000796800000, 0x0000000796a00000, 0x0000000796a00000|100%| O|  |TAMS 0x0000000796a00000| PB 0x0000000796a00000| Untracked 
| 929|0x0000000796a00000, 0x0000000796c00000, 0x0000000796c00000|100%| O|  |TAMS 0x0000000796c00000| PB 0x0000000796c00000| Untracked 
| 930|0x0000000796c00000, 0x0000000796e00000, 0x0000000796e00000|100%| O|  |TAMS 0x0000000796e00000| PB 0x0000000796e00000| Untracked 
| 931|0x0000000796e00000, 0x0000000797000000, 0x0000000797000000|100%| O|  |TAMS 0x0000000797000000| PB 0x0000000797000000| Untracked 
| 932|0x0000000797000000, 0x0000000797200000, 0x0000000797200000|100%| O|  |TAMS 0x0000000797200000| PB 0x0000000797200000| Untracked 
| 933|0x0000000797200000, 0x0000000797400000, 0x0000000797400000|100%| O|  |TAMS 0x0000000797400000| PB 0x0000000797400000| Untracked 
| 934|0x0000000797400000, 0x0000000797600000, 0x0000000797600000|100%| O|  |TAMS 0x0000000797600000| PB 0x0000000797600000| Untracked 
| 935|0x0000000797600000, 0x0000000797800000, 0x0000000797800000|100%| O|  |TAMS 0x0000000797800000| PB 0x0000000797800000| Untracked 
| 936|0x0000000797800000, 0x0000000797a00000, 0x0000000797a00000|100%| O|  |TAMS 0x0000000797a00000| PB 0x0000000797a00000| Untracked 
| 937|0x0000000797a00000, 0x0000000797c00000, 0x0000000797c00000|100%| O|  |TAMS 0x0000000797c00000| PB 0x0000000797c00000| Untracked 
| 938|0x0000000797c00000, 0x0000000797e00000, 0x0000000797e00000|100%| O|  |TAMS 0x0000000797e00000| PB 0x0000000797e00000| Untracked 
| 939|0x0000000797e00000, 0x0000000798000000, 0x0000000798000000|100%| O|  |TAMS 0x0000000798000000| PB 0x0000000798000000| Untracked 
| 940|0x0000000798000000, 0x0000000798200000, 0x0000000798200000|100%| O|  |TAMS 0x0000000798200000| PB 0x0000000798200000| Untracked 
| 941|0x0000000798200000, 0x0000000798400000, 0x0000000798400000|100%| O|  |TAMS 0x0000000798400000| PB 0x0000000798400000| Untracked 
| 942|0x0000000798400000, 0x0000000798600000, 0x0000000798600000|100%| O|  |TAMS 0x0000000798600000| PB 0x0000000798600000| Updating 
| 943|0x0000000798600000, 0x0000000798800000, 0x0000000798800000|100%| O|  |TAMS 0x0000000798800000| PB 0x0000000798800000| Updating 
| 944|0x0000000798800000, 0x0000000798a00000, 0x0000000798a00000|100%| O|  |TAMS 0x0000000798a00000| PB 0x0000000798a00000| Updating 
| 945|0x0000000798a00000, 0x0000000798c00000, 0x0000000798c00000|100%| O|  |TAMS 0x0000000798c00000| PB 0x0000000798c00000| Updating 
| 946|0x0000000798c00000, 0x0000000798e00000, 0x0000000798e00000|100%| O|  |TAMS 0x0000000798e00000| PB 0x0000000798e00000| Updating 
| 947|0x0000000798e00000, 0x0000000798e00000, 0x0000000799000000|  0%| F|  |TAMS 0x0000000798e00000| PB 0x0000000798e00000| Untracked 
| 948|0x0000000799000000, 0x0000000799000000, 0x0000000799200000|  0%| F|  |TAMS 0x0000000799000000| PB 0x0000000799000000| Untracked 
| 949|0x0000000799200000, 0x0000000799200000, 0x0000000799400000|  0%| F|  |TAMS 0x0000000799200000| PB 0x0000000799200000| Untracked 
| 950|0x0000000799400000, 0x0000000799400000, 0x0000000799600000|  0%| F|  |TAMS 0x0000000799400000| PB 0x0000000799400000| Untracked 
| 951|0x0000000799600000, 0x0000000799600000, 0x0000000799800000|  0%| F|  |TAMS 0x0000000799600000| PB 0x0000000799600000| Untracked 
| 952|0x0000000799800000, 0x0000000799800000, 0x0000000799a00000|  0%| F|  |TAMS 0x0000000799800000| PB 0x0000000799800000| Untracked 
| 953|0x0000000799a00000, 0x0000000799c00000, 0x0000000799c00000|100%| O|  |TAMS 0x0000000799c00000| PB 0x0000000799c00000| Untracked 
| 954|0x0000000799c00000, 0x0000000799e00000, 0x0000000799e00000|100%| O|  |TAMS 0x0000000799e00000| PB 0x0000000799e00000| Untracked 
| 955|0x0000000799e00000, 0x000000079a000000, 0x000000079a000000|100%| O|  |TAMS 0x000000079a000000| PB 0x000000079a000000| Untracked 
| 956|0x000000079a000000, 0x000000079a200000, 0x000000079a200000|100%| O|  |TAMS 0x000000079a200000| PB 0x000000079a200000| Untracked 
| 957|0x000000079a200000, 0x000000079a400000, 0x000000079a400000|100%| O|  |TAMS 0x000000079a400000| PB 0x000000079a400000| Untracked 
| 958|0x000000079a400000, 0x000000079a600000, 0x000000079a600000|100%| O|  |TAMS 0x000000079a600000| PB 0x000000079a600000| Untracked 
| 959|0x000000079a600000, 0x000000079a800000, 0x000000079a800000|100%| O|  |TAMS 0x000000079a800000| PB 0x000000079a800000| Untracked 
| 960|0x000000079a800000, 0x000000079aa00000, 0x000000079aa00000|100%| O|  |TAMS 0x000000079aa00000| PB 0x000000079aa00000| Untracked 
| 961|0x000000079aa00000, 0x000000079ac00000, 0x000000079ac00000|100%| O|  |TAMS 0x000000079ac00000| PB 0x000000079ac00000| Untracked 
| 962|0x000000079ac00000, 0x000000079ae00000, 0x000000079ae00000|100%| O|  |TAMS 0x000000079ae00000| PB 0x000000079ae00000| Untracked 
| 963|0x000000079ae00000, 0x000000079b000000, 0x000000079b000000|100%| O|  |TAMS 0x000000079b000000| PB 0x000000079b000000| Untracked 
| 964|0x000000079b000000, 0x000000079b200000, 0x000000079b200000|100%| O|  |TAMS 0x000000079b200000| PB 0x000000079b200000| Untracked 
| 965|0x000000079b200000, 0x000000079b400000, 0x000000079b400000|100%| O|  |TAMS 0x000000079b400000| PB 0x000000079b400000| Untracked 
| 966|0x000000079b400000, 0x000000079b600000, 0x000000079b600000|100%| O|  |TAMS 0x000000079b600000| PB 0x000000079b600000| Untracked 
| 967|0x000000079b600000, 0x000000079b800000, 0x000000079b800000|100%| O|  |TAMS 0x000000079b800000| PB 0x000000079b800000| Untracked 
| 968|0x000000079b800000, 0x000000079ba00000, 0x000000079ba00000|100%| O|  |TAMS 0x000000079ba00000| PB 0x000000079ba00000| Untracked 
| 969|0x000000079ba00000, 0x000000079bc00000, 0x000000079bc00000|100%| O|  |TAMS 0x000000079bc00000| PB 0x000000079bc00000| Untracked 
| 970|0x000000079bc00000, 0x000000079be00000, 0x000000079be00000|100%| O|  |TAMS 0x000000079be00000| PB 0x000000079be00000| Untracked 
| 971|0x000000079be00000, 0x000000079c000000, 0x000000079c000000|100%| O|  |TAMS 0x000000079c000000| PB 0x000000079c000000| Untracked 
| 972|0x000000079c000000, 0x000000079c200000, 0x000000079c200000|100%| O|  |TAMS 0x000000079c200000| PB 0x000000079c200000| Untracked 
| 973|0x000000079c200000, 0x000000079c400000, 0x000000079c400000|100%| O|  |TAMS 0x000000079c400000| PB 0x000000079c400000| Untracked 
| 974|0x000000079c400000, 0x000000079c600000, 0x000000079c600000|100%| O|  |TAMS 0x000000079c600000| PB 0x000000079c600000| Untracked 
| 975|0x000000079c600000, 0x000000079c800000, 0x000000079c800000|100%| O|  |TAMS 0x000000079c800000| PB 0x000000079c800000| Untracked 
| 976|0x000000079c800000, 0x000000079ca00000, 0x000000079ca00000|100%| O|  |TAMS 0x000000079ca00000| PB 0x000000079ca00000| Untracked 
| 977|0x000000079ca00000, 0x000000079cc00000, 0x000000079cc00000|100%| O|  |TAMS 0x000000079cc00000| PB 0x000000079cc00000| Untracked 
| 978|0x000000079cc00000, 0x000000079ce00000, 0x000000079ce00000|100%| O|  |TAMS 0x000000079ce00000| PB 0x000000079ce00000| Untracked 
| 979|0x000000079ce00000, 0x000000079d000000, 0x000000079d000000|100%| O|  |TAMS 0x000000079d000000| PB 0x000000079d000000| Untracked 
| 980|0x000000079d000000, 0x000000079d200000, 0x000000079d200000|100%| O|  |TAMS 0x000000079d200000| PB 0x000000079d200000| Untracked 
| 981|0x000000079d200000, 0x000000079d400000, 0x000000079d400000|100%| O|  |TAMS 0x000000079d400000| PB 0x000000079d400000| Untracked 
| 982|0x000000079d400000, 0x000000079d600000, 0x000000079d600000|100%| O|  |TAMS 0x000000079d600000| PB 0x000000079d600000| Untracked 
| 983|0x000000079d600000, 0x000000079d800000, 0x000000079d800000|100%| O|  |TAMS 0x000000079d800000| PB 0x000000079d800000| Untracked 
| 984|0x000000079d800000, 0x000000079da00000, 0x000000079da00000|100%| O|  |TAMS 0x000000079da00000| PB 0x000000079da00000| Untracked 
| 985|0x000000079da00000, 0x000000079dc00000, 0x000000079dc00000|100%| O|  |TAMS 0x000000079dc00000| PB 0x000000079dc00000| Untracked 
| 986|0x000000079dc00000, 0x000000079de00000, 0x000000079de00000|100%| O|  |TAMS 0x000000079de00000| PB 0x000000079de00000| Untracked 
| 987|0x000000079de00000, 0x000000079e000000, 0x000000079e000000|100%| O|  |TAMS 0x000000079e000000| PB 0x000000079e000000| Untracked 
| 988|0x000000079e000000, 0x000000079e200000, 0x000000079e200000|100%| O|  |TAMS 0x000000079e200000| PB 0x000000079e200000| Untracked 
| 989|0x000000079e200000, 0x000000079e400000, 0x000000079e400000|100%| O|  |TAMS 0x000000079e400000| PB 0x000000079e400000| Untracked 
| 990|0x000000079e400000, 0x000000079e600000, 0x000000079e600000|100%| O|  |TAMS 0x000000079e600000| PB 0x000000079e600000| Untracked 
| 991|0x000000079e600000, 0x000000079e800000, 0x000000079e800000|100%| O|  |TAMS 0x000000079e800000| PB 0x000000079e800000| Untracked 
| 992|0x000000079e800000, 0x000000079ea00000, 0x000000079ea00000|100%| O|  |TAMS 0x000000079ea00000| PB 0x000000079ea00000| Untracked 
| 993|0x000000079ea00000, 0x000000079ec00000, 0x000000079ec00000|100%| O|  |TAMS 0x000000079ec00000| PB 0x000000079ec00000| Untracked 
| 994|0x000000079ec00000, 0x000000079ee00000, 0x000000079ee00000|100%| O|  |TAMS 0x000000079ee00000| PB 0x000000079ee00000| Untracked 
| 995|0x000000079ee00000, 0x000000079f000000, 0x000000079f000000|100%| O|  |TAMS 0x000000079f000000| PB 0x000000079f000000| Untracked 
| 996|0x000000079f000000, 0x000000079f200000, 0x000000079f200000|100%| O|  |TAMS 0x000000079f200000| PB 0x000000079f200000| Untracked 
| 997|0x000000079f200000, 0x000000079f400000, 0x000000079f400000|100%| O|  |TAMS 0x000000079f400000| PB 0x000000079f400000| Untracked 
| 998|0x000000079f400000, 0x000000079f600000, 0x000000079f600000|100%| O|  |TAMS 0x000000079f600000| PB 0x000000079f600000| Untracked 
| 999|0x000000079f600000, 0x000000079f800000, 0x000000079f800000|100%| O|  |TAMS 0x000000079f800000| PB 0x000000079f800000| Untracked 
|1000|0x000000079f800000, 0x000000079fa00000, 0x000000079fa00000|100%| O|  |TAMS 0x000000079fa00000| PB 0x000000079fa00000| Untracked 
|1001|0x000000079fa00000, 0x000000079fc00000, 0x000000079fc00000|100%| O|  |TAMS 0x000000079fc00000| PB 0x000000079fc00000| Untracked 
|1002|0x000000079fc00000, 0x000000079fe00000, 0x000000079fe00000|100%| O|  |TAMS 0x000000079fe00000| PB 0x000000079fe00000| Untracked 
|1003|0x000000079fe00000, 0x00000007a0000000, 0x00000007a0000000|100%| O|  |TAMS 0x00000007a0000000| PB 0x00000007a0000000| Untracked 
|1004|0x00000007a0000000, 0x00000007a0200000, 0x00000007a0200000|100%| O|  |TAMS 0x00000007a0200000| PB 0x00000007a0200000| Untracked 
|1005|0x00000007a0200000, 0x00000007a0400000, 0x00000007a0400000|100%| O|  |TAMS 0x00000007a0400000| PB 0x00000007a0400000| Untracked 
|1006|0x00000007a0400000, 0x00000007a0600000, 0x00000007a0600000|100%| O|  |TAMS 0x00000007a0600000| PB 0x00000007a0600000| Untracked 
|1007|0x00000007a0600000, 0x00000007a0800000, 0x00000007a0800000|100%| O|  |TAMS 0x00000007a0800000| PB 0x00000007a0800000| Untracked 
|1008|0x00000007a0800000, 0x00000007a0a00000, 0x00000007a0a00000|100%| O|  |TAMS 0x00000007a0a00000| PB 0x00000007a0a00000| Untracked 
|1009|0x00000007a0a00000, 0x00000007a0c00000, 0x00000007a0c00000|100%| O|  |TAMS 0x00000007a0c00000| PB 0x00000007a0c00000| Untracked 
|1010|0x00000007a0c00000, 0x00000007a0e00000, 0x00000007a0e00000|100%| O|  |TAMS 0x00000007a0e00000| PB 0x00000007a0e00000| Updating 
|1011|0x00000007a0e00000, 0x00000007a1000000, 0x00000007a1000000|100%| O|  |TAMS 0x00000007a1000000| PB 0x00000007a1000000| Updating 
|1012|0x00000007a1000000, 0x00000007a1200000, 0x00000007a1200000|100%| O|  |TAMS 0x00000007a1200000| PB 0x00000007a1200000| Updating 
|1013|0x00000007a1200000, 0x00000007a1400000, 0x00000007a1400000|100%| O|  |TAMS 0x00000007a1400000| PB 0x00000007a1400000| Updating 
|1014|0x00000007a1400000, 0x00000007a1600000, 0x00000007a1600000|100%| O|  |TAMS 0x00000007a1600000| PB 0x00000007a1600000| Updating 
|1015|0x00000007a1600000, 0x00000007a1800000, 0x00000007a1800000|100%| O|  |TAMS 0x00000007a1800000| PB 0x00000007a1800000| Untracked 
|1016|0x00000007a1800000, 0x00000007a1a00000, 0x00000007a1a00000|100%| O|  |TAMS 0x00000007a1a00000| PB 0x00000007a1a00000| Untracked 
|1017|0x00000007a1a00000, 0x00000007a1c00000, 0x00000007a1c00000|100%| O|  |TAMS 0x00000007a1c00000| PB 0x00000007a1c00000| Untracked 
|1018|0x00000007a1c00000, 0x00000007a1e00000, 0x00000007a1e00000|100%| O|  |TAMS 0x00000007a1e00000| PB 0x00000007a1e00000| Untracked 
|1019|0x00000007a1e00000, 0x00000007a2000000, 0x00000007a2000000|100%| O|  |TAMS 0x00000007a2000000| PB 0x00000007a2000000| Untracked 
|1020|0x00000007a2000000, 0x00000007a2200000, 0x00000007a2200000|100%| O|  |TAMS 0x00000007a2200000| PB 0x00000007a2200000| Untracked 
|1021|0x00000007a2200000, 0x00000007a2400000, 0x00000007a2400000|100%| O|  |TAMS 0x00000007a2400000| PB 0x00000007a2400000| Untracked 
|1022|0x00000007a2400000, 0x00000007a2600000, 0x00000007a2600000|100%| O|  |TAMS 0x00000007a2600000| PB 0x00000007a2600000| Untracked 
|1023|0x00000007a2600000, 0x00000007a2800000, 0x00000007a2800000|100%| O|  |TAMS 0x00000007a2800000| PB 0x00000007a2800000| Untracked 
|1024|0x00000007a2800000, 0x00000007a2a00000, 0x00000007a2a00000|100%| O|  |TAMS 0x00000007a2a00000| PB 0x00000007a2a00000| Untracked 
|1025|0x00000007a2a00000, 0x00000007a2c00000, 0x00000007a2c00000|100%| O|  |TAMS 0x00000007a2c00000| PB 0x00000007a2c00000| Untracked 
|1026|0x00000007a2c00000, 0x00000007a2e00000, 0x00000007a2e00000|100%| O|  |TAMS 0x00000007a2e00000| PB 0x00000007a2e00000| Untracked 
|1027|0x00000007a2e00000, 0x00000007a3000000, 0x00000007a3000000|100%| O|  |TAMS 0x00000007a3000000| PB 0x00000007a3000000| Untracked 
|1028|0x00000007a3000000, 0x00000007a3200000, 0x00000007a3200000|100%| O|  |TAMS 0x00000007a3200000| PB 0x00000007a3200000| Untracked 
|1029|0x00000007a3200000, 0x00000007a3400000, 0x00000007a3400000|100%| O|  |TAMS 0x00000007a3400000| PB 0x00000007a3400000| Untracked 
|1030|0x00000007a3400000, 0x00000007a3600000, 0x00000007a3600000|100%| O|  |TAMS 0x00000007a3600000| PB 0x00000007a3600000| Untracked 
|1031|0x00000007a3600000, 0x00000007a3800000, 0x00000007a3800000|100%| O|  |TAMS 0x00000007a3800000| PB 0x00000007a3800000| Untracked 
|1032|0x00000007a3800000, 0x00000007a3a00000, 0x00000007a3a00000|100%| O|  |TAMS 0x00000007a3a00000| PB 0x00000007a3a00000| Untracked 
|1033|0x00000007a3a00000, 0x00000007a3c00000, 0x00000007a3c00000|100%| O|  |TAMS 0x00000007a3c00000| PB 0x00000007a3c00000| Untracked 
|1034|0x00000007a3c00000, 0x00000007a3e00000, 0x00000007a3e00000|100%| O|  |TAMS 0x00000007a3e00000| PB 0x00000007a3e00000| Untracked 
|1035|0x00000007a3e00000, 0x00000007a4000000, 0x00000007a4000000|100%| O|  |TAMS 0x00000007a4000000| PB 0x00000007a4000000| Untracked 
|1036|0x00000007a4000000, 0x00000007a4200000, 0x00000007a4200000|100%| O|  |TAMS 0x00000007a4200000| PB 0x00000007a4200000| Untracked 
|1037|0x00000007a4200000, 0x00000007a4400000, 0x00000007a4400000|100%| O|  |TAMS 0x00000007a4400000| PB 0x00000007a4400000| Untracked 
|1038|0x00000007a4400000, 0x00000007a4600000, 0x00000007a4600000|100%| O|  |TAMS 0x00000007a4600000| PB 0x00000007a4600000| Untracked 
|1039|0x00000007a4600000, 0x00000007a4800000, 0x00000007a4800000|100%| O|  |TAMS 0x00000007a4800000| PB 0x00000007a4800000| Untracked 
|1040|0x00000007a4800000, 0x00000007a4a00000, 0x00000007a4a00000|100%| O|  |TAMS 0x00000007a4a00000| PB 0x00000007a4a00000| Untracked 
|1041|0x00000007a4a00000, 0x00000007a4c00000, 0x00000007a4c00000|100%| O|  |TAMS 0x00000007a4c00000| PB 0x00000007a4c00000| Untracked 
|1042|0x00000007a4c00000, 0x00000007a4e00000, 0x00000007a4e00000|100%| O|  |TAMS 0x00000007a4e00000| PB 0x00000007a4e00000| Untracked 
|1043|0x00000007a4e00000, 0x00000007a5000000, 0x00000007a5000000|100%| O|  |TAMS 0x00000007a5000000| PB 0x00000007a5000000| Untracked 
|1044|0x00000007a5000000, 0x00000007a5200000, 0x00000007a5200000|100%| O|  |TAMS 0x00000007a5200000| PB 0x00000007a5200000| Untracked 
|1045|0x00000007a5200000, 0x00000007a5400000, 0x00000007a5400000|100%| O|  |TAMS 0x00000007a5400000| PB 0x00000007a5400000| Untracked 
|1046|0x00000007a5400000, 0x00000007a5600000, 0x00000007a5600000|100%| O|  |TAMS 0x00000007a5600000| PB 0x00000007a5600000| Untracked 
|1047|0x00000007a5600000, 0x00000007a5800000, 0x00000007a5800000|100%| O|  |TAMS 0x00000007a5800000| PB 0x00000007a5800000| Untracked 
|1048|0x00000007a5800000, 0x00000007a5a00000, 0x00000007a5a00000|100%| O|  |TAMS 0x00000007a5a00000| PB 0x00000007a5a00000| Untracked 
|1049|0x00000007a5a00000, 0x00000007a5c00000, 0x00000007a5c00000|100%| O|  |TAMS 0x00000007a5c00000| PB 0x00000007a5c00000| Untracked 
|1050|0x00000007a5c00000, 0x00000007a5e00000, 0x00000007a5e00000|100%| O|  |TAMS 0x00000007a5e00000| PB 0x00000007a5e00000| Untracked 
|1051|0x00000007a5e00000, 0x00000007a6000000, 0x00000007a6000000|100%| O|  |TAMS 0x00000007a6000000| PB 0x00000007a6000000| Untracked 
|1052|0x00000007a6000000, 0x00000007a6200000, 0x00000007a6200000|100%| O|  |TAMS 0x00000007a6200000| PB 0x00000007a6200000| Untracked 
|1053|0x00000007a6200000, 0x00000007a6400000, 0x00000007a6400000|100%| O|  |TAMS 0x00000007a6400000| PB 0x00000007a6400000| Untracked 
|1054|0x00000007a6400000, 0x00000007a6600000, 0x00000007a6600000|100%| O|  |TAMS 0x00000007a6600000| PB 0x00000007a6600000| Untracked 
|1055|0x00000007a6600000, 0x00000007a6800000, 0x00000007a6800000|100%| O|  |TAMS 0x00000007a6800000| PB 0x00000007a6800000| Untracked 
|1056|0x00000007a6800000, 0x00000007a6a00000, 0x00000007a6a00000|100%| O|  |TAMS 0x00000007a6a00000| PB 0x00000007a6a00000| Untracked 
|1057|0x00000007a6a00000, 0x00000007a6c00000, 0x00000007a6c00000|100%| O|  |TAMS 0x00000007a6c00000| PB 0x00000007a6c00000| Untracked 
|1058|0x00000007a6c00000, 0x00000007a6e00000, 0x00000007a6e00000|100%| O|  |TAMS 0x00000007a6e00000| PB 0x00000007a6e00000| Untracked 
|1059|0x00000007a6e00000, 0x00000007a7000000, 0x00000007a7000000|100%| O|  |TAMS 0x00000007a7000000| PB 0x00000007a7000000| Untracked 
|1060|0x00000007a7000000, 0x00000007a7200000, 0x00000007a7200000|100%| O|  |TAMS 0x00000007a7200000| PB 0x00000007a7200000| Untracked 
|1061|0x00000007a7200000, 0x00000007a7400000, 0x00000007a7400000|100%| O|  |TAMS 0x00000007a7400000| PB 0x00000007a7400000| Untracked 
|1062|0x00000007a7400000, 0x00000007a7600000, 0x00000007a7600000|100%| O|  |TAMS 0x00000007a7600000| PB 0x00000007a7600000| Untracked 
|1063|0x00000007a7600000, 0x00000007a7800000, 0x00000007a7800000|100%| O|  |TAMS 0x00000007a7800000| PB 0x00000007a7800000| Untracked 
|1064|0x00000007a7800000, 0x00000007a7a00000, 0x00000007a7a00000|100%| O|  |TAMS 0x00000007a7a00000| PB 0x00000007a7a00000| Untracked 
|1065|0x00000007a7a00000, 0x00000007a7c00000, 0x00000007a7c00000|100%| O|  |TAMS 0x00000007a7c00000| PB 0x00000007a7c00000| Untracked 
|1066|0x00000007a7c00000, 0x00000007a7e00000, 0x00000007a7e00000|100%| O|  |TAMS 0x00000007a7e00000| PB 0x00000007a7e00000| Untracked 
|1067|0x00000007a7e00000, 0x00000007a8000000, 0x00000007a8000000|100%| O|  |TAMS 0x00000007a8000000| PB 0x00000007a8000000| Untracked 
|1068|0x00000007a8000000, 0x00000007a8200000, 0x00000007a8200000|100%| O|  |TAMS 0x00000007a8200000| PB 0x00000007a8200000| Untracked 
|1069|0x00000007a8200000, 0x00000007a8400000, 0x00000007a8400000|100%| O|  |TAMS 0x00000007a8400000| PB 0x00000007a8400000| Untracked 
|1070|0x00000007a8400000, 0x00000007a8600000, 0x00000007a8600000|100%| O|  |TAMS 0x00000007a8600000| PB 0x00000007a8600000| Untracked 
|1071|0x00000007a8600000, 0x00000007a8800000, 0x00000007a8800000|100%| O|  |TAMS 0x00000007a8800000| PB 0x00000007a8800000| Untracked 
|1072|0x00000007a8800000, 0x00000007a8a00000, 0x00000007a8a00000|100%| O|  |TAMS 0x00000007a8a00000| PB 0x00000007a8a00000| Untracked 
|1073|0x00000007a8a00000, 0x00000007a8c00000, 0x00000007a8c00000|100%| O|  |TAMS 0x00000007a8c00000| PB 0x00000007a8c00000| Untracked 
|1074|0x00000007a8c00000, 0x00000007a8e00000, 0x00000007a8e00000|100%| O|  |TAMS 0x00000007a8e00000| PB 0x00000007a8e00000| Untracked 
|1075|0x00000007a8e00000, 0x00000007a9000000, 0x00000007a9000000|100%| O|  |TAMS 0x00000007a9000000| PB 0x00000007a9000000| Untracked 
|1076|0x00000007a9000000, 0x00000007a9200000, 0x00000007a9200000|100%| O|  |TAMS 0x00000007a9200000| PB 0x00000007a9200000| Untracked 
|1077|0x00000007a9200000, 0x00000007a9400000, 0x00000007a9400000|100%| O|  |TAMS 0x00000007a9400000| PB 0x00000007a9400000| Untracked 
|1078|0x00000007a9400000, 0x00000007a9600000, 0x00000007a9600000|100%| O|  |TAMS 0x00000007a9600000| PB 0x00000007a9600000| Untracked 
|1079|0x00000007a9600000, 0x00000007a9800000, 0x00000007a9800000|100%| O|  |TAMS 0x00000007a9800000| PB 0x00000007a9800000| Untracked 
|1080|0x00000007a9800000, 0x00000007a9a00000, 0x00000007a9a00000|100%| O|  |TAMS 0x00000007a9a00000| PB 0x00000007a9a00000| Untracked 
|1081|0x00000007a9a00000, 0x00000007a9c00000, 0x00000007a9c00000|100%| O|  |TAMS 0x00000007a9c00000| PB 0x00000007a9c00000| Untracked 
|1082|0x00000007a9c00000, 0x00000007a9e00000, 0x00000007a9e00000|100%| O|  |TAMS 0x00000007a9e00000| PB 0x00000007a9e00000| Untracked 
|1083|0x00000007a9e00000, 0x00000007aa000000, 0x00000007aa000000|100%| O|  |TAMS 0x00000007aa000000| PB 0x00000007aa000000| Untracked 
|1084|0x00000007aa000000, 0x00000007aa200000, 0x00000007aa200000|100%| O|  |TAMS 0x00000007aa200000| PB 0x00000007aa200000| Untracked 
|1085|0x00000007aa200000, 0x00000007aa400000, 0x00000007aa400000|100%| O|  |TAMS 0x00000007aa400000| PB 0x00000007aa400000| Untracked 
|1086|0x00000007aa400000, 0x00000007aa600000, 0x00000007aa600000|100%| O|  |TAMS 0x00000007aa600000| PB 0x00000007aa600000| Untracked 
|1087|0x00000007aa600000, 0x00000007aa800000, 0x00000007aa800000|100%| O|  |TAMS 0x00000007aa800000| PB 0x00000007aa800000| Untracked 
|1088|0x00000007aa800000, 0x00000007aaa00000, 0x00000007aaa00000|100%| O|  |TAMS 0x00000007aaa00000| PB 0x00000007aaa00000| Untracked 
|1089|0x00000007aaa00000, 0x00000007aac00000, 0x00000007aac00000|100%| O|  |TAMS 0x00000007aac00000| PB 0x00000007aac00000| Untracked 
|1090|0x00000007aac00000, 0x00000007aae00000, 0x00000007aae00000|100%| O|  |TAMS 0x00000007aae00000| PB 0x00000007aae00000| Untracked 
|1091|0x00000007aae00000, 0x00000007ab000000, 0x00000007ab000000|100%| O|  |TAMS 0x00000007ab000000| PB 0x00000007ab000000| Untracked 
|1092|0x00000007ab000000, 0x00000007ab200000, 0x00000007ab200000|100%| O|  |TAMS 0x00000007ab200000| PB 0x00000007ab200000| Untracked 
|1093|0x00000007ab200000, 0x00000007ab400000, 0x00000007ab400000|100%| O|  |TAMS 0x00000007ab400000| PB 0x00000007ab400000| Untracked 
|1094|0x00000007ab400000, 0x00000007ab600000, 0x00000007ab600000|100%| O|  |TAMS 0x00000007ab600000| PB 0x00000007ab600000| Untracked 
|1095|0x00000007ab600000, 0x00000007ab800000, 0x00000007ab800000|100%| O|  |TAMS 0x00000007ab800000| PB 0x00000007ab800000| Untracked 
|1096|0x00000007ab800000, 0x00000007aba00000, 0x00000007aba00000|100%| O|  |TAMS 0x00000007aba00000| PB 0x00000007aba00000| Untracked 
|1097|0x00000007aba00000, 0x00000007abc00000, 0x00000007abc00000|100%| O|  |TAMS 0x00000007abc00000| PB 0x00000007abc00000| Untracked 
|1098|0x00000007abc00000, 0x00000007abe00000, 0x00000007abe00000|100%| O|  |TAMS 0x00000007abe00000| PB 0x00000007abe00000| Untracked 
|1099|0x00000007abe00000, 0x00000007ac000000, 0x00000007ac000000|100%| O|  |TAMS 0x00000007ac000000| PB 0x00000007ac000000| Untracked 
|1100|0x00000007ac000000, 0x00000007ac200000, 0x00000007ac200000|100%| O|  |TAMS 0x00000007ac200000| PB 0x00000007ac200000| Untracked 
|1101|0x00000007ac200000, 0x00000007ac400000, 0x00000007ac400000|100%| O|  |TAMS 0x00000007ac400000| PB 0x00000007ac400000| Untracked 
|1102|0x00000007ac400000, 0x00000007ac600000, 0x00000007ac600000|100%| O|  |TAMS 0x00000007ac600000| PB 0x00000007ac600000| Untracked 
|1103|0x00000007ac600000, 0x00000007ac800000, 0x00000007ac800000|100%| O|  |TAMS 0x00000007ac800000| PB 0x00000007ac800000| Untracked 
|1104|0x00000007ac800000, 0x00000007aca00000, 0x00000007aca00000|100%| O|  |TAMS 0x00000007aca00000| PB 0x00000007aca00000| Untracked 
|1105|0x00000007aca00000, 0x00000007acc00000, 0x00000007acc00000|100%| O|  |TAMS 0x00000007acc00000| PB 0x00000007acc00000| Untracked 
|1106|0x00000007acc00000, 0x00000007ace00000, 0x00000007ace00000|100%| O|  |TAMS 0x00000007ace00000| PB 0x00000007ace00000| Untracked 
|1107|0x00000007ace00000, 0x00000007ad000000, 0x00000007ad000000|100%| O|  |TAMS 0x00000007ad000000| PB 0x00000007ad000000| Untracked 
|1108|0x00000007ad000000, 0x00000007ad200000, 0x00000007ad200000|100%| O|  |TAMS 0x00000007ad200000| PB 0x00000007ad200000| Untracked 
|1109|0x00000007ad200000, 0x00000007ad400000, 0x00000007ad400000|100%| O|  |TAMS 0x00000007ad400000| PB 0x00000007ad400000| Untracked 
|1110|0x00000007ad400000, 0x00000007ad600000, 0x00000007ad600000|100%| O|  |TAMS 0x00000007ad600000| PB 0x00000007ad600000| Untracked 
|1111|0x00000007ad600000, 0x00000007ad800000, 0x00000007ad800000|100%| O|  |TAMS 0x00000007ad800000| PB 0x00000007ad800000| Untracked 
|1112|0x00000007ad800000, 0x00000007ada00000, 0x00000007ada00000|100%| O|  |TAMS 0x00000007ada00000| PB 0x00000007ada00000| Untracked 
|1113|0x00000007ada00000, 0x00000007adc00000, 0x00000007adc00000|100%| O|  |TAMS 0x00000007adc00000| PB 0x00000007adc00000| Untracked 
|1114|0x00000007adc00000, 0x00000007ade00000, 0x00000007ade00000|100%| O|  |TAMS 0x00000007ade00000| PB 0x00000007ade00000| Untracked 
|1115|0x00000007ade00000, 0x00000007ae000000, 0x00000007ae000000|100%| O|  |TAMS 0x00000007ae000000| PB 0x00000007ae000000| Untracked 
|1116|0x00000007ae000000, 0x00000007ae200000, 0x00000007ae200000|100%| O|  |TAMS 0x00000007ae200000| PB 0x00000007ae200000| Untracked 
|1117|0x00000007ae200000, 0x00000007ae400000, 0x00000007ae400000|100%| O|  |TAMS 0x00000007ae400000| PB 0x00000007ae400000| Untracked 
|1118|0x00000007ae400000, 0x00000007ae600000, 0x00000007ae600000|100%| O|  |TAMS 0x00000007ae600000| PB 0x00000007ae600000| Untracked 
|1119|0x00000007ae600000, 0x00000007ae800000, 0x00000007ae800000|100%| O|  |TAMS 0x00000007ae800000| PB 0x00000007ae800000| Untracked 
|1120|0x00000007ae800000, 0x00000007aea00000, 0x00000007aea00000|100%| O|  |TAMS 0x00000007aea00000| PB 0x00000007aea00000| Untracked 
|1121|0x00000007aea00000, 0x00000007aec00000, 0x00000007aec00000|100%| O|  |TAMS 0x00000007aec00000| PB 0x00000007aec00000| Untracked 
|1122|0x00000007aec00000, 0x00000007aee00000, 0x00000007aee00000|100%| O|  |TAMS 0x00000007aee00000| PB 0x00000007aee00000| Untracked 
|1123|0x00000007aee00000, 0x00000007af000000, 0x00000007af000000|100%| O|  |TAMS 0x00000007af000000| PB 0x00000007af000000| Untracked 
|1124|0x00000007af000000, 0x00000007af200000, 0x00000007af200000|100%| O|  |TAMS 0x00000007af200000| PB 0x00000007af200000| Untracked 
|1125|0x00000007af200000, 0x00000007af400000, 0x00000007af400000|100%| O|  |TAMS 0x00000007af400000| PB 0x00000007af400000| Untracked 
|1126|0x00000007af400000, 0x00000007af600000, 0x00000007af600000|100%| O|  |TAMS 0x00000007af600000| PB 0x00000007af600000| Untracked 
|1127|0x00000007af600000, 0x00000007af800000, 0x00000007af800000|100%| O|  |TAMS 0x00000007af800000| PB 0x00000007af800000| Untracked 
|1128|0x00000007af800000, 0x00000007afa00000, 0x00000007afa00000|100%| O|  |TAMS 0x00000007afa00000| PB 0x00000007afa00000| Untracked 
|1129|0x00000007afa00000, 0x00000007afc00000, 0x00000007afc00000|100%| O|  |TAMS 0x00000007afc00000| PB 0x00000007afc00000| Untracked 
|1130|0x00000007afc00000, 0x00000007afe00000, 0x00000007afe00000|100%| O|  |TAMS 0x00000007afe00000| PB 0x00000007afe00000| Untracked 
|1131|0x00000007afe00000, 0x00000007b0000000, 0x00000007b0000000|100%| O|  |TAMS 0x00000007b0000000| PB 0x00000007b0000000| Untracked 
|1132|0x00000007b0000000, 0x00000007b0200000, 0x00000007b0200000|100%| O|  |TAMS 0x00000007b0200000| PB 0x00000007b0200000| Untracked 
|1133|0x00000007b0200000, 0x00000007b0400000, 0x00000007b0400000|100%| O|  |TAMS 0x00000007b0400000| PB 0x00000007b0400000| Untracked 
|1134|0x00000007b0400000, 0x00000007b0600000, 0x00000007b0600000|100%| O|  |TAMS 0x00000007b0600000| PB 0x00000007b0600000| Untracked 
|1135|0x00000007b0600000, 0x00000007b0800000, 0x00000007b0800000|100%| O|  |TAMS 0x00000007b0800000| PB 0x00000007b0800000| Untracked 
|1136|0x00000007b0800000, 0x00000007b0a00000, 0x00000007b0a00000|100%| O|  |TAMS 0x00000007b0a00000| PB 0x00000007b0a00000| Untracked 
|1137|0x00000007b0a00000, 0x00000007b0c00000, 0x00000007b0c00000|100%| O|  |TAMS 0x00000007b0c00000| PB 0x00000007b0c00000| Untracked 
|1138|0x00000007b0c00000, 0x00000007b0e00000, 0x00000007b0e00000|100%| O|  |TAMS 0x00000007b0e00000| PB 0x00000007b0e00000| Untracked 
|1139|0x00000007b0e00000, 0x00000007b1000000, 0x00000007b1000000|100%| O|  |TAMS 0x00000007b1000000| PB 0x00000007b1000000| Untracked 
|1140|0x00000007b1000000, 0x00000007b1200000, 0x00000007b1200000|100%| O|  |TAMS 0x00000007b1200000| PB 0x00000007b1200000| Untracked 
|1141|0x00000007b1200000, 0x00000007b1400000, 0x00000007b1400000|100%| O|  |TAMS 0x00000007b1400000| PB 0x00000007b1400000| Untracked 
|1142|0x00000007b1400000, 0x00000007b1600000, 0x00000007b1600000|100%| O|  |TAMS 0x00000007b1600000| PB 0x00000007b1600000| Untracked 
|1143|0x00000007b1600000, 0x00000007b1800000, 0x00000007b1800000|100%| O|  |TAMS 0x00000007b1800000| PB 0x00000007b1800000| Untracked 
|1144|0x00000007b1800000, 0x00000007b1a00000, 0x00000007b1a00000|100%| O|  |TAMS 0x00000007b1a00000| PB 0x00000007b1a00000| Untracked 
|1145|0x00000007b1a00000, 0x00000007b1c00000, 0x00000007b1c00000|100%| O|  |TAMS 0x00000007b1c00000| PB 0x00000007b1c00000| Untracked 
|1146|0x00000007b1c00000, 0x00000007b1e00000, 0x00000007b1e00000|100%| O|  |TAMS 0x00000007b1e00000| PB 0x00000007b1e00000| Untracked 
|1147|0x00000007b1e00000, 0x00000007b2000000, 0x00000007b2000000|100%| O|  |TAMS 0x00000007b2000000| PB 0x00000007b2000000| Untracked 
|1148|0x00000007b2000000, 0x00000007b2200000, 0x00000007b2200000|100%| O|  |TAMS 0x00000007b2200000| PB 0x00000007b2200000| Untracked 
|1149|0x00000007b2200000, 0x00000007b2400000, 0x00000007b2400000|100%| O|  |TAMS 0x00000007b2400000| PB 0x00000007b2400000| Untracked 
|1150|0x00000007b2400000, 0x00000007b2600000, 0x00000007b2600000|100%| O|  |TAMS 0x00000007b2600000| PB 0x00000007b2600000| Untracked 
|1151|0x00000007b2600000, 0x00000007b2800000, 0x00000007b2800000|100%| O|  |TAMS 0x00000007b2800000| PB 0x00000007b2800000| Untracked 
|1152|0x00000007b2800000, 0x00000007b2a00000, 0x00000007b2a00000|100%| O|  |TAMS 0x00000007b2a00000| PB 0x00000007b2a00000| Updating 
|1153|0x00000007b2a00000, 0x00000007b2c00000, 0x00000007b2c00000|100%| O|  |TAMS 0x00000007b2c00000| PB 0x00000007b2c00000| Updating 
|1154|0x00000007b2c00000, 0x00000007b2e00000, 0x00000007b2e00000|100%| O|  |TAMS 0x00000007b2e00000| PB 0x00000007b2e00000| Updating 
|1155|0x00000007b2e00000, 0x00000007b3000000, 0x00000007b3000000|100%| O|  |TAMS 0x00000007b3000000| PB 0x00000007b3000000| Updating 
|1156|0x00000007b3000000, 0x00000007b3200000, 0x00000007b3200000|100%| O|  |TAMS 0x00000007b3200000| PB 0x00000007b3200000| Updating 
|1157|0x00000007b3200000, 0x00000007b3400000, 0x00000007b3400000|100%|HS|  |TAMS 0x00000007b3400000| PB 0x00000007b3200000| Complete 
|1158|0x00000007b3400000, 0x00000007b3600000, 0x00000007b3600000|100%|HC|  |TAMS 0x00000007b3600000| PB 0x00000007b3400000| Complete 
|1159|0x00000007b3600000, 0x00000007b3800000, 0x00000007b3800000|100%|HC|  |TAMS 0x00000007b3800000| PB 0x00000007b3600000| Complete 
|1160|0x00000007b3800000, 0x00000007b3a00000, 0x00000007b3a00000|100%|HC|  |TAMS 0x00000007b3a00000| PB 0x00000007b3800000| Complete 
|1161|0x00000007b3a00000, 0x00000007b3c00000, 0x00000007b3c00000|100%|HC|  |TAMS 0x00000007b3c00000| PB 0x00000007b3a00000| Complete 
|1162|0x00000007b3c00000, 0x00000007b3e00000, 0x00000007b3e00000|100%|HC|  |TAMS 0x00000007b3e00000| PB 0x00000007b3c00000| Complete 
|1163|0x00000007b3e00000, 0x00000007b4000000, 0x00000007b4000000|100%|HC|  |TAMS 0x00000007b4000000| PB 0x00000007b3e00000| Complete 
|1164|0x00000007b4000000, 0x00000007b4200000, 0x00000007b4200000|100%|HC|  |TAMS 0x00000007b4200000| PB 0x00000007b4000000| Complete 
|1165|0x00000007b4200000, 0x00000007b4400000, 0x00000007b4400000|100%| O|  |TAMS 0x00000007b4400000| PB 0x00000007b4400000| Untracked 
|1166|0x00000007b4400000, 0x00000007b4600000, 0x00000007b4600000|100%| O|  |TAMS 0x00000007b4600000| PB 0x00000007b4600000| Untracked 
|1167|0x00000007b4600000, 0x00000007b4800000, 0x00000007b4800000|100%| O|  |TAMS 0x00000007b4800000| PB 0x00000007b4800000| Untracked 
|1168|0x00000007b4800000, 0x00000007b4a00000, 0x00000007b4a00000|100%| O|  |TAMS 0x00000007b4a00000| PB 0x00000007b4a00000| Untracked 
|1169|0x00000007b4a00000, 0x00000007b4c00000, 0x00000007b4c00000|100%| O|  |TAMS 0x00000007b4c00000| PB 0x00000007b4c00000| Untracked 
|1170|0x00000007b4c00000, 0x00000007b4e00000, 0x00000007b4e00000|100%| O|  |TAMS 0x00000007b4e00000| PB 0x00000007b4e00000| Untracked 
|1171|0x00000007b4e00000, 0x00000007b5000000, 0x00000007b5000000|100%| O|  |TAMS 0x00000007b5000000| PB 0x00000007b5000000| Untracked 
|1172|0x00000007b5000000, 0x00000007b5200000, 0x00000007b5200000|100%| O|  |TAMS 0x00000007b5200000| PB 0x00000007b5200000| Untracked 
|1173|0x00000007b5200000, 0x00000007b5400000, 0x00000007b5400000|100%| O|  |TAMS 0x00000007b5400000| PB 0x00000007b5400000| Untracked 
|1174|0x00000007b5400000, 0x00000007b5600000, 0x00000007b5600000|100%| O|  |TAMS 0x00000007b5600000| PB 0x00000007b5600000| Untracked 
|1175|0x00000007b5600000, 0x00000007b5800000, 0x00000007b5800000|100%| O|  |TAMS 0x00000007b5800000| PB 0x00000007b5800000| Untracked 
|1176|0x00000007b5800000, 0x00000007b5a00000, 0x00000007b5a00000|100%| O|  |TAMS 0x00000007b5a00000| PB 0x00000007b5a00000| Untracked 
|1177|0x00000007b5a00000, 0x00000007b5c00000, 0x00000007b5c00000|100%| O|  |TAMS 0x00000007b5c00000| PB 0x00000007b5c00000| Untracked 
|1178|0x00000007b5c00000, 0x00000007b5e00000, 0x00000007b5e00000|100%| O|  |TAMS 0x00000007b5e00000| PB 0x00000007b5e00000| Untracked 
|1179|0x00000007b5e00000, 0x00000007b6000000, 0x00000007b6000000|100%| O|  |TAMS 0x00000007b6000000| PB 0x00000007b6000000| Untracked 
|1180|0x00000007b6000000, 0x00000007b6200000, 0x00000007b6200000|100%| O|  |TAMS 0x00000007b6200000| PB 0x00000007b6200000| Untracked 
|1181|0x00000007b6200000, 0x00000007b6400000, 0x00000007b6400000|100%| O|  |TAMS 0x00000007b6400000| PB 0x00000007b6400000| Untracked 
|1182|0x00000007b6400000, 0x00000007b6600000, 0x00000007b6600000|100%| O|  |TAMS 0x00000007b6600000| PB 0x00000007b6600000| Untracked 
|1183|0x00000007b6600000, 0x00000007b6800000, 0x00000007b6800000|100%| O|  |TAMS 0x00000007b6800000| PB 0x00000007b6800000| Untracked 
|1184|0x00000007b6800000, 0x00000007b6a00000, 0x00000007b6a00000|100%| O|  |TAMS 0x00000007b6a00000| PB 0x00000007b6a00000| Untracked 
|1185|0x00000007b6a00000, 0x00000007b6c00000, 0x00000007b6c00000|100%| O|  |TAMS 0x00000007b6c00000| PB 0x00000007b6c00000| Untracked 
|1186|0x00000007b6c00000, 0x00000007b6e00000, 0x00000007b6e00000|100%| O|  |TAMS 0x00000007b6e00000| PB 0x00000007b6e00000| Untracked 
|1187|0x00000007b6e00000, 0x00000007b7000000, 0x00000007b7000000|100%| O|  |TAMS 0x00000007b7000000| PB 0x00000007b7000000| Untracked 
|1188|0x00000007b7000000, 0x00000007b7200000, 0x00000007b7200000|100%| O|  |TAMS 0x00000007b7200000| PB 0x00000007b7200000| Untracked 
|1189|0x00000007b7200000, 0x00000007b7400000, 0x00000007b7400000|100%| O|  |TAMS 0x00000007b7400000| PB 0x00000007b7400000| Untracked 
|1190|0x00000007b7400000, 0x00000007b7600000, 0x00000007b7600000|100%| O|  |TAMS 0x00000007b7600000| PB 0x00000007b7600000| Untracked 
|1191|0x00000007b7600000, 0x00000007b7800000, 0x00000007b7800000|100%| O|  |TAMS 0x00000007b7800000| PB 0x00000007b7800000| Untracked 
|1192|0x00000007b7800000, 0x00000007b7a00000, 0x00000007b7a00000|100%| O|  |TAMS 0x00000007b7a00000| PB 0x00000007b7a00000| Untracked 
|1193|0x00000007b7a00000, 0x00000007b7c00000, 0x00000007b7c00000|100%| O|  |TAMS 0x00000007b7c00000| PB 0x00000007b7c00000| Untracked 
|1194|0x00000007b7c00000, 0x00000007b7e00000, 0x00000007b7e00000|100%| O|  |TAMS 0x00000007b7e00000| PB 0x00000007b7e00000| Untracked 
|1195|0x00000007b7e00000, 0x00000007b8000000, 0x00000007b8000000|100%| O|  |TAMS 0x00000007b8000000| PB 0x00000007b8000000| Untracked 
|1196|0x00000007b8000000, 0x00000007b8200000, 0x00000007b8200000|100%| O|  |TAMS 0x00000007b8200000| PB 0x00000007b8200000| Untracked 
|1197|0x00000007b8200000, 0x00000007b8400000, 0x00000007b8400000|100%| O|  |TAMS 0x00000007b8400000| PB 0x00000007b8400000| Untracked 
|1198|0x00000007b8400000, 0x00000007b8600000, 0x00000007b8600000|100%| O|  |TAMS 0x00000007b8600000| PB 0x00000007b8600000| Untracked 
|1199|0x00000007b8600000, 0x00000007b8800000, 0x00000007b8800000|100%| O|  |TAMS 0x00000007b8800000| PB 0x00000007b8800000| Untracked 
|1200|0x00000007b8800000, 0x00000007b8a00000, 0x00000007b8a00000|100%| O|  |TAMS 0x00000007b8a00000| PB 0x00000007b8a00000| Untracked 
|1201|0x00000007b8a00000, 0x00000007b8c00000, 0x00000007b8c00000|100%| O|  |TAMS 0x00000007b8c00000| PB 0x00000007b8c00000| Untracked 
|1202|0x00000007b8c00000, 0x00000007b8e00000, 0x00000007b8e00000|100%| O|  |TAMS 0x00000007b8e00000| PB 0x00000007b8e00000| Untracked 
|1203|0x00000007b8e00000, 0x00000007b9000000, 0x00000007b9000000|100%| O|  |TAMS 0x00000007b9000000| PB 0x00000007b9000000| Untracked 
|1204|0x00000007b9000000, 0x00000007b9200000, 0x00000007b9200000|100%| O|  |TAMS 0x00000007b9200000| PB 0x00000007b9200000| Untracked 
|1205|0x00000007b9200000, 0x00000007b9400000, 0x00000007b9400000|100%| O|  |TAMS 0x00000007b9400000| PB 0x00000007b9400000| Untracked 
|1206|0x00000007b9400000, 0x00000007b9600000, 0x00000007b9600000|100%| O|  |TAMS 0x00000007b9600000| PB 0x00000007b9600000| Untracked 
|1207|0x00000007b9600000, 0x00000007b9800000, 0x00000007b9800000|100%| O|  |TAMS 0x00000007b9800000| PB 0x00000007b9800000| Untracked 
|1208|0x00000007b9800000, 0x00000007b9a00000, 0x00000007b9a00000|100%| O|  |TAMS 0x00000007b9a00000| PB 0x00000007b9a00000| Untracked 
|1209|0x00000007b9a00000, 0x00000007b9c00000, 0x00000007b9c00000|100%| O|  |TAMS 0x00000007b9c00000| PB 0x00000007b9c00000| Untracked 
|1210|0x00000007b9c00000, 0x00000007b9e00000, 0x00000007b9e00000|100%| O|  |TAMS 0x00000007b9e00000| PB 0x00000007b9e00000| Untracked 
|1211|0x00000007b9e00000, 0x00000007ba000000, 0x00000007ba000000|100%| O|  |TAMS 0x00000007ba000000| PB 0x00000007ba000000| Untracked 
|1212|0x00000007ba000000, 0x00000007ba200000, 0x00000007ba200000|100%| O|  |TAMS 0x00000007ba200000| PB 0x00000007ba200000| Untracked 
|1213|0x00000007ba200000, 0x00000007ba400000, 0x00000007ba400000|100%| O|  |TAMS 0x00000007ba400000| PB 0x00000007ba400000| Untracked 
|1214|0x00000007ba400000, 0x00000007ba600000, 0x00000007ba600000|100%| O|  |TAMS 0x00000007ba600000| PB 0x00000007ba600000| Untracked 
|1215|0x00000007ba600000, 0x00000007ba800000, 0x00000007ba800000|100%| O|  |TAMS 0x00000007ba800000| PB 0x00000007ba800000| Untracked 
|1216|0x00000007ba800000, 0x00000007baa00000, 0x00000007baa00000|100%| O|  |TAMS 0x00000007baa00000| PB 0x00000007baa00000| Untracked 
|1217|0x00000007baa00000, 0x00000007bac00000, 0x00000007bac00000|100%| O|  |TAMS 0x00000007bac00000| PB 0x00000007bac00000| Untracked 
|1218|0x00000007bac00000, 0x00000007bae00000, 0x00000007bae00000|100%| O|  |TAMS 0x00000007bae00000| PB 0x00000007bae00000| Untracked 
|1219|0x00000007bae00000, 0x00000007bb000000, 0x00000007bb000000|100%| O|  |TAMS 0x00000007bb000000| PB 0x00000007bb000000| Untracked 
|1220|0x00000007bb000000, 0x00000007bb200000, 0x00000007bb200000|100%| O|  |TAMS 0x00000007bb200000| PB 0x00000007bb200000| Untracked 
|1221|0x00000007bb200000, 0x00000007bb400000, 0x00000007bb400000|100%| O|  |TAMS 0x00000007bb400000| PB 0x00000007bb400000| Untracked 
|1222|0x00000007bb400000, 0x00000007bb600000, 0x00000007bb600000|100%| O|  |TAMS 0x00000007bb600000| PB 0x00000007bb600000| Untracked 
|1223|0x00000007bb600000, 0x00000007bb800000, 0x00000007bb800000|100%| O|  |TAMS 0x00000007bb800000| PB 0x00000007bb800000| Untracked 
|1224|0x00000007bb800000, 0x00000007bba00000, 0x00000007bba00000|100%| O|  |TAMS 0x00000007bba00000| PB 0x00000007bba00000| Untracked 
|1225|0x00000007bba00000, 0x00000007bbc00000, 0x00000007bbc00000|100%| O|  |TAMS 0x00000007bbc00000| PB 0x00000007bbc00000| Untracked 
|1226|0x00000007bbc00000, 0x00000007bbe00000, 0x00000007bbe00000|100%| O|  |TAMS 0x00000007bbe00000| PB 0x00000007bbe00000| Untracked 
|1227|0x00000007bbe00000, 0x00000007bc000000, 0x00000007bc000000|100%| O|  |TAMS 0x00000007bc000000| PB 0x00000007bc000000| Untracked 
|1228|0x00000007bc000000, 0x00000007bc200000, 0x00000007bc200000|100%| O|  |TAMS 0x00000007bc200000| PB 0x00000007bc200000| Untracked 
|1229|0x00000007bc200000, 0x00000007bc400000, 0x00000007bc400000|100%| O|  |TAMS 0x00000007bc400000| PB 0x00000007bc400000| Untracked 
|1230|0x00000007bc400000, 0x00000007bc600000, 0x00000007bc600000|100%| O|  |TAMS 0x00000007bc600000| PB 0x00000007bc600000| Untracked 
|1231|0x00000007bc600000, 0x00000007bc800000, 0x00000007bc800000|100%| O|  |TAMS 0x00000007bc800000| PB 0x00000007bc800000| Untracked 
|1232|0x00000007bc800000, 0x00000007bca00000, 0x00000007bca00000|100%| O|  |TAMS 0x00000007bca00000| PB 0x00000007bca00000| Untracked 
|1233|0x00000007bca00000, 0x00000007bcc00000, 0x00000007bcc00000|100%| O|  |TAMS 0x00000007bcc00000| PB 0x00000007bcc00000| Untracked 
|1234|0x00000007bcc00000, 0x00000007bce00000, 0x00000007bce00000|100%| O|  |TAMS 0x00000007bce00000| PB 0x00000007bce00000| Untracked 
|1235|0x00000007bce00000, 0x00000007bd000000, 0x00000007bd000000|100%| O|  |TAMS 0x00000007bd000000| PB 0x00000007bd000000| Untracked 
|1236|0x00000007bd000000, 0x00000007bd200000, 0x00000007bd200000|100%| O|  |TAMS 0x00000007bd200000| PB 0x00000007bd200000| Untracked 
|1237|0x00000007bd200000, 0x00000007bd400000, 0x00000007bd400000|100%| O|  |TAMS 0x00000007bd400000| PB 0x00000007bd400000| Untracked 
|1238|0x00000007bd400000, 0x00000007bd600000, 0x00000007bd600000|100%| O|  |TAMS 0x00000007bd600000| PB 0x00000007bd600000| Untracked 
|1239|0x00000007bd600000, 0x00000007bd800000, 0x00000007bd800000|100%| O|  |TAMS 0x00000007bd800000| PB 0x00000007bd800000| Untracked 
|1240|0x00000007bd800000, 0x00000007bda00000, 0x00000007bda00000|100%| O|  |TAMS 0x00000007bda00000| PB 0x00000007bda00000| Untracked 
|1241|0x00000007bda00000, 0x00000007bdc00000, 0x00000007bdc00000|100%| O|  |TAMS 0x00000007bdc00000| PB 0x00000007bdc00000| Untracked 
|1242|0x00000007bdc00000, 0x00000007bde00000, 0x00000007bde00000|100%| O|  |TAMS 0x00000007bde00000| PB 0x00000007bde00000| Untracked 
|1243|0x00000007bde00000, 0x00000007be000000, 0x00000007be000000|100%| O|  |TAMS 0x00000007be000000| PB 0x00000007be000000| Untracked 
|1244|0x00000007be000000, 0x00000007be200000, 0x00000007be200000|100%| O|  |TAMS 0x00000007be200000| PB 0x00000007be200000| Untracked 
|1245|0x00000007be200000, 0x00000007be400000, 0x00000007be400000|100%| O|  |TAMS 0x00000007be400000| PB 0x00000007be400000| Untracked 
|1246|0x00000007be400000, 0x00000007be600000, 0x00000007be600000|100%| O|  |TAMS 0x00000007be600000| PB 0x00000007be600000| Untracked 
|1247|0x00000007be600000, 0x00000007be800000, 0x00000007be800000|100%| O|  |TAMS 0x00000007be800000| PB 0x00000007be800000| Untracked 
|1248|0x00000007be800000, 0x00000007bea00000, 0x00000007bea00000|100%| O|  |TAMS 0x00000007bea00000| PB 0x00000007bea00000| Untracked 
|1249|0x00000007bea00000, 0x00000007bec00000, 0x00000007bec00000|100%| O|  |TAMS 0x00000007bec00000| PB 0x00000007bec00000| Untracked 
|1250|0x00000007bec00000, 0x00000007bee00000, 0x00000007bee00000|100%| O|  |TAMS 0x00000007bee00000| PB 0x00000007bee00000| Untracked 
|1251|0x00000007bee00000, 0x00000007bf000000, 0x00000007bf000000|100%| O|  |TAMS 0x00000007bf000000| PB 0x00000007bf000000| Untracked 
|1252|0x00000007bf000000, 0x00000007bf200000, 0x00000007bf200000|100%| O|  |TAMS 0x00000007bf200000| PB 0x00000007bf200000| Untracked 
|1253|0x00000007bf200000, 0x00000007bf400000, 0x00000007bf400000|100%| O|  |TAMS 0x00000007bf400000| PB 0x00000007bf400000| Untracked 
|1254|0x00000007bf400000, 0x00000007bf600000, 0x00000007bf600000|100%| O|  |TAMS 0x00000007bf600000| PB 0x00000007bf600000| Untracked 
|1255|0x00000007bf600000, 0x00000007bf800000, 0x00000007bf800000|100%| O|  |TAMS 0x00000007bf800000| PB 0x00000007bf800000| Untracked 
|1256|0x00000007bf800000, 0x00000007bfa00000, 0x00000007bfa00000|100%| O|  |TAMS 0x00000007bfa00000| PB 0x00000007bfa00000| Untracked 
|1257|0x00000007bfa00000, 0x00000007bfc00000, 0x00000007bfc00000|100%| O|  |TAMS 0x00000007bfc00000| PB 0x00000007bfc00000| Untracked 
|1258|0x00000007bfc00000, 0x00000007bfe00000, 0x00000007bfe00000|100%| O|  |TAMS 0x00000007bfe00000| PB 0x00000007bfe00000| Untracked 
|1259|0x00000007bfe00000, 0x00000007c0000000, 0x00000007c0000000|100%| O|  |TAMS 0x00000007c0000000| PB 0x00000007c0000000| Untracked 
|1260|0x00000007c0000000, 0x00000007c0200000, 0x00000007c0200000|100%| O|  |TAMS 0x00000007c0200000| PB 0x00000007c0200000| Untracked 
|1261|0x00000007c0200000, 0x00000007c0400000, 0x00000007c0400000|100%| O|  |TAMS 0x00000007c0400000| PB 0x00000007c0400000| Untracked 
|1262|0x00000007c0400000, 0x00000007c0600000, 0x00000007c0600000|100%| O|  |TAMS 0x00000007c0600000| PB 0x00000007c0600000| Untracked 
|1263|0x00000007c0600000, 0x00000007c0800000, 0x00000007c0800000|100%| O|  |TAMS 0x00000007c0800000| PB 0x00000007c0800000| Untracked 
|1264|0x00000007c0800000, 0x00000007c0a00000, 0x00000007c0a00000|100%| O|  |TAMS 0x00000007c0a00000| PB 0x00000007c0a00000| Untracked 
|1265|0x00000007c0a00000, 0x00000007c0c00000, 0x00000007c0c00000|100%| O|  |TAMS 0x00000007c0c00000| PB 0x00000007c0c00000| Untracked 
|1266|0x00000007c0c00000, 0x00000007c0e00000, 0x00000007c0e00000|100%| O|  |TAMS 0x00000007c0e00000| PB 0x00000007c0e00000| Untracked 
|1267|0x00000007c0e00000, 0x00000007c1000000, 0x00000007c1000000|100%| O|  |TAMS 0x00000007c1000000| PB 0x00000007c1000000| Untracked 
|1268|0x00000007c1000000, 0x00000007c1200000, 0x00000007c1200000|100%| O|  |TAMS 0x00000007c1200000| PB 0x00000007c1200000| Untracked 
|1269|0x00000007c1200000, 0x00000007c1400000, 0x00000007c1400000|100%| O|  |TAMS 0x00000007c1400000| PB 0x00000007c1400000| Untracked 
|1270|0x00000007c1400000, 0x00000007c1600000, 0x00000007c1600000|100%| O|  |TAMS 0x00000007c1600000| PB 0x00000007c1600000| Untracked 
|1271|0x00000007c1600000, 0x00000007c1800000, 0x00000007c1800000|100%| O|  |TAMS 0x00000007c1800000| PB 0x00000007c1800000| Untracked 
|1272|0x00000007c1800000, 0x00000007c1a00000, 0x00000007c1a00000|100%| O|  |TAMS 0x00000007c1a00000| PB 0x00000007c1a00000| Untracked 
|1273|0x00000007c1a00000, 0x00000007c1c00000, 0x00000007c1c00000|100%| O|  |TAMS 0x00000007c1c00000| PB 0x00000007c1c00000| Untracked 
|1274|0x00000007c1c00000, 0x00000007c1e00000, 0x00000007c1e00000|100%| O|  |TAMS 0x00000007c1e00000| PB 0x00000007c1e00000| Untracked 
|1275|0x00000007c1e00000, 0x00000007c2000000, 0x00000007c2000000|100%| O|  |TAMS 0x00000007c2000000| PB 0x00000007c2000000| Untracked 
|1276|0x00000007c2000000, 0x00000007c2200000, 0x00000007c2200000|100%| O|  |TAMS 0x00000007c2200000| PB 0x00000007c2200000| Untracked 
|1277|0x00000007c2200000, 0x00000007c2400000, 0x00000007c2400000|100%| O|  |TAMS 0x00000007c2400000| PB 0x00000007c2400000| Untracked 
|1278|0x00000007c2400000, 0x00000007c2600000, 0x00000007c2600000|100%| O|  |TAMS 0x00000007c2600000| PB 0x00000007c2600000| Untracked 
|1279|0x00000007c2600000, 0x00000007c2800000, 0x00000007c2800000|100%| O|  |TAMS 0x00000007c2800000| PB 0x00000007c2800000| Untracked 
|1280|0x00000007c2800000, 0x00000007c2a00000, 0x00000007c2a00000|100%| O|  |TAMS 0x00000007c2a00000| PB 0x00000007c2a00000| Untracked 
|1281|0x00000007c2a00000, 0x00000007c2c00000, 0x00000007c2c00000|100%| O|  |TAMS 0x00000007c2c00000| PB 0x00000007c2c00000| Untracked 
|1282|0x00000007c2c00000, 0x00000007c2e00000, 0x00000007c2e00000|100%| O|  |TAMS 0x00000007c2e00000| PB 0x00000007c2e00000| Updating 
|1283|0x00000007c2e00000, 0x00000007c3000000, 0x00000007c3000000|100%| O|  |TAMS 0x00000007c3000000| PB 0x00000007c3000000| Updating 
|1284|0x00000007c3000000, 0x00000007c3200000, 0x00000007c3200000|100%| O|  |TAMS 0x00000007c3200000| PB 0x00000007c3200000| Updating 
|1285|0x00000007c3200000, 0x00000007c3400000, 0x00000007c3400000|100%| O|  |TAMS 0x00000007c3300000| PB 0x00000007c3300000| Updating 
|1286|0x00000007c3400000, 0x00000007c3600000, 0x00000007c3600000|100%| O|  |TAMS 0x00000007c3400000| PB 0x00000007c3400000| Untracked 
|1287|0x00000007c3600000, 0x00000007c3800000, 0x00000007c3800000|100%| O|  |TAMS 0x00000007c3600000| PB 0x00000007c3600000| Untracked 
|1288|0x00000007c3800000, 0x00000007c3a00000, 0x00000007c3a00000|100%| O|  |TAMS 0x00000007c3800000| PB 0x00000007c3800000| Untracked 
|1289|0x00000007c3a00000, 0x00000007c3c00000, 0x00000007c3c00000|100%| O|  |TAMS 0x00000007c3a00000| PB 0x00000007c3a00000| Untracked 
|1290|0x00000007c3c00000, 0x00000007c3e00000, 0x00000007c3e00000|100%| O|  |TAMS 0x00000007c3c00000| PB 0x00000007c3c00000| Untracked 
|1291|0x00000007c3e00000, 0x00000007c4000000, 0x00000007c4000000|100%| O|  |TAMS 0x00000007c3e00000| PB 0x00000007c3e00000| Untracked 
|1292|0x00000007c4000000, 0x00000007c4200000, 0x00000007c4200000|100%| O|  |TAMS 0x00000007c4000000| PB 0x00000007c4000000| Untracked 
|1293|0x00000007c4200000, 0x00000007c4400000, 0x00000007c4400000|100%| O|  |TAMS 0x00000007c4200000| PB 0x00000007c4200000| Untracked 
|1294|0x00000007c4400000, 0x00000007c4600000, 0x00000007c4600000|100%| O|  |TAMS 0x00000007c4400000| PB 0x00000007c4400000| Untracked 
|1295|0x00000007c4600000, 0x00000007c4800000, 0x00000007c4800000|100%| O|  |TAMS 0x00000007c4600000| PB 0x00000007c4600000| Untracked 
|1296|0x00000007c4800000, 0x00000007c4a00000, 0x00000007c4a00000|100%| O|  |TAMS 0x00000007c4800000| PB 0x00000007c4800000| Untracked 
|1297|0x00000007c4a00000, 0x00000007c4c00000, 0x00000007c4c00000|100%| O|  |TAMS 0x00000007c4a00000| PB 0x00000007c4a00000| Untracked 
|1298|0x00000007c4c00000, 0x00000007c4e00000, 0x00000007c4e00000|100%| O|  |TAMS 0x00000007c4c00000| PB 0x00000007c4c00000| Untracked 
|1299|0x00000007c4e00000, 0x00000007c5000000, 0x00000007c5000000|100%| O|  |TAMS 0x00000007c4e00000| PB 0x00000007c4e00000| Untracked 
|1300|0x00000007c5000000, 0x00000007c5200000, 0x00000007c5200000|100%| O|  |TAMS 0x00000007c5000000| PB 0x00000007c5000000| Untracked 
|1301|0x00000007c5200000, 0x00000007c5400000, 0x00000007c5400000|100%| O|  |TAMS 0x00000007c5200000| PB 0x00000007c5200000| Untracked 
|1302|0x00000007c5400000, 0x00000007c5600000, 0x00000007c5600000|100%| O|  |TAMS 0x00000007c5400000| PB 0x00000007c5400000| Untracked 
|1303|0x00000007c5600000, 0x00000007c5800000, 0x00000007c5800000|100%| O|  |TAMS 0x00000007c5600000| PB 0x00000007c5600000| Untracked 
|1304|0x00000007c5800000, 0x00000007c5a00000, 0x00000007c5a00000|100%| O|  |TAMS 0x00000007c5800000| PB 0x00000007c5800000| Untracked 
|1305|0x00000007c5a00000, 0x00000007c5c00000, 0x00000007c5c00000|100%| O|  |TAMS 0x00000007c5a00000| PB 0x00000007c5a00000| Untracked 
|1306|0x00000007c5c00000, 0x00000007c5e00000, 0x00000007c5e00000|100%| O|  |TAMS 0x00000007c5c00000| PB 0x00000007c5c00000| Untracked 
|1307|0x00000007c5e00000, 0x00000007c6000000, 0x00000007c6000000|100%| O|  |TAMS 0x00000007c5e00000| PB 0x00000007c5e00000| Untracked 
|1308|0x00000007c6000000, 0x00000007c6200000, 0x00000007c6200000|100%| O|  |TAMS 0x00000007c6000000| PB 0x00000007c6000000| Untracked 
|1309|0x00000007c6200000, 0x00000007c6400000, 0x00000007c6400000|100%| O|  |TAMS 0x00000007c6200000| PB 0x00000007c6200000| Untracked 
|1310|0x00000007c6400000, 0x00000007c6600000, 0x00000007c6600000|100%| O|  |TAMS 0x00000007c6400000| PB 0x00000007c6400000| Untracked 
|1311|0x00000007c6600000, 0x00000007c6800000, 0x00000007c6800000|100%| O|  |TAMS 0x00000007c6600000| PB 0x00000007c6600000| Untracked 
|1312|0x00000007c6800000, 0x00000007c6a00000, 0x00000007c6a00000|100%| O|  |TAMS 0x00000007c6800000| PB 0x00000007c6800000| Untracked 
|1313|0x00000007c6a00000, 0x00000007c6c00000, 0x00000007c6c00000|100%| O|  |TAMS 0x00000007c6a00000| PB 0x00000007c6a00000| Untracked 
|1314|0x00000007c6c00000, 0x00000007c6e00000, 0x00000007c6e00000|100%| O|  |TAMS 0x00000007c6c00000| PB 0x00000007c6c00000| Untracked 
|1315|0x00000007c6e00000, 0x00000007c7000000, 0x00000007c7000000|100%| O|  |TAMS 0x00000007c6e00000| PB 0x00000007c6e00000| Untracked 
|1316|0x00000007c7000000, 0x00000007c7200000, 0x00000007c7200000|100%| O|  |TAMS 0x00000007c7000000| PB 0x00000007c7000000| Untracked 
|1317|0x00000007c7200000, 0x00000007c7400000, 0x00000007c7400000|100%| O|  |TAMS 0x00000007c7200000| PB 0x00000007c7200000| Untracked 
|1318|0x00000007c7400000, 0x00000007c7600000, 0x00000007c7600000|100%| O|  |TAMS 0x00000007c7400000| PB 0x00000007c7400000| Untracked 
|1319|0x00000007c7600000, 0x00000007c7800000, 0x00000007c7800000|100%| O|  |TAMS 0x00000007c7600000| PB 0x00000007c7600000| Untracked 
|1320|0x00000007c7800000, 0x00000007c7a00000, 0x00000007c7a00000|100%| O|  |TAMS 0x00000007c7800000| PB 0x00000007c7800000| Untracked 
|1321|0x00000007c7a00000, 0x00000007c7c00000, 0x00000007c7c00000|100%| O|  |TAMS 0x00000007c7a00000| PB 0x00000007c7a00000| Untracked 
|1322|0x00000007c7c00000, 0x00000007c7e00000, 0x00000007c7e00000|100%| O|  |TAMS 0x00000007c7c00000| PB 0x00000007c7c00000| Untracked 
|1323|0x00000007c7e00000, 0x00000007c8000000, 0x00000007c8000000|100%| O|  |TAMS 0x00000007c7e00000| PB 0x00000007c7e00000| Untracked 
|1324|0x00000007c8000000, 0x00000007c8200000, 0x00000007c8200000|100%| O|  |TAMS 0x00000007c8000000| PB 0x00000007c8000000| Untracked 
|1325|0x00000007c8200000, 0x00000007c8400000, 0x00000007c8400000|100%| O|  |TAMS 0x00000007c8200000| PB 0x00000007c8200000| Untracked 
|1326|0x00000007c8400000, 0x00000007c8600000, 0x00000007c8600000|100%| O|  |TAMS 0x00000007c8400000| PB 0x00000007c8400000| Untracked 
|1327|0x00000007c8600000, 0x00000007c8800000, 0x00000007c8800000|100%| O|  |TAMS 0x00000007c8600000| PB 0x00000007c8600000| Untracked 
|1328|0x00000007c8800000, 0x00000007c8a00000, 0x00000007c8a00000|100%| O|  |TAMS 0x00000007c8800000| PB 0x00000007c8800000| Untracked 
|1329|0x00000007c8a00000, 0x00000007c8c00000, 0x00000007c8c00000|100%| O|  |TAMS 0x00000007c8a00000| PB 0x00000007c8a00000| Untracked 
|1330|0x00000007c8c00000, 0x00000007c8e00000, 0x00000007c8e00000|100%| O|  |TAMS 0x00000007c8c00000| PB 0x00000007c8c00000| Untracked 
|1331|0x00000007c8e00000, 0x00000007c9000000, 0x00000007c9000000|100%| O|  |TAMS 0x00000007c8e00000| PB 0x00000007c8e00000| Untracked 
|1332|0x00000007c9000000, 0x00000007c9200000, 0x00000007c9200000|100%| O|  |TAMS 0x00000007c9000000| PB 0x00000007c9000000| Untracked 
|1333|0x00000007c9200000, 0x00000007c9400000, 0x00000007c9400000|100%| O|  |TAMS 0x00000007c9200000| PB 0x00000007c9200000| Untracked 
|1334|0x00000007c9400000, 0x00000007c9600000, 0x00000007c9600000|100%| O|  |TAMS 0x00000007c9400000| PB 0x00000007c9400000| Untracked 
|1335|0x00000007c9600000, 0x00000007c9800000, 0x00000007c9800000|100%| O|  |TAMS 0x00000007c9600000| PB 0x00000007c9600000| Untracked 
|1336|0x00000007c9800000, 0x00000007c9a00000, 0x00000007c9a00000|100%| O|  |TAMS 0x00000007c9800000| PB 0x00000007c9800000| Untracked 
|1337|0x00000007c9a00000, 0x00000007c9c00000, 0x00000007c9c00000|100%| O|  |TAMS 0x00000007c9a00000| PB 0x00000007c9a00000| Untracked 
|1338|0x00000007c9c00000, 0x00000007c9e00000, 0x00000007c9e00000|100%| O|  |TAMS 0x00000007c9c00000| PB 0x00000007c9c00000| Untracked 
|1339|0x00000007c9e00000, 0x00000007ca000000, 0x00000007ca000000|100%| O|  |TAMS 0x00000007c9e00000| PB 0x00000007c9e00000| Untracked 
|1340|0x00000007ca000000, 0x00000007ca200000, 0x00000007ca200000|100%| O|  |TAMS 0x00000007ca000000| PB 0x00000007ca000000| Untracked 
|1341|0x00000007ca200000, 0x00000007ca400000, 0x00000007ca400000|100%| O|  |TAMS 0x00000007ca200000| PB 0x00000007ca200000| Untracked 
|1342|0x00000007ca400000, 0x00000007ca600000, 0x00000007ca600000|100%| O|  |TAMS 0x00000007ca400000| PB 0x00000007ca400000| Untracked 
|1343|0x00000007ca600000, 0x00000007ca800000, 0x00000007ca800000|100%| O|  |TAMS 0x00000007ca600000| PB 0x00000007ca600000| Untracked 
|1344|0x00000007ca800000, 0x00000007caa00000, 0x00000007caa00000|100%| O|  |TAMS 0x00000007ca800000| PB 0x00000007ca800000| Untracked 
|1345|0x00000007caa00000, 0x00000007cac00000, 0x00000007cac00000|100%| O|  |TAMS 0x00000007caa00000| PB 0x00000007caa00000| Untracked 
|1346|0x00000007cac00000, 0x00000007cae00000, 0x00000007cae00000|100%| O|  |TAMS 0x00000007cac00000| PB 0x00000007cac00000| Untracked 
|1347|0x00000007cae00000, 0x00000007cb000000, 0x00000007cb000000|100%| O|  |TAMS 0x00000007cae00000| PB 0x00000007cae00000| Untracked 
|1348|0x00000007cb000000, 0x00000007cb200000, 0x00000007cb200000|100%| O|  |TAMS 0x00000007cb000000| PB 0x00000007cb000000| Untracked 
|1349|0x00000007cb200000, 0x00000007cb400000, 0x00000007cb400000|100%| O|  |TAMS 0x00000007cb200000| PB 0x00000007cb200000| Untracked 
|1350|0x00000007cb400000, 0x00000007cb600000, 0x00000007cb600000|100%| O|  |TAMS 0x00000007cb400000| PB 0x00000007cb400000| Untracked 
|1351|0x00000007cb600000, 0x00000007cb800000, 0x00000007cb800000|100%| O|  |TAMS 0x00000007cb600000| PB 0x00000007cb600000| Untracked 
|1352|0x00000007cb800000, 0x00000007cba00000, 0x00000007cba00000|100%| O|  |TAMS 0x00000007cb800000| PB 0x00000007cb800000| Untracked 
|1353|0x00000007cba00000, 0x00000007cbc00000, 0x00000007cbc00000|100%| O|  |TAMS 0x00000007cba00000| PB 0x00000007cba00000| Untracked 
|1354|0x00000007cbc00000, 0x00000007cbe00000, 0x00000007cbe00000|100%| O|  |TAMS 0x00000007cbc00000| PB 0x00000007cbc00000| Untracked 
|1355|0x00000007cbe00000, 0x00000007cc000000, 0x00000007cc000000|100%| O|  |TAMS 0x00000007cbe00000| PB 0x00000007cbe00000| Untracked 
|1356|0x00000007cc000000, 0x00000007cc200000, 0x00000007cc200000|100%| O|  |TAMS 0x00000007cc000000| PB 0x00000007cc000000| Untracked 
|1357|0x00000007cc200000, 0x00000007cc400000, 0x00000007cc400000|100%| O|  |TAMS 0x00000007cc200000| PB 0x00000007cc200000| Untracked 
|1358|0x00000007cc400000, 0x00000007cc600000, 0x00000007cc600000|100%| O|  |TAMS 0x00000007cc400000| PB 0x00000007cc400000| Untracked 
|1359|0x00000007cc600000, 0x00000007cc800000, 0x00000007cc800000|100%| O|  |TAMS 0x00000007cc600000| PB 0x00000007cc600000| Untracked 
|1360|0x00000007cc800000, 0x00000007cca00000, 0x00000007cca00000|100%| O|  |TAMS 0x00000007cc800000| PB 0x00000007cc800000| Untracked 
|1361|0x00000007cca00000, 0x00000007ccc00000, 0x00000007ccc00000|100%| O|  |TAMS 0x00000007cca00000| PB 0x00000007cca00000| Untracked 
|1362|0x00000007ccc00000, 0x00000007cce00000, 0x00000007cce00000|100%| O|  |TAMS 0x00000007ccc00000| PB 0x00000007ccc00000| Untracked 
|1363|0x00000007cce00000, 0x00000007cd000000, 0x00000007cd000000|100%| O|  |TAMS 0x00000007cce00000| PB 0x00000007cce00000| Untracked 
|1364|0x00000007cd000000, 0x00000007cd200000, 0x00000007cd200000|100%| O|  |TAMS 0x00000007cd000000| PB 0x00000007cd000000| Untracked 
|1365|0x00000007cd200000, 0x00000007cd400000, 0x00000007cd400000|100%| O|  |TAMS 0x00000007cd200000| PB 0x00000007cd200000| Untracked 
|1366|0x00000007cd400000, 0x00000007cd600000, 0x00000007cd600000|100%| O|  |TAMS 0x00000007cd400000| PB 0x00000007cd400000| Untracked 
|1367|0x00000007cd600000, 0x00000007cd800000, 0x00000007cd800000|100%| O|  |TAMS 0x00000007cd600000| PB 0x00000007cd600000| Untracked 
|1368|0x00000007cd800000, 0x00000007cda00000, 0x00000007cda00000|100%| O|  |TAMS 0x00000007cd800000| PB 0x00000007cd800000| Untracked 
|1369|0x00000007cda00000, 0x00000007cdc00000, 0x00000007cdc00000|100%| O|  |TAMS 0x00000007cda00000| PB 0x00000007cda00000| Untracked 
|1370|0x00000007cdc00000, 0x00000007cde00000, 0x00000007cde00000|100%| O|  |TAMS 0x00000007cdc00000| PB 0x00000007cdc00000| Untracked 
|1371|0x00000007cde00000, 0x00000007ce000000, 0x00000007ce000000|100%| O|  |TAMS 0x00000007cde00000| PB 0x00000007cde00000| Untracked 
|1372|0x00000007ce000000, 0x00000007ce200000, 0x00000007ce200000|100%| O|  |TAMS 0x00000007ce000000| PB 0x00000007ce000000| Untracked 
|1373|0x00000007ce200000, 0x00000007ce400000, 0x00000007ce400000|100%| O|  |TAMS 0x00000007ce200000| PB 0x00000007ce200000| Untracked 
|1374|0x00000007ce400000, 0x00000007ce400000, 0x00000007ce600000|  0%| F|  |TAMS 0x00000007ce400000| PB 0x00000007ce400000| Untracked 
|1375|0x00000007ce600000, 0x00000007ce600000, 0x00000007ce800000|  0%| F|  |TAMS 0x00000007ce600000| PB 0x00000007ce600000| Untracked 
|1376|0x00000007ce800000, 0x00000007ce800000, 0x00000007cea00000|  0%| F|  |TAMS 0x00000007ce800000| PB 0x00000007ce800000| Untracked 
|1377|0x00000007cea00000, 0x00000007cea00000, 0x00000007cec00000|  0%| F|  |TAMS 0x00000007cea00000| PB 0x00000007cea00000| Untracked 
|1378|0x00000007cec00000, 0x00000007cec00000, 0x00000007cee00000|  0%| F|  |TAMS 0x00000007cec00000| PB 0x00000007cec00000| Untracked 
|1379|0x00000007cee00000, 0x00000007cee00000, 0x00000007cf000000|  0%| F|  |TAMS 0x00000007cee00000| PB 0x00000007cee00000| Untracked 
|1380|0x00000007cf000000, 0x00000007cf000000, 0x00000007cf200000|  0%| F|  |TAMS 0x00000007cf000000| PB 0x00000007cf000000| Untracked 
|1381|0x00000007cf200000, 0x00000007cf200000, 0x00000007cf400000|  0%| F|  |TAMS 0x00000007cf200000| PB 0x00000007cf200000| Untracked 
|1382|0x00000007cf400000, 0x00000007cf400000, 0x00000007cf600000|  0%| F|  |TAMS 0x00000007cf400000| PB 0x00000007cf400000| Untracked 
|1383|0x00000007cf600000, 0x00000007cf600000, 0x00000007cf800000|  0%| F|  |TAMS 0x00000007cf600000| PB 0x00000007cf600000| Untracked 
|1384|0x00000007cf800000, 0x00000007cf800000, 0x00000007cfa00000|  0%| F|  |TAMS 0x00000007cf800000| PB 0x00000007cf800000| Untracked 
|1385|0x00000007cfa00000, 0x00000007cfa00000, 0x00000007cfc00000|  0%| F|  |TAMS 0x00000007cfa00000| PB 0x00000007cfa00000| Untracked 
|1386|0x00000007cfc00000, 0x00000007cfc00000, 0x00000007cfe00000|  0%| F|  |TAMS 0x00000007cfc00000| PB 0x00000007cfc00000| Untracked 
|1387|0x00000007cfe00000, 0x00000007cfe00000, 0x00000007d0000000|  0%| F|  |TAMS 0x00000007cfe00000| PB 0x00000007cfe00000| Untracked 
|1388|0x00000007d0000000, 0x00000007d0000000, 0x00000007d0200000|  0%| F|  |TAMS 0x00000007d0000000| PB 0x00000007d0000000| Untracked 
|1389|0x00000007d0200000, 0x00000007d0200000, 0x00000007d0400000|  0%| F|  |TAMS 0x00000007d0200000| PB 0x00000007d0200000| Untracked 
|1390|0x00000007d0400000, 0x00000007d0400000, 0x00000007d0600000|  0%| F|  |TAMS 0x00000007d0400000| PB 0x00000007d0400000| Untracked 
|1391|0x00000007d0600000, 0x00000007d0600000, 0x00000007d0800000|  0%| F|  |TAMS 0x00000007d0600000| PB 0x00000007d0600000| Untracked 
|1392|0x00000007d0800000, 0x00000007d0800000, 0x00000007d0a00000|  0%| F|  |TAMS 0x00000007d0800000| PB 0x00000007d0800000| Untracked 
|1393|0x00000007d0a00000, 0x00000007d0a00000, 0x00000007d0c00000|  0%| F|  |TAMS 0x00000007d0a00000| PB 0x00000007d0a00000| Untracked 
|1394|0x00000007d0c00000, 0x00000007d0c00000, 0x00000007d0e00000|  0%| F|  |TAMS 0x00000007d0c00000| PB 0x00000007d0c00000| Untracked 
|1395|0x00000007d0e00000, 0x00000007d0e00000, 0x00000007d1000000|  0%| F|  |TAMS 0x00000007d0e00000| PB 0x00000007d0e00000| Untracked 
|1396|0x00000007d1000000, 0x00000007d1000000, 0x00000007d1200000|  0%| F|  |TAMS 0x00000007d1000000| PB 0x00000007d1000000| Untracked 
|1397|0x00000007d1200000, 0x00000007d1200000, 0x00000007d1400000|  0%| F|  |TAMS 0x00000007d1200000| PB 0x00000007d1200000| Untracked 
|1398|0x00000007d1400000, 0x00000007d1400000, 0x00000007d1600000|  0%| F|  |TAMS 0x00000007d1400000| PB 0x00000007d1400000| Untracked 
|1399|0x00000007d1600000, 0x00000007d1600000, 0x00000007d1800000|  0%| F|  |TAMS 0x00000007d1600000| PB 0x00000007d1600000| Untracked 
|1400|0x00000007d1800000, 0x00000007d1800000, 0x00000007d1a00000|  0%| F|  |TAMS 0x00000007d1800000| PB 0x00000007d1800000| Untracked 
|1401|0x00000007d1a00000, 0x00000007d1a00000, 0x00000007d1c00000|  0%| F|  |TAMS 0x00000007d1a00000| PB 0x00000007d1a00000| Untracked 
|1402|0x00000007d1c00000, 0x00000007d1c00000, 0x00000007d1e00000|  0%| F|  |TAMS 0x00000007d1c00000| PB 0x00000007d1c00000| Untracked 
|1403|0x00000007d1e00000, 0x00000007d1e00000, 0x00000007d2000000|  0%| F|  |TAMS 0x00000007d1e00000| PB 0x00000007d1e00000| Untracked 
|1404|0x00000007d2000000, 0x00000007d2000000, 0x00000007d2200000|  0%| F|  |TAMS 0x00000007d2000000| PB 0x00000007d2000000| Untracked 
|1405|0x00000007d2200000, 0x00000007d2200000, 0x00000007d2400000|  0%| F|  |TAMS 0x00000007d2200000| PB 0x00000007d2200000| Untracked 
|1406|0x00000007d2400000, 0x00000007d2400000, 0x00000007d2600000|  0%| F|  |TAMS 0x00000007d2400000| PB 0x00000007d2400000| Untracked 
|1407|0x00000007d2600000, 0x00000007d2600000, 0x00000007d2800000|  0%| F|  |TAMS 0x00000007d2600000| PB 0x00000007d2600000| Untracked 
|1408|0x00000007d2800000, 0x00000007d2800000, 0x00000007d2a00000|  0%| F|  |TAMS 0x00000007d2800000| PB 0x00000007d2800000| Untracked 
|1409|0x00000007d2a00000, 0x00000007d2a00000, 0x00000007d2c00000|  0%| F|  |TAMS 0x00000007d2a00000| PB 0x00000007d2a00000| Untracked 
|1410|0x00000007d2c00000, 0x00000007d2c00000, 0x00000007d2e00000|  0%| F|  |TAMS 0x00000007d2c00000| PB 0x00000007d2c00000| Untracked 
|1411|0x00000007d2e00000, 0x00000007d2e00000, 0x00000007d3000000|  0%| F|  |TAMS 0x00000007d2e00000| PB 0x00000007d2e00000| Untracked 
|1412|0x00000007d3000000, 0x00000007d3000000, 0x00000007d3200000|  0%| F|  |TAMS 0x00000007d3000000| PB 0x00000007d3000000| Untracked 
|1413|0x00000007d3200000, 0x00000007d3200000, 0x00000007d3400000|  0%| F|  |TAMS 0x00000007d3200000| PB 0x00000007d3200000| Untracked 
|1414|0x00000007d3400000, 0x00000007d3400000, 0x00000007d3600000|  0%| F|  |TAMS 0x00000007d3400000| PB 0x00000007d3400000| Untracked 
|1415|0x00000007d3600000, 0x00000007d3600000, 0x00000007d3800000|  0%| F|  |TAMS 0x00000007d3600000| PB 0x00000007d3600000| Untracked 
|1416|0x00000007d3800000, 0x00000007d3800000, 0x00000007d3a00000|  0%| F|  |TAMS 0x00000007d3800000| PB 0x00000007d3800000| Untracked 
|1417|0x00000007d3a00000, 0x00000007d3a00000, 0x00000007d3c00000|  0%| F|  |TAMS 0x00000007d3a00000| PB 0x00000007d3a00000| Untracked 
|1418|0x00000007d3c00000, 0x00000007d3c00000, 0x00000007d3e00000|  0%| F|  |TAMS 0x00000007d3c00000| PB 0x00000007d3c00000| Untracked 
|1419|0x00000007d3e00000, 0x00000007d3e00000, 0x00000007d4000000|  0%| F|  |TAMS 0x00000007d3e00000| PB 0x00000007d3e00000| Untracked 
|1420|0x00000007d4000000, 0x00000007d4000000, 0x00000007d4200000|  0%| F|  |TAMS 0x00000007d4000000| PB 0x00000007d4000000| Untracked 
|1421|0x00000007d4200000, 0x00000007d4200000, 0x00000007d4400000|  0%| F|  |TAMS 0x00000007d4200000| PB 0x00000007d4200000| Untracked 
|1422|0x00000007d4400000, 0x00000007d4400000, 0x00000007d4600000|  0%| F|  |TAMS 0x00000007d4400000| PB 0x00000007d4400000| Untracked 
|1423|0x00000007d4600000, 0x00000007d4600000, 0x00000007d4800000|  0%| F|  |TAMS 0x00000007d4600000| PB 0x00000007d4600000| Untracked 
|1424|0x00000007d4800000, 0x00000007d4800000, 0x00000007d4a00000|  0%| F|  |TAMS 0x00000007d4800000| PB 0x00000007d4800000| Untracked 
|1425|0x00000007d4a00000, 0x00000007d4a00000, 0x00000007d4c00000|  0%| F|  |TAMS 0x00000007d4a00000| PB 0x00000007d4a00000| Untracked 
|1426|0x00000007d4c00000, 0x00000007d4c00000, 0x00000007d4e00000|  0%| F|  |TAMS 0x00000007d4c00000| PB 0x00000007d4c00000| Untracked 
|1427|0x00000007d4e00000, 0x00000007d4e00000, 0x00000007d5000000|  0%| F|  |TAMS 0x00000007d4e00000| PB 0x00000007d4e00000| Untracked 
|1428|0x00000007d5000000, 0x00000007d5000000, 0x00000007d5200000|  0%| F|  |TAMS 0x00000007d5000000| PB 0x00000007d5000000| Untracked 
|1429|0x00000007d5200000, 0x00000007d5200000, 0x00000007d5400000|  0%| F|  |TAMS 0x00000007d5200000| PB 0x00000007d5200000| Untracked 
|1430|0x00000007d5400000, 0x00000007d5400000, 0x00000007d5600000|  0%| F|  |TAMS 0x00000007d5400000| PB 0x00000007d5400000| Untracked 
|1431|0x00000007d5600000, 0x00000007d5600000, 0x00000007d5800000|  0%| F|  |TAMS 0x00000007d5600000| PB 0x00000007d5600000| Untracked 
|1432|0x00000007d5800000, 0x00000007d5800000, 0x00000007d5a00000|  0%| F|  |TAMS 0x00000007d5800000| PB 0x00000007d5800000| Untracked 
|1433|0x00000007d5a00000, 0x00000007d5a00000, 0x00000007d5c00000|  0%| F|  |TAMS 0x00000007d5a00000| PB 0x00000007d5a00000| Untracked 
|1434|0x00000007d5c00000, 0x00000007d5c00000, 0x00000007d5e00000|  0%| F|  |TAMS 0x00000007d5c00000| PB 0x00000007d5c00000| Untracked 
|1435|0x00000007d5e00000, 0x00000007d5e00000, 0x00000007d6000000|  0%| F|  |TAMS 0x00000007d5e00000| PB 0x00000007d5e00000| Untracked 
|1436|0x00000007d6000000, 0x00000007d6000000, 0x00000007d6200000|  0%| F|  |TAMS 0x00000007d6000000| PB 0x00000007d6000000| Untracked 
|1437|0x00000007d6200000, 0x00000007d6200000, 0x00000007d6400000|  0%| F|  |TAMS 0x00000007d6200000| PB 0x00000007d6200000| Untracked 
|1438|0x00000007d6400000, 0x00000007d6400000, 0x00000007d6600000|  0%| F|  |TAMS 0x00000007d6400000| PB 0x00000007d6400000| Untracked 
|1439|0x00000007d6600000, 0x00000007d6600000, 0x00000007d6800000|  0%| F|  |TAMS 0x00000007d6600000| PB 0x00000007d6600000| Untracked 
|1440|0x00000007d6800000, 0x00000007d6800000, 0x00000007d6a00000|  0%| F|  |TAMS 0x00000007d6800000| PB 0x00000007d6800000| Untracked 
|1441|0x00000007d6a00000, 0x00000007d6a00000, 0x00000007d6c00000|  0%| F|  |TAMS 0x00000007d6a00000| PB 0x00000007d6a00000| Untracked 
|1442|0x00000007d6c00000, 0x00000007d6c00000, 0x00000007d6e00000|  0%| F|  |TAMS 0x00000007d6c00000| PB 0x00000007d6c00000| Untracked 
|1443|0x00000007d6e00000, 0x00000007d6e00000, 0x00000007d7000000|  0%| F|  |TAMS 0x00000007d6e00000| PB 0x00000007d6e00000| Untracked 
|1444|0x00000007d7000000, 0x00000007d7000000, 0x00000007d7200000|  0%| F|  |TAMS 0x00000007d7000000| PB 0x00000007d7000000| Untracked 
|1445|0x00000007d7200000, 0x00000007d7200000, 0x00000007d7400000|  0%| F|  |TAMS 0x00000007d7200000| PB 0x00000007d7200000| Untracked 
|1446|0x00000007d7400000, 0x00000007d7400000, 0x00000007d7600000|  0%| F|  |TAMS 0x00000007d7400000| PB 0x00000007d7400000| Untracked 
|1447|0x00000007d7600000, 0x00000007d7600000, 0x00000007d7800000|  0%| F|  |TAMS 0x00000007d7600000| PB 0x00000007d7600000| Untracked 
|1448|0x00000007d7800000, 0x00000007d7800000, 0x00000007d7a00000|  0%| F|  |TAMS 0x00000007d7800000| PB 0x00000007d7800000| Untracked 
|1449|0x00000007d7a00000, 0x00000007d7a00000, 0x00000007d7c00000|  0%| F|  |TAMS 0x00000007d7a00000| PB 0x00000007d7a00000| Untracked 
|1450|0x00000007d7c00000, 0x00000007d7c00000, 0x00000007d7e00000|  0%| F|  |TAMS 0x00000007d7c00000| PB 0x00000007d7c00000| Untracked 
|1451|0x00000007d7e00000, 0x00000007d7e00000, 0x00000007d8000000|  0%| F|  |TAMS 0x00000007d7e00000| PB 0x00000007d7e00000| Untracked 
|1452|0x00000007d8000000, 0x00000007d8000000, 0x00000007d8200000|  0%| F|  |TAMS 0x00000007d8000000| PB 0x00000007d8000000| Untracked 
|1453|0x00000007d8200000, 0x00000007d8200000, 0x00000007d8400000|  0%| F|  |TAMS 0x00000007d8200000| PB 0x00000007d8200000| Untracked 
|1454|0x00000007d8400000, 0x00000007d8400000, 0x00000007d8600000|  0%| F|  |TAMS 0x00000007d8400000| PB 0x00000007d8400000| Untracked 
|1455|0x00000007d8600000, 0x00000007d8600000, 0x00000007d8800000|  0%| F|  |TAMS 0x00000007d8600000| PB 0x00000007d8600000| Untracked 
|1456|0x00000007d8800000, 0x00000007d8800000, 0x00000007d8a00000|  0%| F|  |TAMS 0x00000007d8800000| PB 0x00000007d8800000| Untracked 
|1457|0x00000007d8a00000, 0x00000007d8a00000, 0x00000007d8c00000|  0%| F|  |TAMS 0x00000007d8a00000| PB 0x00000007d8a00000| Untracked 
|1458|0x00000007d8c00000, 0x00000007d8c00000, 0x00000007d8e00000|  0%| F|  |TAMS 0x00000007d8c00000| PB 0x00000007d8c00000| Untracked 
|1459|0x00000007d8e00000, 0x00000007d8e00000, 0x00000007d9000000|  0%| F|  |TAMS 0x00000007d8e00000| PB 0x00000007d8e00000| Untracked 
|1460|0x00000007d9000000, 0x00000007d9000000, 0x00000007d9200000|  0%| F|  |TAMS 0x00000007d9000000| PB 0x00000007d9000000| Untracked 
|1461|0x00000007d9200000, 0x00000007d9200000, 0x00000007d9400000|  0%| F|  |TAMS 0x00000007d9200000| PB 0x00000007d9200000| Untracked 
|1462|0x00000007d9400000, 0x00000007d9400000, 0x00000007d9600000|  0%| F|  |TAMS 0x00000007d9400000| PB 0x00000007d9400000| Untracked 
|1463|0x00000007d9600000, 0x00000007d9600000, 0x00000007d9800000|  0%| F|  |TAMS 0x00000007d9600000| PB 0x00000007d9600000| Untracked 
|1464|0x00000007d9800000, 0x00000007d9800000, 0x00000007d9a00000|  0%| F|  |TAMS 0x00000007d9800000| PB 0x00000007d9800000| Untracked 
|1465|0x00000007d9a00000, 0x00000007d9a00000, 0x00000007d9c00000|  0%| F|  |TAMS 0x00000007d9a00000| PB 0x00000007d9a00000| Untracked 
|1466|0x00000007d9c00000, 0x00000007d9c00000, 0x00000007d9e00000|  0%| F|  |TAMS 0x00000007d9c00000| PB 0x00000007d9c00000| Untracked 
|1467|0x00000007d9e00000, 0x00000007d9e00000, 0x00000007da000000|  0%| F|  |TAMS 0x00000007d9e00000| PB 0x00000007d9e00000| Untracked 
|1468|0x00000007da000000, 0x00000007da000000, 0x00000007da200000|  0%| F|  |TAMS 0x00000007da000000| PB 0x00000007da000000| Untracked 
|1469|0x00000007da200000, 0x00000007da200000, 0x00000007da400000|  0%| F|  |TAMS 0x00000007da200000| PB 0x00000007da200000| Untracked 
|1470|0x00000007da400000, 0x00000007da400000, 0x00000007da600000|  0%| F|  |TAMS 0x00000007da400000| PB 0x00000007da400000| Untracked 
|1471|0x00000007da600000, 0x00000007da600000, 0x00000007da800000|  0%| F|  |TAMS 0x00000007da600000| PB 0x00000007da600000| Untracked 
|1472|0x00000007da800000, 0x00000007da800000, 0x00000007daa00000|  0%| F|  |TAMS 0x00000007da800000| PB 0x00000007da800000| Untracked 
|1473|0x00000007daa00000, 0x00000007daa00000, 0x00000007dac00000|  0%| F|  |TAMS 0x00000007daa00000| PB 0x00000007daa00000| Untracked 
|1474|0x00000007dac00000, 0x00000007dac00000, 0x00000007dae00000|  0%| F|  |TAMS 0x00000007dac00000| PB 0x00000007dac00000| Untracked 
|1475|0x00000007dae00000, 0x00000007dae00000, 0x00000007db000000|  0%| F|  |TAMS 0x00000007dae00000| PB 0x00000007dae00000| Untracked 
|1476|0x00000007db000000, 0x00000007db000000, 0x00000007db200000|  0%| F|  |TAMS 0x00000007db000000| PB 0x00000007db000000| Untracked 
|1477|0x00000007db200000, 0x00000007db400000, 0x00000007db400000|100%| S|CS|TAMS 0x00000007db200000| PB 0x00000007db200000| Complete 
|1478|0x00000007db400000, 0x00000007db600000, 0x00000007db600000|100%| S|CS|TAMS 0x00000007db400000| PB 0x00000007db400000| Complete 
|1479|0x00000007db600000, 0x00000007db800000, 0x00000007db800000|100%| S|CS|TAMS 0x00000007db600000| PB 0x00000007db600000| Complete 
|1480|0x00000007db800000, 0x00000007dba00000, 0x00000007dba00000|100%| S|CS|TAMS 0x00000007db800000| PB 0x00000007db800000| Complete 
|1481|0x00000007dba00000, 0x00000007dbc00000, 0x00000007dbc00000|100%| S|CS|TAMS 0x00000007dba00000| PB 0x00000007dba00000| Complete 
|1482|0x00000007dbc00000, 0x00000007dbe00000, 0x00000007dbe00000|100%| S|CS|TAMS 0x00000007dbc00000| PB 0x00000007dbc00000| Complete 
|1483|0x00000007dbe00000, 0x00000007dc000000, 0x00000007dc000000|100%| S|CS|TAMS 0x00000007dbe00000| PB 0x00000007dbe00000| Complete 
|1484|0x00000007dc000000, 0x00000007dc200000, 0x00000007dc200000|100%| S|CS|TAMS 0x00000007dc000000| PB 0x00000007dc000000| Complete 
|1485|0x00000007dc200000, 0x00000007dc400000, 0x00000007dc400000|100%| S|CS|TAMS 0x00000007dc200000| PB 0x00000007dc200000| Complete 
|1486|0x00000007dc400000, 0x00000007dc600000, 0x00000007dc600000|100%| S|CS|TAMS 0x00000007dc400000| PB 0x00000007dc400000| Complete 
|1487|0x00000007dc600000, 0x00000007dc800000, 0x00000007dc800000|100%| S|CS|TAMS 0x00000007dc600000| PB 0x00000007dc600000| Complete 
|1488|0x00000007dc800000, 0x00000007dca00000, 0x00000007dca00000|100%| S|CS|TAMS 0x00000007dc800000| PB 0x00000007dc800000| Complete 
|1489|0x00000007dca00000, 0x00000007dcc00000, 0x00000007dcc00000|100%| S|CS|TAMS 0x00000007dca00000| PB 0x00000007dca00000| Complete 
|1490|0x00000007dcc00000, 0x00000007dce00000, 0x00000007dce00000|100%| S|CS|TAMS 0x00000007dcc00000| PB 0x00000007dcc00000| Complete 
|1491|0x00000007dce00000, 0x00000007dd000000, 0x00000007dd000000|100%| S|CS|TAMS 0x00000007dce00000| PB 0x00000007dce00000| Complete 
|1492|0x00000007dd000000, 0x00000007dd200000, 0x00000007dd200000|100%| S|CS|TAMS 0x00000007dd000000| PB 0x00000007dd000000| Complete 
|1493|0x00000007dd200000, 0x00000007dd400000, 0x00000007dd400000|100%| S|CS|TAMS 0x00000007dd200000| PB 0x00000007dd200000| Complete 
|1494|0x00000007dd400000, 0x00000007dd600000, 0x00000007dd600000|100%| S|CS|TAMS 0x00000007dd400000| PB 0x00000007dd400000| Complete 
|1495|0x00000007dd600000, 0x00000007dd800000, 0x00000007dd800000|100%| S|CS|TAMS 0x00000007dd600000| PB 0x00000007dd600000| Complete 
|1496|0x00000007dd800000, 0x00000007dda00000, 0x00000007dda00000|100%| S|CS|TAMS 0x00000007dd800000| PB 0x00000007dd800000| Complete 
|1497|0x00000007dda00000, 0x00000007ddc00000, 0x00000007ddc00000|100%| S|CS|TAMS 0x00000007dda00000| PB 0x00000007dda00000| Complete 
|1498|0x00000007ddc00000, 0x00000007ddc00000, 0x00000007dde00000|  0%| F|  |TAMS 0x00000007ddc00000| PB 0x00000007ddc00000| Untracked 
|1499|0x00000007dde00000, 0x00000007dde00000, 0x00000007de000000|  0%| F|  |TAMS 0x00000007dde00000| PB 0x00000007dde00000| Untracked 
|1500|0x00000007de000000, 0x00000007de000000, 0x00000007de200000|  0%| F|  |TAMS 0x00000007de000000| PB 0x00000007de000000| Untracked 
|1501|0x00000007de200000, 0x00000007de200000, 0x00000007de400000|  0%| F|  |TAMS 0x00000007de200000| PB 0x00000007de200000| Untracked 
|1502|0x00000007de400000, 0x00000007de400000, 0x00000007de600000|  0%| F|  |TAMS 0x00000007de400000| PB 0x00000007de400000| Untracked 
|1503|0x00000007de600000, 0x00000007de600000, 0x00000007de800000|  0%| F|  |TAMS 0x00000007de600000| PB 0x00000007de600000| Untracked 
|1504|0x00000007de800000, 0x00000007de800000, 0x00000007dea00000|  0%| F|  |TAMS 0x00000007de800000| PB 0x00000007de800000| Untracked 
|1505|0x00000007dea00000, 0x00000007dea00000, 0x00000007dec00000|  0%| F|  |TAMS 0x00000007dea00000| PB 0x00000007dea00000| Untracked 
|1506|0x00000007dec00000, 0x00000007dec00000, 0x00000007dee00000|  0%| F|  |TAMS 0x00000007dec00000| PB 0x00000007dec00000| Untracked 
|1507|0x00000007dee00000, 0x00000007dee00000, 0x00000007df000000|  0%| F|  |TAMS 0x00000007dee00000| PB 0x00000007dee00000| Untracked 
|1508|0x00000007df000000, 0x00000007df000000, 0x00000007df200000|  0%| F|  |TAMS 0x00000007df000000| PB 0x00000007df000000| Untracked 
|1509|0x00000007df200000, 0x00000007df200000, 0x00000007df400000|  0%| F|  |TAMS 0x00000007df200000| PB 0x00000007df200000| Untracked 
|1510|0x00000007df400000, 0x00000007df400000, 0x00000007df600000|  0%| F|  |TAMS 0x00000007df400000| PB 0x00000007df400000| Untracked 
|1511|0x00000007df600000, 0x00000007df600000, 0x00000007df800000|  0%| F|  |TAMS 0x00000007df600000| PB 0x00000007df600000| Untracked 
|1512|0x00000007df800000, 0x00000007df800000, 0x00000007dfa00000|  0%| F|  |TAMS 0x00000007df800000| PB 0x00000007df800000| Untracked 
|1513|0x00000007dfa00000, 0x00000007dfa00000, 0x00000007dfc00000|  0%| F|  |TAMS 0x00000007dfa00000| PB 0x00000007dfa00000| Untracked 
|1514|0x00000007dfc00000, 0x00000007dfc00000, 0x00000007dfe00000|  0%| F|  |TAMS 0x00000007dfc00000| PB 0x00000007dfc00000| Untracked 
|1515|0x00000007dfe00000, 0x00000007dfe00000, 0x00000007e0000000|  0%| F|  |TAMS 0x00000007dfe00000| PB 0x00000007dfe00000| Untracked 
|1516|0x00000007e0000000, 0x00000007e0000000, 0x00000007e0200000|  0%| F|  |TAMS 0x00000007e0000000| PB 0x00000007e0000000| Untracked 
|1517|0x00000007e0200000, 0x00000007e0200000, 0x00000007e0400000|  0%| F|  |TAMS 0x00000007e0200000| PB 0x00000007e0200000| Untracked 
|1518|0x00000007e0400000, 0x00000007e0400000, 0x00000007e0600000|  0%| F|  |TAMS 0x00000007e0400000| PB 0x00000007e0400000| Untracked 
|1519|0x00000007e0600000, 0x00000007e0600000, 0x00000007e0800000|  0%| F|  |TAMS 0x00000007e0600000| PB 0x00000007e0600000| Untracked 
|1520|0x00000007e0800000, 0x00000007e0800000, 0x00000007e0a00000|  0%| F|  |TAMS 0x00000007e0800000| PB 0x00000007e0800000| Untracked 
|1521|0x00000007e0a00000, 0x00000007e0a00000, 0x00000007e0c00000|  0%| F|  |TAMS 0x00000007e0a00000| PB 0x00000007e0a00000| Untracked 
|1522|0x00000007e0c00000, 0x00000007e0c00000, 0x00000007e0e00000|  0%| F|  |TAMS 0x00000007e0c00000| PB 0x00000007e0c00000| Untracked 
|1523|0x00000007e0e00000, 0x00000007e0e00000, 0x00000007e1000000|  0%| F|  |TAMS 0x00000007e0e00000| PB 0x00000007e0e00000| Untracked 
|1524|0x00000007e1000000, 0x00000007e1000000, 0x00000007e1200000|  0%| F|  |TAMS 0x00000007e1000000| PB 0x00000007e1000000| Untracked 
|1525|0x00000007e1200000, 0x00000007e1200000, 0x00000007e1400000|  0%| F|  |TAMS 0x00000007e1200000| PB 0x00000007e1200000| Untracked 
|1526|0x00000007e1400000, 0x00000007e1400000, 0x00000007e1600000|  0%| F|  |TAMS 0x00000007e1400000| PB 0x00000007e1400000| Untracked 
|1527|0x00000007e1600000, 0x00000007e1600000, 0x00000007e1800000|  0%| F|  |TAMS 0x00000007e1600000| PB 0x00000007e1600000| Untracked 
|1528|0x00000007e1800000, 0x00000007e1800000, 0x00000007e1a00000|  0%| F|  |TAMS 0x00000007e1800000| PB 0x00000007e1800000| Untracked 
|1529|0x00000007e1a00000, 0x00000007e1a00000, 0x00000007e1c00000|  0%| F|  |TAMS 0x00000007e1a00000| PB 0x00000007e1a00000| Untracked 
|1530|0x00000007e1c00000, 0x00000007e1c00000, 0x00000007e1e00000|  0%| F|  |TAMS 0x00000007e1c00000| PB 0x00000007e1c00000| Untracked 
|1531|0x00000007e1e00000, 0x00000007e1e00000, 0x00000007e2000000|  0%| F|  |TAMS 0x00000007e1e00000| PB 0x00000007e1e00000| Untracked 
|1532|0x00000007e2000000, 0x00000007e2000000, 0x00000007e2200000|  0%| F|  |TAMS 0x00000007e2000000| PB 0x00000007e2000000| Untracked 
|1533|0x00000007e2200000, 0x00000007e2200000, 0x00000007e2400000|  0%| F|  |TAMS 0x00000007e2200000| PB 0x00000007e2200000| Untracked 
|1534|0x00000007e2400000, 0x00000007e2400000, 0x00000007e2600000|  0%| F|  |TAMS 0x00000007e2400000| PB 0x00000007e2400000| Untracked 
|1535|0x00000007e2600000, 0x00000007e2600000, 0x00000007e2800000|  0%| F|  |TAMS 0x00000007e2600000| PB 0x00000007e2600000| Untracked 
|1536|0x00000007e2800000, 0x00000007e2800000, 0x00000007e2a00000|  0%| F|  |TAMS 0x00000007e2800000| PB 0x00000007e2800000| Untracked 
|1537|0x00000007e2a00000, 0x00000007e2a00000, 0x00000007e2c00000|  0%| F|  |TAMS 0x00000007e2a00000| PB 0x00000007e2a00000| Untracked 
|1538|0x00000007e2c00000, 0x00000007e2e00000, 0x00000007e2e00000|100%| E|  |TAMS 0x00000007e2c00000| PB 0x00000007e2c00000| Complete 
|1539|0x00000007e2e00000, 0x00000007e3000000, 0x00000007e3000000|100%| E|CS|TAMS 0x00000007e2e00000| PB 0x00000007e2e00000| Complete 
|1540|0x00000007e3000000, 0x00000007e3200000, 0x00000007e3200000|100%| E|CS|TAMS 0x00000007e3000000| PB 0x00000007e3000000| Complete 
|1541|0x00000007e3200000, 0x00000007e3400000, 0x00000007e3400000|100%| E|CS|TAMS 0x00000007e3200000| PB 0x00000007e3200000| Complete 
|1542|0x00000007e3400000, 0x00000007e3600000, 0x00000007e3600000|100%| E|CS|TAMS 0x00000007e3400000| PB 0x00000007e3400000| Complete 
|1543|0x00000007e3600000, 0x00000007e3800000, 0x00000007e3800000|100%| E|CS|TAMS 0x00000007e3600000| PB 0x00000007e3600000| Complete 
|1544|0x00000007e3800000, 0x00000007e3a00000, 0x00000007e3a00000|100%| E|CS|TAMS 0x00000007e3800000| PB 0x00000007e3800000| Complete 
|1545|0x00000007e3a00000, 0x00000007e3c00000, 0x00000007e3c00000|100%| E|CS|TAMS 0x00000007e3a00000| PB 0x00000007e3a00000| Complete 
|1546|0x00000007e3c00000, 0x00000007e3e00000, 0x00000007e3e00000|100%| E|CS|TAMS 0x00000007e3c00000| PB 0x00000007e3c00000| Complete 
|1547|0x00000007e3e00000, 0x00000007e4000000, 0x00000007e4000000|100%| E|CS|TAMS 0x00000007e3e00000| PB 0x00000007e3e00000| Complete 
|1548|0x00000007e4000000, 0x00000007e4200000, 0x00000007e4200000|100%| E|CS|TAMS 0x00000007e4000000| PB 0x00000007e4000000| Complete 
|1549|0x00000007e4200000, 0x00000007e4400000, 0x00000007e4400000|100%| E|CS|TAMS 0x00000007e4200000| PB 0x00000007e4200000| Complete 
|1550|0x00000007e4400000, 0x00000007e4600000, 0x00000007e4600000|100%| E|CS|TAMS 0x00000007e4400000| PB 0x00000007e4400000| Complete 
|1551|0x00000007e4600000, 0x00000007e4800000, 0x00000007e4800000|100%| E|CS|TAMS 0x00000007e4600000| PB 0x00000007e4600000| Complete 
|1552|0x00000007e4800000, 0x00000007e4a00000, 0x00000007e4a00000|100%| E|CS|TAMS 0x00000007e4800000| PB 0x00000007e4800000| Complete 
|1553|0x00000007e4a00000, 0x00000007e4c00000, 0x00000007e4c00000|100%| E|CS|TAMS 0x00000007e4a00000| PB 0x00000007e4a00000| Complete 
|1554|0x00000007e4c00000, 0x00000007e4e00000, 0x00000007e4e00000|100%| E|CS|TAMS 0x00000007e4c00000| PB 0x00000007e4c00000| Complete 
|1555|0x00000007e4e00000, 0x00000007e5000000, 0x00000007e5000000|100%| E|CS|TAMS 0x00000007e4e00000| PB 0x00000007e4e00000| Complete 
|1556|0x00000007e5000000, 0x00000007e5200000, 0x00000007e5200000|100%| E|CS|TAMS 0x00000007e5000000| PB 0x00000007e5000000| Complete 
|1557|0x00000007e5200000, 0x00000007e5400000, 0x00000007e5400000|100%| E|CS|TAMS 0x00000007e5200000| PB 0x00000007e5200000| Complete 
|1558|0x00000007e5400000, 0x00000007e5600000, 0x00000007e5600000|100%| E|CS|TAMS 0x00000007e5400000| PB 0x00000007e5400000| Complete 
|1559|0x00000007e5600000, 0x00000007e5800000, 0x00000007e5800000|100%| E|CS|TAMS 0x00000007e5600000| PB 0x00000007e5600000| Complete 
|1560|0x00000007e5800000, 0x00000007e5a00000, 0x00000007e5a00000|100%| E|CS|TAMS 0x00000007e5800000| PB 0x00000007e5800000| Complete 
|1561|0x00000007e5a00000, 0x00000007e5c00000, 0x00000007e5c00000|100%| E|CS|TAMS 0x00000007e5a00000| PB 0x00000007e5a00000| Complete 
|1562|0x00000007e5c00000, 0x00000007e5e00000, 0x00000007e5e00000|100%| E|CS|TAMS 0x00000007e5c00000| PB 0x00000007e5c00000| Complete 
|1563|0x00000007e5e00000, 0x00000007e6000000, 0x00000007e6000000|100%| E|CS|TAMS 0x00000007e5e00000| PB 0x00000007e5e00000| Complete 
|1564|0x00000007e6000000, 0x00000007e6200000, 0x00000007e6200000|100%| E|CS|TAMS 0x00000007e6000000| PB 0x00000007e6000000| Complete 
|1565|0x00000007e6200000, 0x00000007e6400000, 0x00000007e6400000|100%| E|CS|TAMS 0x00000007e6200000| PB 0x00000007e6200000| Complete 
|1566|0x00000007e6400000, 0x00000007e6600000, 0x00000007e6600000|100%| E|CS|TAMS 0x00000007e6400000| PB 0x00000007e6400000| Complete 
|1567|0x00000007e6600000, 0x00000007e6800000, 0x00000007e6800000|100%| E|CS|TAMS 0x00000007e6600000| PB 0x00000007e6600000| Complete 
|1568|0x00000007e6800000, 0x00000007e6a00000, 0x00000007e6a00000|100%| E|CS|TAMS 0x00000007e6800000| PB 0x00000007e6800000| Complete 
|1569|0x00000007e6a00000, 0x00000007e6c00000, 0x00000007e6c00000|100%| E|CS|TAMS 0x00000007e6a00000| PB 0x00000007e6a00000| Complete 
|1570|0x00000007e6c00000, 0x00000007e6e00000, 0x00000007e6e00000|100%| E|CS|TAMS 0x00000007e6c00000| PB 0x00000007e6c00000| Complete 
|1571|0x00000007e6e00000, 0x00000007e7000000, 0x00000007e7000000|100%| E|CS|TAMS 0x00000007e6e00000| PB 0x00000007e6e00000| Complete 
|1572|0x00000007e7000000, 0x00000007e7200000, 0x00000007e7200000|100%| E|CS|TAMS 0x00000007e7000000| PB 0x00000007e7000000| Complete 
|1573|0x00000007e7200000, 0x00000007e7400000, 0x00000007e7400000|100%| E|CS|TAMS 0x00000007e7200000| PB 0x00000007e7200000| Complete 
|1574|0x00000007e7400000, 0x00000007e7600000, 0x00000007e7600000|100%| E|CS|TAMS 0x00000007e7400000| PB 0x00000007e7400000| Complete 
|1575|0x00000007e7600000, 0x00000007e7800000, 0x00000007e7800000|100%| E|CS|TAMS 0x00000007e7600000| PB 0x00000007e7600000| Complete 
|1576|0x00000007e7800000, 0x00000007e7a00000, 0x00000007e7a00000|100%| E|CS|TAMS 0x00000007e7800000| PB 0x00000007e7800000| Complete 
|1577|0x00000007e7a00000, 0x00000007e7c00000, 0x00000007e7c00000|100%| E|CS|TAMS 0x00000007e7a00000| PB 0x00000007e7a00000| Complete 
|1578|0x00000007e7c00000, 0x00000007e7e00000, 0x00000007e7e00000|100%| E|CS|TAMS 0x00000007e7c00000| PB 0x00000007e7c00000| Complete 
|1579|0x00000007e7e00000, 0x00000007e8000000, 0x00000007e8000000|100%| E|CS|TAMS 0x00000007e7e00000| PB 0x00000007e7e00000| Complete 
|1580|0x00000007e8000000, 0x00000007e8200000, 0x00000007e8200000|100%| E|CS|TAMS 0x00000007e8000000| PB 0x00000007e8000000| Complete 
|1581|0x00000007e8200000, 0x00000007e8400000, 0x00000007e8400000|100%| E|CS|TAMS 0x00000007e8200000| PB 0x00000007e8200000| Complete 
|1582|0x00000007e8400000, 0x00000007e8600000, 0x00000007e8600000|100%| E|CS|TAMS 0x00000007e8400000| PB 0x00000007e8400000| Complete 
|1583|0x00000007e8600000, 0x00000007e8800000, 0x00000007e8800000|100%| E|CS|TAMS 0x00000007e8600000| PB 0x00000007e8600000| Complete 
|1584|0x00000007e8800000, 0x00000007e8a00000, 0x00000007e8a00000|100%| E|CS|TAMS 0x00000007e8800000| PB 0x00000007e8800000| Complete 
|1585|0x00000007e8a00000, 0x00000007e8c00000, 0x00000007e8c00000|100%| E|CS|TAMS 0x00000007e8a00000| PB 0x00000007e8a00000| Complete 
|1586|0x00000007e8c00000, 0x00000007e8e00000, 0x00000007e8e00000|100%| E|CS|TAMS 0x00000007e8c00000| PB 0x00000007e8c00000| Complete 
|1587|0x00000007e8e00000, 0x00000007e9000000, 0x00000007e9000000|100%| E|CS|TAMS 0x00000007e8e00000| PB 0x00000007e8e00000| Complete 
|1588|0x00000007e9000000, 0x00000007e9200000, 0x00000007e9200000|100%| E|CS|TAMS 0x00000007e9000000| PB 0x00000007e9000000| Complete 
|1589|0x00000007e9200000, 0x00000007e9400000, 0x00000007e9400000|100%| E|CS|TAMS 0x00000007e9200000| PB 0x00000007e9200000| Complete 
|1590|0x00000007e9400000, 0x00000007e9600000, 0x00000007e9600000|100%| E|CS|TAMS 0x00000007e9400000| PB 0x00000007e9400000| Complete 
|1591|0x00000007e9600000, 0x00000007e9800000, 0x00000007e9800000|100%| E|CS|TAMS 0x00000007e9600000| PB 0x00000007e9600000| Complete 
|1592|0x00000007e9800000, 0x00000007e9a00000, 0x00000007e9a00000|100%| E|CS|TAMS 0x00000007e9800000| PB 0x00000007e9800000| Complete 
|1593|0x00000007e9a00000, 0x00000007e9c00000, 0x00000007e9c00000|100%| E|CS|TAMS 0x00000007e9a00000| PB 0x00000007e9a00000| Complete 
|1594|0x00000007e9c00000, 0x00000007e9e00000, 0x00000007e9e00000|100%| E|CS|TAMS 0x00000007e9c00000| PB 0x00000007e9c00000| Complete 
|1595|0x00000007e9e00000, 0x00000007ea000000, 0x00000007ea000000|100%| E|CS|TAMS 0x00000007e9e00000| PB 0x00000007e9e00000| Complete 
|1596|0x00000007ea000000, 0x00000007ea200000, 0x00000007ea200000|100%| E|CS|TAMS 0x00000007ea000000| PB 0x00000007ea000000| Complete 
|1597|0x00000007ea200000, 0x00000007ea400000, 0x00000007ea400000|100%| E|CS|TAMS 0x00000007ea200000| PB 0x00000007ea200000| Complete 
|1598|0x00000007ea400000, 0x00000007ea600000, 0x00000007ea600000|100%| E|CS|TAMS 0x00000007ea400000| PB 0x00000007ea400000| Complete 
|1599|0x00000007ea600000, 0x00000007ea800000, 0x00000007ea800000|100%| E|CS|TAMS 0x00000007ea600000| PB 0x00000007ea600000| Complete 
|1600|0x00000007ea800000, 0x00000007eaa00000, 0x00000007eaa00000|100%| E|CS|TAMS 0x00000007ea800000| PB 0x00000007ea800000| Complete 
|1601|0x00000007eaa00000, 0x00000007eac00000, 0x00000007eac00000|100%| E|CS|TAMS 0x00000007eaa00000| PB 0x00000007eaa00000| Complete 
|1602|0x00000007eac00000, 0x00000007eae00000, 0x00000007eae00000|100%| E|CS|TAMS 0x00000007eac00000| PB 0x00000007eac00000| Complete 
|1603|0x00000007eae00000, 0x00000007eb000000, 0x00000007eb000000|100%| E|CS|TAMS 0x00000007eae00000| PB 0x00000007eae00000| Complete 
|1604|0x00000007eb000000, 0x00000007eb200000, 0x00000007eb200000|100%| E|CS|TAMS 0x00000007eb000000| PB 0x00000007eb000000| Complete 
|1605|0x00000007eb200000, 0x00000007eb400000, 0x00000007eb400000|100%| E|CS|TAMS 0x00000007eb200000| PB 0x00000007eb200000| Complete 
|1606|0x00000007eb400000, 0x00000007eb600000, 0x00000007eb600000|100%| E|CS|TAMS 0x00000007eb400000| PB 0x00000007eb400000| Complete 
|1607|0x00000007eb600000, 0x00000007eb800000, 0x00000007eb800000|100%| E|CS|TAMS 0x00000007eb600000| PB 0x00000007eb600000| Complete 
|1608|0x00000007eb800000, 0x00000007eba00000, 0x00000007eba00000|100%| E|CS|TAMS 0x00000007eb800000| PB 0x00000007eb800000| Complete 
|1609|0x00000007eba00000, 0x00000007ebc00000, 0x00000007ebc00000|100%| E|CS|TAMS 0x00000007eba00000| PB 0x00000007eba00000| Complete 
|1610|0x00000007ebc00000, 0x00000007ebe00000, 0x00000007ebe00000|100%| E|CS|TAMS 0x00000007ebc00000| PB 0x00000007ebc00000| Complete 
|1611|0x00000007ebe00000, 0x00000007ec000000, 0x00000007ec000000|100%| E|CS|TAMS 0x00000007ebe00000| PB 0x00000007ebe00000| Complete 
|1612|0x00000007ec000000, 0x00000007ec200000, 0x00000007ec200000|100%| E|CS|TAMS 0x00000007ec000000| PB 0x00000007ec000000| Complete 
|1613|0x00000007ec200000, 0x00000007ec400000, 0x00000007ec400000|100%| E|CS|TAMS 0x00000007ec200000| PB 0x00000007ec200000| Complete 
|1614|0x00000007ec400000, 0x00000007ec600000, 0x00000007ec600000|100%| E|CS|TAMS 0x00000007ec400000| PB 0x00000007ec400000| Complete 
|1615|0x00000007ec600000, 0x00000007ec800000, 0x00000007ec800000|100%| E|CS|TAMS 0x00000007ec600000| PB 0x00000007ec600000| Complete 
|1616|0x00000007ec800000, 0x00000007eca00000, 0x00000007eca00000|100%| E|CS|TAMS 0x00000007ec800000| PB 0x00000007ec800000| Complete 
|1617|0x00000007eca00000, 0x00000007ecc00000, 0x00000007ecc00000|100%| E|CS|TAMS 0x00000007eca00000| PB 0x00000007eca00000| Complete 
|1618|0x00000007ecc00000, 0x00000007ece00000, 0x00000007ece00000|100%| E|CS|TAMS 0x00000007ecc00000| PB 0x00000007ecc00000| Complete 
|1619|0x00000007ece00000, 0x00000007ed000000, 0x00000007ed000000|100%| E|CS|TAMS 0x00000007ece00000| PB 0x00000007ece00000| Complete 
|1620|0x00000007ed000000, 0x00000007ed200000, 0x00000007ed200000|100%| E|CS|TAMS 0x00000007ed000000| PB 0x00000007ed000000| Complete 
|1621|0x00000007ed200000, 0x00000007ed400000, 0x00000007ed400000|100%| E|CS|TAMS 0x00000007ed200000| PB 0x00000007ed200000| Complete 
|1622|0x00000007ed400000, 0x00000007ed600000, 0x00000007ed600000|100%| E|CS|TAMS 0x00000007ed400000| PB 0x00000007ed400000| Complete 
|1623|0x00000007ed600000, 0x00000007ed800000, 0x00000007ed800000|100%| E|CS|TAMS 0x00000007ed600000| PB 0x00000007ed600000| Complete 
|1624|0x00000007ed800000, 0x00000007eda00000, 0x00000007eda00000|100%| E|CS|TAMS 0x00000007ed800000| PB 0x00000007ed800000| Complete 
|1625|0x00000007eda00000, 0x00000007edc00000, 0x00000007edc00000|100%| E|CS|TAMS 0x00000007eda00000| PB 0x00000007eda00000| Complete 
|1626|0x00000007edc00000, 0x00000007ede00000, 0x00000007ede00000|100%| E|CS|TAMS 0x00000007edc00000| PB 0x00000007edc00000| Complete 
|1627|0x00000007ede00000, 0x00000007ee000000, 0x00000007ee000000|100%| E|CS|TAMS 0x00000007ede00000| PB 0x00000007ede00000| Complete 
|1628|0x00000007ee000000, 0x00000007ee200000, 0x00000007ee200000|100%| E|CS|TAMS 0x00000007ee000000| PB 0x00000007ee000000| Complete 
|1629|0x00000007ee200000, 0x00000007ee400000, 0x00000007ee400000|100%| E|CS|TAMS 0x00000007ee200000| PB 0x00000007ee200000| Complete 
|1630|0x00000007ee400000, 0x00000007ee600000, 0x00000007ee600000|100%| E|CS|TAMS 0x00000007ee400000| PB 0x00000007ee400000| Complete 
|1744|0x00000007fc800000, 0x00000007fca00000, 0x00000007fca00000|100%| O|  |TAMS 0x00000007fca00000| PB 0x00000007fca00000| Updating 
|1745|0x00000007fca00000, 0x00000007fcc00000, 0x00000007fcc00000|100%| O|  |TAMS 0x00000007fcc00000| PB 0x00000007fcc00000| Updating 
|1746|0x00000007fcc00000, 0x00000007fce00000, 0x00000007fce00000|100%| O|  |TAMS 0x00000007fce00000| PB 0x00000007fce00000| Updating 
|1747|0x00000007fce00000, 0x00000007fd000000, 0x00000007fd000000|100%| O|  |TAMS 0x00000007fd000000| PB 0x00000007fd000000| Updating 
|1748|0x00000007fd000000, 0x00000007fd200000, 0x00000007fd200000|100%| O|  |TAMS 0x00000007fd200000| PB 0x00000007fd200000| Untracked 
|1749|0x00000007fd200000, 0x00000007fd400000, 0x00000007fd400000|100%| O|  |TAMS 0x00000007fd400000| PB 0x00000007fd400000| Untracked 
|1750|0x00000007fd400000, 0x00000007fd600000, 0x00000007fd600000|100%| O|  |TAMS 0x00000007fd600000| PB 0x00000007fd600000| Untracked 
|1751|0x00000007fd600000, 0x00000007fd800000, 0x00000007fd800000|100%| O|  |TAMS 0x00000007fd800000| PB 0x00000007fd800000| Untracked 
|1752|0x00000007fd800000, 0x00000007fda00000, 0x00000007fda00000|100%| O|  |TAMS 0x00000007fda00000| PB 0x00000007fda00000| Untracked 
|1753|0x00000007fda00000, 0x00000007fdc00000, 0x00000007fdc00000|100%| O|  |TAMS 0x00000007fdc00000| PB 0x00000007fdc00000| Untracked 
|1754|0x00000007fdc00000, 0x00000007fde00000, 0x00000007fde00000|100%| O|  |TAMS 0x00000007fde00000| PB 0x00000007fde00000| Untracked 
|1755|0x00000007fde00000, 0x00000007fe000000, 0x00000007fe000000|100%| O|  |TAMS 0x00000007fe000000| PB 0x00000007fe000000| Untracked 
|1756|0x00000007fe000000, 0x00000007fe200000, 0x00000007fe200000|100%| O|  |TAMS 0x00000007fe200000| PB 0x00000007fe200000| Untracked 
|1757|0x00000007fe200000, 0x00000007fe400000, 0x00000007fe400000|100%| O|  |TAMS 0x00000007fe400000| PB 0x00000007fe400000| Untracked 
|1758|0x00000007fe400000, 0x00000007fe600000, 0x00000007fe600000|100%| O|  |TAMS 0x00000007fe600000| PB 0x00000007fe600000| Untracked 
|1759|0x00000007fe600000, 0x00000007fe800000, 0x00000007fe800000|100%| O|  |TAMS 0x00000007fe800000| PB 0x00000007fe800000| Untracked 
|1760|0x00000007fe800000, 0x00000007fea00000, 0x00000007fea00000|100%| O|  |TAMS 0x00000007fea00000| PB 0x00000007fea00000| Untracked 
|1761|0x00000007fea00000, 0x00000007fec00000, 0x00000007fec00000|100%| O|  |TAMS 0x00000007fec00000| PB 0x00000007fec00000| Untracked 
|1762|0x00000007fec00000, 0x00000007fee00000, 0x00000007fee00000|100%| O|  |TAMS 0x00000007fee00000| PB 0x00000007fee00000| Untracked 
|1763|0x00000007fee00000, 0x00000007ff000000, 0x00000007ff000000|100%| O|  |TAMS 0x00000007ff000000| PB 0x00000007ff000000| Untracked 
|1764|0x00000007ff000000, 0x00000007ff200000, 0x00000007ff200000|100%| O|  |TAMS 0x00000007ff200000| PB 0x00000007ff200000| Untracked 
|1765|0x00000007ff200000, 0x00000007ff400000, 0x00000007ff400000|100%| O|  |TAMS 0x00000007ff400000| PB 0x00000007ff400000| Untracked 
|1766|0x00000007ff400000, 0x00000007ff600000, 0x00000007ff600000|100%| O|  |TAMS 0x00000007ff600000| PB 0x00000007ff600000| Untracked 
|1767|0x00000007ff600000, 0x00000007ff800000, 0x00000007ff800000|100%| O|  |TAMS 0x00000007ff800000| PB 0x00000007ff800000| Untracked 
|1768|0x00000007ff800000, 0x00000007ffa00000, 0x00000007ffa00000|100%| O|  |TAMS 0x00000007ffa00000| PB 0x00000007ffa00000| Untracked 
|1769|0x00000007ffa00000, 0x00000007ffc00000, 0x00000007ffc00000|100%| O|  |TAMS 0x00000007ffc00000| PB 0x00000007ffc00000| Untracked 
|1770|0x00000007ffc00000, 0x00000007ffe00000, 0x00000007ffe00000|100%| O|  |TAMS 0x00000007ffe00000| PB 0x00000007ffe00000| Updating 
|1771|0x00000007ffe00000, 0x0000000800000000, 0x0000000800000000|100%| E|CS|TAMS 0x00000007ffe00000| PB 0x00000007ffe00000| Complete 

Card table byte_map: [0x00000198a1790000,0x00000198a1e80000] _byte_map_base: 0x000001989de7c000

Marking Bits: (CMBitMap*) 0x00000198956dfb80
 Bits: [0x00000198a1e80000, 0x00000198a55e0000)

Polling page: 0x0000019894e20000

Metaspace:

Usage:
  Non-class:    116.00 MB used.
      Class:     19.17 MB used.
       Both:    135.17 MB used.

Virtual space:
  Non-class space:      128.00 MB reserved,     116.50 MB ( 91%) committed,  2 nodes.
      Class space:        1.00 GB reserved,      19.62 MB (  2%) committed,  1 nodes.
             Both:        1.12 GB reserved,     136.12 MB ( 12%) committed. 

Chunk freelists:
   Non-Class:  11.21 MB
       Class:  12.43 MB
        Both:  23.65 MB

MaxMetaspaceSize: unlimited
CompressedClassSpaceSize: 1.00 GB
Initial GC threshold: 21.00 MB
Current GC threshold: 226.81 MB
CDS: on
 - commit_granule_bytes: 65536.
 - commit_granule_words: 8192.
 - virtual_space_node_default_size: 8388608.
 - enlarge_chunks_in_place: 1.
 - use_allocation_guard: 0.


Internal statistics:

num_allocs_failed_limit: 6.
num_arena_births: 2280.
num_arena_deaths: 1002.
num_vsnodes_births: 3.
num_vsnodes_deaths: 0.
num_space_committed: 2178.
num_space_uncommitted: 0.
num_chunks_returned_to_freelist: 1172.
num_chunks_taken_from_freelist: 7960.
num_chunk_merges: 270.
num_chunk_splits: 5300.
num_chunks_enlarged: 4134.
num_inconsistent_stats: 0.

CodeCache: size=49152Kb used=8395Kb max_used=18660Kb free=40756Kb
 bounds [0x000001989dd70000, 0x000001989f090000, 0x00000198a0d70000]
 total_blobs=5230, nmethods=4310, adapters=842, full_count=0
Compilation: enabled, stopped_count=0, restarted_count=0

Compilation events (20 events):
Event: 771.190 Thread 0x00000198a8304350 17260       1       org.springframework.web.context.request.AbstractRequestAttributes::<init> (23 bytes)
Event: 771.190 Thread 0x00000198a8304350 nmethod 17260 0x000001989df47c90 code [0x000001989df47e60, 0x000001989df48040]
Event: 771.194 Thread 0x00000198a8304350 17261       1       java.util.Collections::singletonList (9 bytes)
Event: 771.195 Thread 0x00000198a8304350 nmethod 17261 0x000001989df8ea10 code [0x000001989df8eba0, 0x000001989df8ecf8]
Event: 771.195 Thread 0x00000198a8304350 17262       1       java.util.Collections$SingletonList::<init> (10 bytes)
Event: 771.195 Thread 0x00000198a8304350 nmethod 17262 0x000001989dea0510 code [0x000001989dea06a0, 0x000001989dea07c0]
Event: 771.342 Thread 0x00000198a8304350 17263   !   1       java.text.SimpleDateFormat::zeroPaddingNumber (270 bytes)
Event: 771.354 Thread 0x00000198a8304350 nmethod 17263 0x000001989df7af10 code [0x000001989df7b240, 0x000001989df7c638]
Event: 771.355 Thread 0x00000198a8304350 17268       1       io.micrometer.observation.SimpleObservation::notifyOnScopeOpened (43 bytes)
Event: 771.355 Thread 0x00000198a8304350 nmethod 17268 0x000001989df4a890 code [0x000001989df4aa60, 0x000001989df4ac70]
Event: 771.355 Thread 0x00000198a8304350 17264       1       io.micrometer.observation.SimpleObservation::openScope (33 bytes)
Event: 771.356 Thread 0x00000198a8304350 nmethod 17264 0x000001989df1aa90 code [0x000001989df1ac80, 0x000001989df1afc0]
Event: 771.356 Thread 0x00000198a8304350 17265       1       io.micrometer.observation.SimpleObservation$SimpleScope::<init> (35 bytes)
Event: 771.357 Thread 0x00000198a8304350 nmethod 17265 0x000001989dfb4990 code [0x000001989dfb4b60, 0x000001989dfb4dc0]
Event: 771.357 Thread 0x00000198a8304350 17266       1       io.micrometer.observation.SimpleObservationRegistry::getCurrentObservationScope (4 bytes)
Event: 771.357 Thread 0x00000198a8304350 nmethod 17266 0x000001989dfa6e90 code [0x000001989dfa7040, 0x000001989dfa7188]
Event: 771.357 Thread 0x00000198a8304350 17267       1       io.micrometer.observation.SimpleObservationRegistry::_getCurrentObservationScope (10 bytes)
Event: 771.358 Thread 0x00000198a8304350 nmethod 17267 0x000001989dfb3b10 code [0x000001989dfb3cc0, 0x000001989dfb3de8]
Event: 771.358 Thread 0x00000198a8304350 17269       1       io.micrometer.observation.ObservationHandler$FirstMatchingCompositeObservationHandler::onScopeOpened (18 bytes)
Event: 771.358 Thread 0x00000198a8304350 nmethod 17269 0x000001989e011210 code [0x000001989e0113c0, 0x000001989e0114e8]

GC Heap History (20 events):
Event: 756.929 GC heap before
{Heap before GC invocations=132 (full 19):
 garbage-first heap   total 1986560K, used 1279683K [0x0000000722800000, 0x0000000800000000)
  region size 2048K, 59 young (120832K), 12 survivors (24576K)
 Metaspace       used 138412K, committed 139392K, reserved 1179648K
  class space    used 19632K, committed 20096K, reserved 1048576K
}
Event: 756.972 GC heap after
{Heap after GC invocations=133 (full 19):
 garbage-first heap   total 1986560K, used 1244383K [0x0000000722800000, 0x0000000800000000)
  region size 2048K, 8 young (16384K), 8 survivors (16384K)
 Metaspace       used 138412K, committed 139392K, reserved 1179648K
  class space    used 19632K, committed 20096K, reserved 1048576K
}
Event: 759.677 GC heap before
{Heap before GC invocations=133 (full 19):
 garbage-first heap   total 1986560K, used 1619167K [0x0000000722800000, 0x0000000800000000)
  region size 2048K, 187 young (382976K), 8 survivors (16384K)
 Metaspace       used 138412K, committed 139392K, reserved 1179648K
  class space    used 19632K, committed 20096K, reserved 1048576K
}
Event: 759.782 GC heap after
{Heap after GC invocations=134 (full 19):
 garbage-first heap   total 1986560K, used 1480643K [0x0000000722800000, 0x0000000800000000)
  region size 2048K, 24 young (49152K), 24 survivors (49152K)
 Metaspace       used 138412K, committed 139392K, reserved 1179648K
  class space    used 19632K, committed 20096K, reserved 1048576K
}
Event: 759.856 GC heap before
{Heap before GC invocations=134 (full 19):
 garbage-first heap   total 1986560K, used 1492931K [0x0000000722800000, 0x0000000800000000)
  region size 2048K, 31 young (63488K), 24 survivors (49152K)
 Metaspace       used 138412K, committed 139392K, reserved 1179648K
  class space    used 19632K, committed 20096K, reserved 1048576K
}
Event: 759.890 GC heap after
{Heap after GC invocations=135 (full 19):
 garbage-first heap   total 1986560K, used 1498051K [0x0000000722800000, 0x0000000800000000)
  region size 2048K, 6 young (12288K), 6 survivors (12288K)
 Metaspace       used 138412K, committed 139392K, reserved 1179648K
  class space    used 19632K, committed 20096K, reserved 1048576K
}
Event: 761.415 GC heap before
{Heap before GC invocations=136 (full 19):
 garbage-first heap   total 2508800K, used 1719235K [0x0000000722800000, 0x0000000800000000)
  region size 2048K, 114 young (233472K), 6 survivors (12288K)
 Metaspace       used 138412K, committed 139392K, reserved 1179648K
  class space    used 19632K, committed 20096K, reserved 1048576K
}
Event: 761.501 GC heap after
{Heap after GC invocations=137 (full 19):
 garbage-first heap   total 2508800K, used 1633219K [0x0000000722800000, 0x0000000800000000)
  region size 2048K, 15 young (30720K), 15 survivors (30720K)
 Metaspace       used 138412K, committed 139392K, reserved 1179648K
  class space    used 19632K, committed 20096K, reserved 1048576K
}
Event: 764.215 GC heap before
{Heap before GC invocations=137 (full 19):
 garbage-first heap   total 2508800K, used 2036675K [0x0000000722800000, 0x0000000800000000)
  region size 2048K, 208 young (425984K), 15 survivors (30720K)
 Metaspace       used 138412K, committed 139392K, reserved 1179648K
  class space    used 19632K, committed 20096K, reserved 1048576K
}
Event: 764.337 GC heap after
{Heap after GC invocations=138 (full 19):
 garbage-first heap   total 2508800K, used 1884087K [0x0000000722800000, 0x0000000800000000)
  region size 2048K, 26 young (53248K), 26 survivors (53248K)
 Metaspace       used 138412K, committed 139392K, reserved 1179648K
  class space    used 19632K, committed 20096K, reserved 1048576K
}
Event: 765.806 GC heap before
{Heap before GC invocations=138 (full 19):
 garbage-first heap   total 2508800K, used 2115511K [0x0000000722800000, 0x0000000800000000)
  region size 2048K, 140 young (286720K), 26 survivors (53248K)
 Metaspace       used 138412K, committed 139392K, reserved 1179648K
  class space    used 19632K, committed 20096K, reserved 1048576K
}
Event: 765.886 GC heap after
{Heap after GC invocations=139 (full 19):
 garbage-first heap   total 2508800K, used 2030519K [0x0000000722800000, 0x0000000800000000)
  region size 2048K, 20 young (40960K), 20 survivors (40960K)
 Metaspace       used 138412K, committed 139392K, reserved 1179648K
  class space    used 19632K, committed 20096K, reserved 1048576K
}
Event: 767.115 GC heap before
{Heap before GC invocations=140 (full 19):
 garbage-first heap   total 3397632K, used 2231223K [0x0000000722800000, 0x0000000800000000)
  region size 2048K, 117 young (239616K), 20 survivors (40960K)
 Metaspace       used 138412K, committed 139392K, reserved 1179648K
  class space    used 19632K, committed 20096K, reserved 1048576K
}
Event: 767.183 GC heap after
{Heap after GC invocations=141 (full 19):
 garbage-first heap   total 3397632K, used 2158519K [0x0000000722800000, 0x0000000800000000)
  region size 2048K, 15 young (30720K), 15 survivors (30720K)
 Metaspace       used 138412K, committed 139392K, reserved 1179648K
  class space    used 19632K, committed 20096K, reserved 1048576K
}
Event: 770.789 GC heap before
{Heap before GC invocations=141 (full 19):
 garbage-first heap   total 3397632K, used 2695095K [0x0000000722800000, 0x0000000800000000)
  region size 2048K, 277 young (567296K), 15 survivors (30720K)
 Metaspace       used 138412K, committed 139392K, reserved 1179648K
  class space    used 19632K, committed 20096K, reserved 1048576K
}
Event: 770.965 GC heap after
{Heap after GC invocations=142 (full 19):
 garbage-first heap   total 3397632K, used 2488247K [0x0000000722800000, 0x0000000800000000)
  region size 2048K, 35 young (71680K), 35 survivors (71680K)
 Metaspace       used 138412K, committed 139392K, reserved 1179648K
  class space    used 19632K, committed 20096K, reserved 1048576K
}
Event: 773.642 GC heap before
{Heap before GC invocations=142 (full 19):
 garbage-first heap   total 3397632K, used 2885559K [0x0000000722800000, 0x0000000800000000)
  region size 2048K, 221 young (452608K), 35 survivors (71680K)
 Metaspace       used 138412K, committed 139392K, reserved 1179648K
  class space    used 19632K, committed 20096K, reserved 1048576K
}
Event: 773.798 GC heap after
{Heap after GC invocations=143 (full 19):
 garbage-first heap   total 3397632K, used 2734007K [0x0000000722800000, 0x0000000800000000)
  region size 2048K, 28 young (57344K), 28 survivors (57344K)
 Metaspace       used 138412K, committed 139392K, reserved 1179648K
  class space    used 19632K, committed 20096K, reserved 1048576K
}
Event: 775.688 GC heap before
{Heap before GC invocations=143 (full 19):
 garbage-first heap   total 3397632K, used 3008439K [0x0000000722800000, 0x0000000800000000)
  region size 2048K, 162 young (331776K), 28 survivors (57344K)
 Metaspace       used 138412K, committed 139392K, reserved 1179648K
  class space    used 19632K, committed 20096K, reserved 1048576K
}
Event: 775.796 GC heap after
{Heap after GC invocations=144 (full 19):
 garbage-first heap   total 3397632K, used 2907063K [0x0000000722800000, 0x0000000800000000)
  region size 2048K, 21 young (43008K), 21 survivors (43008K)
 Metaspace       used 138412K, committed 139392K, reserved 1179648K
  class space    used 19632K, committed 20096K, reserved 1048576K
}

Dll operation events (11 events):
Event: 0.035 Loaded shared library C:\Users\jmmo0722\.gradle\jdks\eclipse_adoptium-21-amd64-windows.2\bin\java.dll
Event: 1.486 Loaded shared library C:\Users\jmmo0722\.gradle\jdks\eclipse_adoptium-21-amd64-windows.2\bin\zip.dll
Event: 1.508 Loaded shared library C:\Users\jmmo0722\.gradle\jdks\eclipse_adoptium-21-amd64-windows.2\bin\instrument.dll
Event: 1.540 Loaded shared library C:\Users\jmmo0722\.gradle\jdks\eclipse_adoptium-21-amd64-windows.2\bin\net.dll
Event: 1.552 Loaded shared library C:\Users\jmmo0722\.gradle\jdks\eclipse_adoptium-21-amd64-windows.2\bin\nio.dll
Event: 1.568 Loaded shared library C:\Users\jmmo0722\.gradle\jdks\eclipse_adoptium-21-amd64-windows.2\bin\zip.dll
Event: 1.590 Loaded shared library C:\Users\jmmo0722\.gradle\jdks\eclipse_adoptium-21-amd64-windows.2\bin\jimage.dll
Event: 2.432 Loaded shared library C:\Users\jmmo0722\.gradle\jdks\eclipse_adoptium-21-amd64-windows.2\bin\extnet.dll
Event: 2.450 Loaded shared library C:\Users\jmmo0722\.gradle\jdks\eclipse_adoptium-21-amd64-windows.2\bin\management.dll
Event: 2.484 Loaded shared library C:\Users\jmmo0722\.gradle\jdks\eclipse_adoptium-21-amd64-windows.2\bin\management_ext.dll
Event: 7.313 Loaded shared library C:\Users\jmmo0722\.gradle\jdks\eclipse_adoptium-21-amd64-windows.2\bin\sunmscapi.dll

Deoptimization events (6 events):
Event: 2.378 Thread 0x00000198932c9f90 DEOPT PACKING pc=0x000001989e104f8e sp=0x0000005ab29fe3f0
Event: 2.378 Thread 0x00000198932c9f90 DEOPT UNPACKING pc=0x000001989ddc4bc2 sp=0x0000005ab29fd998 mode 0
Event: 27.964 Thread 0x00000198eec137b0 DEOPT PACKING pc=0x000001989eaadb3c sp=0x0000005ab45fec10
Event: 27.964 Thread 0x00000198eec137b0 DEOPT UNPACKING pc=0x000001989ddc4bc2 sp=0x0000005ab45fe0a8 mode 0
Event: 28.088 Thread 0x00000198ef26e8e0 DEOPT PACKING pc=0x000001989e451069 sp=0x0000005ab4cfa060
Event: 28.088 Thread 0x00000198ef26e8e0 DEOPT UNPACKING pc=0x000001989ddc4bc2 sp=0x0000005ab4cf9568 mode 3

Classes loaded (20 events):
Event: 154.753 Loading class java/util/concurrent/CompletableFuture$CoCompletion
Event: 154.753 Loading class java/util/concurrent/CompletableFuture$CoCompletion done
Event: 154.754 Loading class java/util/concurrent/CompletableFuture$UniHandle
Event: 154.754 Loading class java/util/concurrent/CompletableFuture$UniHandle done
Event: 154.754 Loading class java/util/concurrent/CompletableFuture$UniRelay
Event: 154.754 Loading class java/util/concurrent/CompletableFuture$UniRelay done
Event: 154.877 Loading class org/w3c/dom/Node
Event: 154.877 Loading class org/w3c/dom/Node done
Event: 154.878 Loading class org/w3c/dom/Document
Event: 154.878 Loading class org/w3c/dom/Document done
Event: 155.067 Loading class java/text/ParsePosition
Event: 155.068 Loading class java/text/ParsePosition done
Event: 155.068 Loading class java/time/format/DateTimeParseContext
Event: 155.069 Loading class java/time/format/DateTimeParseContext done
Event: 155.069 Loading class java/time/format/Parsed
Event: 155.069 Loading class java/time/format/Parsed done
Event: 155.423 Loading class java/util/function/DoubleUnaryOperator
Event: 155.424 Loading class java/util/function/DoubleUnaryOperator done
Event: 155.704 Loading class java/util/AbstractMap$SimpleEntry
Event: 155.704 Loading class java/util/AbstractMap$SimpleEntry done

Classes unloaded (20 events):
Event: 313.387 Thread 0x00000198a82c6fa0 Unloading class 0x00000198ab157c00 'java/lang/invoke/LambdaForm$MH+0x00000198ab157c00'
Event: 313.387 Thread 0x00000198a82c6fa0 Unloading class 0x00000198ab158000 'java/lang/invoke/LambdaForm$MH+0x00000198ab158000'
Event: 313.387 Thread 0x00000198a82c6fa0 Unloading class 0x00000198ab164000 'java/lang/invoke/LambdaForm$MH+0x00000198ab164000'
Event: 313.387 Thread 0x00000198a82c6fa0 Unloading class 0x00000198ab165c00 'java/lang/invoke/LambdaForm$MH+0x00000198ab165c00'
Event: 313.387 Thread 0x00000198a82c6fa0 Unloading class 0x00000198ab17c000 'java/lang/invoke/LambdaForm$MH+0x00000198ab17c000'
Event: 313.387 Thread 0x00000198a82c6fa0 Unloading class 0x00000198ab1b4800 'java/lang/invoke/LambdaForm$MH+0x00000198ab1b4800'
Event: 313.387 Thread 0x00000198a82c6fa0 Unloading class 0x00000198ab1b9400 'java/lang/invoke/LambdaForm$MH+0x00000198ab1b9400'
Event: 313.387 Thread 0x00000198a82c6fa0 Unloading class 0x00000198ab1bc000 'java/lang/invoke/LambdaForm$MH+0x00000198ab1bc000'
Event: 313.387 Thread 0x00000198a82c6fa0 Unloading class 0x00000198ab252800 'java/lang/invoke/LambdaForm$MH+0x00000198ab252800'
Event: 313.387 Thread 0x00000198a82c6fa0 Unloading class 0x00000198ab253400 'java/lang/invoke/LambdaForm$MH+0x00000198ab253400'
Event: 313.387 Thread 0x00000198a82c6fa0 Unloading class 0x00000198ab28e400 'java/lang/invoke/LambdaForm$MH+0x00000198ab28e400'
Event: 313.387 Thread 0x00000198a82c6fa0 Unloading class 0x00000198ab20a000 'java/lang/invoke/LambdaForm$MH+0x00000198ab20a000'
Event: 313.387 Thread 0x00000198a82c6fa0 Unloading class 0x00000198ab20ac00 'java/lang/invoke/LambdaForm$MH+0x00000198ab20ac00'
Event: 313.387 Thread 0x00000198a82c6fa0 Unloading class 0x00000198ab231000 'java/lang/invoke/LambdaForm$MH+0x00000198ab231000'
Event: 313.387 Thread 0x00000198a82c6fa0 Unloading class 0x00000198ab233000 'java/lang/invoke/LambdaForm$MH+0x00000198ab233000'
Event: 313.387 Thread 0x00000198a82c6fa0 Unloading class 0x00000198ab233800 'java/lang/invoke/LambdaForm$MH+0x00000198ab233800'
Event: 313.387 Thread 0x00000198a82c6fa0 Unloading class 0x00000198aa006800 'java/lang/invoke/LambdaForm$MH+0x00000198aa006800'
Event: 313.387 Thread 0x00000198a82c6fa0 Unloading class 0x00000198aa1e9800 'java/lang/invoke/LambdaForm$MH+0x00000198aa1e9800'
Event: 313.387 Thread 0x00000198a82c6fa0 Unloading class 0x00000198aa00a400 'java/lang/invoke/LambdaForm$MH+0x00000198aa00a400'
Event: 756.111 Thread 0x00000198a82c6fa0 Unloading class 0x00000198ab28c000 'java/lang/invoke/LambdaForm$MH+0x00000198ab28c000'

Classes redefined (0 events):
No events

Internal exceptions (20 events):
Event: 219.325 Thread 0x00000198f83d6d40 Exception <a 'java/lang/ClassNotFoundException'{0x00000007331c8e50}: io.micrometer.prometheusmetrics.MicrometerCollector$$Lambda/0x00000198ab27ca70> (0x00000007331c8e50) 
thrown [s\src\hotspot\share\prims\jni.cpp, line 539]
Event: 219.332 Thread 0x00000198f83d6d40 Exception <a 'java/lang/ClassNotFoundException'{0x00000007331d5e90}: io.micrometer.prometheusmetrics.MicrometerCollector$$Lambda/0x00000198ab27ca70> (0x00000007331d5e90) 
thrown [s\src\hotspot\share\prims\jni.cpp, line 539]
Event: 219.336 Thread 0x00000198f83d6d40 Exception <a 'java/lang/ClassNotFoundException'{0x00000007331e6400}: java.lang.invoke.LambdaForm$DMH/0x00000198aa3ec000> (0x00000007331e6400) 
thrown [s\src\hotspot\share\prims\jni.cpp, line 539]
Event: 219.343 Thread 0x00000198f83d6d40 Exception <a 'java/lang/ClassNotFoundException'{0x00000007331f4080}: java.lang.invoke.LambdaForm$DMH/0x00000198aa3ec000> (0x00000007331f4080) 
thrown [s\src\hotspot\share\prims\jni.cpp, line 539]
Event: 219.343 Thread 0x00000198f83d6d40 Exception <a 'java/lang/ClassNotFoundException'{0x00000007331f5078}: java.lang.invoke.LambdaForm$MH/0x00000198aa1a0000> (0x00000007331f5078) 
thrown [s\src\hotspot\share\prims\jni.cpp, line 539]
Event: 219.349 Thread 0x00000198a81b9e20 Exception <a 'java/lang/NoSuchMethodError'{0x0000000732e00d78}: 'java.lang.Object java.lang.invoke.DirectMethodHandle$Holder.newInvokeSpecial(java.lang.Object, java.lang.Object, java.lang.Object, long)'> (0x0000000732e00d78) 
thrown [s\src\hotspot\share\interpreter\linkResolver.cpp, line 773]
Event: 219.350 Thread 0x00000198a81b9e20 Exception <a 'java/lang/NoSuchMethodError'{0x0000000732e04bd8}: 'java.lang.Object java.lang.invoke.DirectMethodHandle$Holder.invokeSpecial(java.lang.Object, java.lang.Object, java.lang.Object, java.lang.Object, long)'> (0x0000000732e04bd8) 
thrown [s\src\hotspot\share\interpreter\linkResolver.cpp, line 773]
Event: 219.350 Thread 0x00000198f83d6d40 Exception <a 'java/lang/ClassNotFoundException'{0x0000000732e0c0e8}: java.lang.invoke.LambdaForm$MH/0x00000198aa1a0000> (0x0000000732e0c0e8) 
thrown [s\src\hotspot\share\prims\jni.cpp, line 539]
Event: 219.350 Thread 0x00000198f83d6d40 Exception <a 'java/lang/ClassNotFoundException'{0x0000000732e0d0e0}: java.lang.invoke.LambdaForm$MH/0x00000198aa003800> (0x0000000732e0d0e0) 
thrown [s\src\hotspot\share\prims\jni.cpp, line 539]
Event: 219.350 Thread 0x00000198a81b9e20 Exception <a 'java/lang/NoSuchMethodError'{0x0000000732e08358}: 'java.lang.Object java.lang.invoke.Invokers$Holder.linkToTargetMethod(java.lang.Object, java.lang.Object, long, java.lang.Object)'> (0x0000000732e08358) 
thrown [s\src\hotspot\share\interpreter\linkResolver.cpp, line 773]
Event: 219.358 Thread 0x00000198f83d6d40 Exception <a 'java/lang/ClassNotFoundException'{0x0000000732e1b988}: java.lang.invoke.LambdaForm$MH/0x00000198aa003800> (0x0000000732e1b988) 
thrown [s\src\hotspot\share\prims\jni.cpp, line 539]
Event: 219.370 Thread 0x00000198f83d6d40 Exception <a 'java/lang/ClassNotFoundException'{0x0000000732e3efa8}: java.lang.invoke.LambdaForm$MH/0x00000198aafa1000> (0x0000000732e3efa8) 
thrown [s\src\hotspot\share\prims\jni.cpp, line 539]
Event: 219.377 Thread 0x00000198f83d6d40 Exception <a 'java/lang/ClassNotFoundException'{0x0000000732e4d6b0}: java.lang.invoke.LambdaForm$MH/0x00000198aafa1000> (0x0000000732e4d6b0) 
thrown [s\src\hotspot\share\prims\jni.cpp, line 539]
Event: 219.492 Thread 0x00000198a81b9e20 Exception <a 'java/lang/ClassNotFoundException'{0x0000000732c29ad0}: org.hibernate.query.sqm.internal.ConcreteSqmSelectQueryPlan$$Lambda/0x00000198ab375c00> (0x0000000732c29ad0) 
thrown [s\src\hotspot\share\prims\jni.cpp, line 539]
Event: 219.492 Thread 0x00000198a81b9e20 Exception <a 'java/lang/ClassNotFoundException'{0x0000000732c29e28}: org.hibernate.query.sqm.internal.ConcreteSqmSelectQueryPlan$$Lambda/0x00000198ab375c00> (0x0000000732c29e28) 
thrown [s\src\hotspot\share\prims\jni.cpp, line 539]
Event: 219.494 Thread 0x00000198a81b9e20 Exception <a 'java/lang/ClassNotFoundException'{0x0000000732c2ad00}: java.lang.invoke.LambdaForm$DMH/0x00000198aa0d4c00> (0x0000000732c2ad00) 
thrown [s\src\hotspot\share\prims\jni.cpp, line 539]
Event: 219.494 Thread 0x00000198a81b9e20 Exception <a 'java/lang/ClassNotFoundException'{0x0000000732cbf068}: java.lang.invoke.LambdaForm$DMH/0x00000198aa0d4c00> (0x0000000732cbf068) 
thrown [s\src\hotspot\share\prims\jni.cpp, line 539]
Event: 254.548 Thread 0x00000198f83daee0 Exception <a 'java/lang/IncompatibleClassChangeError'{0x00000007323912a8}: Found class java.lang.Object, but interface was expected> (0x00000007323912a8) 
thrown [s\src\hotspot\share\interpreter\linkResolver.cpp, line 840]
Event: 272.097 Thread 0x00000198f83daee0 Exception <a 'java/lang/ArrayIndexOutOfBoundsException'{0x000000073320d498}> (0x000000073320d498) 
thrown [s\src\hotspot\share\runtime\sharedRuntime.cpp, line 625]
Event: 303.012 Thread 0x00000198f8356e60 Exception <a 'java/lang/NoSuchMethodError'{0x000000074f2e9cc8}: static [B.<clinit>()V> (0x000000074f2e9cc8) 
thrown [s\src\hotspot\share\prims\jni.cpp, line 1111]

ZGC Phase Switch (0 events):
No events

VM Operations (20 events):
Event: 760.300 Executing VM operation: G1PauseCleanup done
Event: 761.415 Executing VM operation: G1CollectForAllocation (G1 Evacuation Pause)
Event: 761.501 Executing VM operation: G1CollectForAllocation (G1 Evacuation Pause) done
Event: 764.215 Executing VM operation: G1CollectForAllocation (G1 Evacuation Pause)
Event: 764.337 Executing VM operation: G1CollectForAllocation (G1 Evacuation Pause) done
Event: 765.806 Executing VM operation: G1TryInitiateConcMark (G1 Humongous Allocation)
Event: 765.886 Executing VM operation: G1TryInitiateConcMark (G1 Humongous Allocation) done
Event: 766.366 Executing VM operation: G1PauseRemark
Event: 766.377 Executing VM operation: G1PauseRemark done
Event: 766.613 Executing VM operation: G1PauseCleanup
Event: 766.614 Executing VM operation: G1PauseCleanup done
Event: 767.115 Executing VM operation: G1CollectForAllocation (G1 Evacuation Pause)
Event: 767.183 Executing VM operation: G1CollectForAllocation (G1 Evacuation Pause) done
Event: 770.788 Executing VM operation: G1CollectForAllocation (G1 Evacuation Pause)
Event: 770.966 Executing VM operation: G1CollectForAllocation (G1 Evacuation Pause) done
Event: 773.642 Executing VM operation: G1CollectForAllocation (G1 Evacuation Pause)
Event: 773.798 Executing VM operation: G1CollectForAllocation (G1 Evacuation Pause) done
Event: 775.688 Executing VM operation: G1CollectForAllocation (G1 Evacuation Pause)
Event: 775.797 Executing VM operation: G1CollectForAllocation (G1 Evacuation Pause) done
Event: 777.103 Executing VM operation: G1PauseRemark

Memory protections (0 events):
No events

Nmethod flushes (20 events):
Event: 760.163 Thread 0x00000198a82c6fa0 flushing  nmethod 0x000001989e407290
Event: 760.163 Thread 0x00000198a82c6fa0 flushing  nmethod 0x000001989e409f90
Event: 760.163 Thread 0x00000198a82c6fa0 flushing  nmethod 0x000001989e438690
Event: 760.163 Thread 0x00000198a82c6fa0 flushing  nmethod 0x000001989e438990
Event: 760.163 Thread 0x00000198a82c6fa0 flushing  nmethod 0x000001989e44f710
Event: 760.163 Thread 0x00000198a82c6fa0 flushing  nmethod 0x000001989e483590
Event: 760.163 Thread 0x00000198a82c6fa0 flushing  nmethod 0x000001989e485f10
Event: 760.163 Thread 0x00000198a82c6fa0 flushing  nmethod 0x000001989e486e10
Event: 760.163 Thread 0x00000198a82c6fa0 flushing  nmethod 0x000001989e4eb390
Event: 760.163 Thread 0x00000198a82c6fa0 flushing  nmethod 0x000001989e50b790
Event: 760.163 Thread 0x00000198a82c6fa0 flushing  nmethod 0x000001989e50cb10
Event: 760.163 Thread 0x00000198a82c6fa0 flushing  nmethod 0x000001989e50cf90
Event: 760.163 Thread 0x00000198a82c6fa0 flushing  nmethod 0x000001989e50d310
Event: 760.163 Thread 0x00000198a82c6fa0 flushing  nmethod 0x000001989e50e710
Event: 760.163 Thread 0x00000198a82c6fa0 flushing  nmethod 0x000001989e50ed90
Event: 760.163 Thread 0x00000198a82c6fa0 flushing  nmethod 0x000001989e5d4b10
Event: 760.163 Thread 0x00000198a82c6fa0 flushing  nmethod 0x000001989e5d5890
Event: 760.163 Thread 0x00000198a82c6fa0 flushing  nmethod 0x000001989e5ddd10
Event: 760.163 Thread 0x00000198a82c6fa0 flushing  nmethod 0x000001989ef58210
Event: 760.163 Thread 0x00000198a82c6fa0 flushing  nmethod 0x000001989ef58e10

Events (20 events):
Event: 469.406 Thread 0x00000198f937ca50 Thread exited: 0x00000198f937ca50
Event: 471.202 Thread 0x00000198f937d120 Thread exited: 0x00000198f937d120
Event: 471.232 Thread 0x00000198a8304350 Thread added: 0x00000198f937d7f0
Event: 476.325 Thread 0x00000198f937d7f0 Thread exited: 0x00000198f937d7f0
Event: 483.092 Thread 0x00000198eebe7ab0 Thread added: 0x00000198f9374cd0
Event: 516.336 Thread 0x00000198a8304350 Thread added: 0x00000198f937e590
Event: 516.337 Thread 0x00000198a8304350 Thread added: 0x00000198f93800d0
Event: 526.235 Thread 0x00000198f93800d0 Thread exited: 0x00000198f93800d0
Event: 529.456 Thread 0x00000198f937e590 Thread exited: 0x00000198f937e590
Event: 561.196 Thread 0x00000198a8304350 Thread added: 0x00000198f937d7f0
Event: 564.328 Thread 0x00000198f8356e60 Thread exited: 0x00000198f8356e60
Event: 566.325 Thread 0x00000198f937d7f0 Thread exited: 0x00000198f937d7f0
Event: 631.541 Thread 0x00000198a8304350 Thread added: 0x00000198f937ec60
Event: 641.316 Thread 0x00000198f937ec60 Thread exited: 0x00000198f937ec60
Event: 753.635 Thread 0x00000198a8304350 Thread added: 0x00000198f937d7f0
Event: 753.635 Thread 0x00000198a8304350 Thread added: 0x00000198f937ca50
Event: 753.635 Thread 0x00000198a8304350 Thread added: 0x00000198f937d120
Event: 754.789 Thread 0x00000198f937d120 Thread exited: 0x00000198f937d120
Event: 761.501 Thread 0x00000198f937ca50 Thread exited: 0x00000198f937ca50
Event: 766.515 Thread 0x00000198f937d7f0 Thread exited: 0x00000198f937d7f0


Dynamic libraries:
0x00007ff7ff5f0000 - 0x00007ff7ff5fe000 	C:\Users\jmmo0722\.gradle\jdks\eclipse_adoptium-21-amd64-windows.2\bin\java.exe
0x00007ffcd6f60000 - 0x00007ffcd71c6000 	C:\WINDOWS\SYSTEM32\ntdll.dll
0x00007ffcd6000000 - 0x00007ffcd60c9000 	C:\WINDOWS\System32\KERNEL32.DLL
0x00007ffcd4510000 - 0x00007ffcd490e000 	C:\WINDOWS\System32\KERNELBASE.dll
0x00007ffcd4240000 - 0x00007ffcd438c000 	C:\WINDOWS\System32\ucrtbase.dll
0x00007ffccf140000 - 0x00007ffccf15e000 	C:\Users\jmmo0722\.gradle\jdks\eclipse_adoptium-21-amd64-windows.2\bin\VCRUNTIME140.dll
0x00007ffcb8870000 - 0x00007ffcb8888000 	C:\Users\jmmo0722\.gradle\jdks\eclipse_adoptium-21-amd64-windows.2\bin\jli.dll
0x00007ffcd6b20000 - 0x00007ffcd6ce7000 	C:\WINDOWS\System32\USER32.dll
0x00007ffcd44e0000 - 0x00007ffcd4507000 	C:\WINDOWS\System32\win32u.dll
0x00007ffcd4d90000 - 0x00007ffcd4dbb000 	C:\WINDOWS\System32\GDI32.dll
0x00007ffcd4920000 - 0x00007ffcd4a4a000 	C:\WINDOWS\System32\gdi32full.dll
0x00007ffcbc5f0000 - 0x00007ffcbc882000 	C:\WINDOWS\WinSxS\amd64_microsoft.windows.common-controls_6595b64144ccf1df_6.0.26100.8875_none_3e0d5d42e32fe9dd\COMCTL32.dll
0x00007ffcd4430000 - 0x00007ffcd44d3000 	C:\WINDOWS\System32\msvcp_win.dll
0x00007ffcd6870000 - 0x00007ffcd6919000 	C:\WINDOWS\System32\msvcrt.dll
0x00007ffcd50b0000 - 0x00007ffcd50e2000 	C:\WINDOWS\System32\IMM32.DLL
0x00007ffcc5980000 - 0x00007ffcc598c000 	C:\Users\jmmo0722\.gradle\jdks\eclipse_adoptium-21-amd64-windows.2\bin\vcruntime140_1.dll
0x00007ffc94e10000 - 0x00007ffc94e9d000 	C:\Users\jmmo0722\.gradle\jdks\eclipse_adoptium-21-amd64-windows.2\bin\msvcp140.dll
0x00007ffbc7da0000 - 0x00007ffbc8b40000 	C:\Users\jmmo0722\.gradle\jdks\eclipse_adoptium-21-amd64-windows.2\bin\server\jvm.dll
0x00007ffcd6d60000 - 0x00007ffcd6e17000 	C:\WINDOWS\System32\ADVAPI32.dll
0x00007ffcd4c90000 - 0x00007ffcd4d3a000 	C:\WINDOWS\System32\sechost.dll
0x00007ffcd64f0000 - 0x00007ffcd6608000 	C:\WINDOWS\System32\RPCRT4.dll
0x00007ffcd6460000 - 0x00007ffcd64e0000 	C:\WINDOWS\System32\WS2_32.dll
0x00007ffcd3fe0000 - 0x00007ffcd403e000 	C:\WINDOWS\SYSTEM32\POWRPROF.dll
0x00007ffcc9840000 - 0x00007ffcc9876000 	C:\WINDOWS\SYSTEM32\WINMM.dll
0x00007ffccf5b0000 - 0x00007ffccf5bb000 	C:\WINDOWS\SYSTEM32\VERSION.dll
0x00007ffcd3fc0000 - 0x00007ffcd3fd4000 	C:\WINDOWS\SYSTEM32\UMPDC.dll
0x00007ffcd2e20000 - 0x00007ffcd2e3b000 	C:\WINDOWS\SYSTEM32\kernel.appcore.dll
0x00007ffcc1df0000 - 0x00007ffcc1dfa000 	C:\Users\jmmo0722\.gradle\jdks\eclipse_adoptium-21-amd64-windows.2\bin\jimage.dll
0x00007ffcccf10000 - 0x00007ffccd152000 	C:\WINDOWS\SYSTEM32\DBGHELP.DLL
0x00007ffcd60d0000 - 0x00007ffcd6453000 	C:\WINDOWS\System32\combase.dll
0x00007ffcd5f20000 - 0x00007ffcd5ff9000 	C:\WINDOWS\System32\OLEAUT32.dll
0x00007ffcbd100000 - 0x00007ffcbd13b000 	C:\WINDOWS\SYSTEM32\dbgcore.DLL
0x00007ffcd4a50000 - 0x00007ffcd4afc000 	C:\WINDOWS\System32\bcryptPrimitives.dll
0x00007ffcc0560000 - 0x00007ffcc056f000 	C:\Users\jmmo0722\.gradle\jdks\eclipse_adoptium-21-amd64-windows.2\bin\instrument.dll
0x00007ffcb7850000 - 0x00007ffcb7870000 	C:\Users\jmmo0722\.gradle\jdks\eclipse_adoptium-21-amd64-windows.2\bin\java.dll
0x00007ffcd50f0000 - 0x00007ffcd5882000 	C:\WINDOWS\System32\SHELL32.dll
0x00007ffcd1be0000 - 0x00007ffcd2472000 	C:\WINDOWS\SYSTEM32\windows.storage.dll
0x00007ffcd4fb0000 - 0x00007ffcd50a7000 	C:\WINDOWS\System32\SHCORE.dll
0x00007ffcd6cf0000 - 0x00007ffcd6d57000 	C:\WINDOWS\System32\shlwapi.dll
0x00007ffcd40a0000 - 0x00007ffcd40c9000 	C:\WINDOWS\SYSTEM32\profapi.dll
0x00007ffcb6e00000 - 0x00007ffcb6e18000 	C:\Users\jmmo0722\.gradle\jdks\eclipse_adoptium-21-amd64-windows.2\bin\zip.dll
0x00007ffcba4e0000 - 0x00007ffcba4f0000 	C:\Users\jmmo0722\.gradle\jdks\eclipse_adoptium-21-amd64-windows.2\bin\net.dll
0x00007ffccfd50000 - 0x00007ffccfe77000 	C:\WINDOWS\SYSTEM32\WINHTTP.dll
0x00007ffcd33b0000 - 0x00007ffcd341c000 	C:\WINDOWS\system32\mswsock.dll
0x00007ffcb6de0000 - 0x00007ffcb6df6000 	C:\Users\jmmo0722\.gradle\jdks\eclipse_adoptium-21-amd64-windows.2\bin\nio.dll
0x00007ffcd28c0000 - 0x00007ffcd2a16000 	C:\WINDOWS\SYSTEM32\DNSAPI.dll
0x00007ffcd31d0000 - 0x00007ffcd31dd000 	C:\WINDOWS\SYSTEM32\DSPARSE.dll
0x00007ffcd2820000 - 0x00007ffcd2853000 	C:\WINDOWS\SYSTEM32\IPHLPAPI.DLL
0x00007ffcd59f0000 - 0x00007ffcd59fa000 	C:\WINDOWS\System32\NSI.dll
0x00007ffcd0f20000 - 0x00007ffcd0f2b000 	C:\Windows\System32\rasadhlp.dll
0x00007ffcd0a00000 - 0x00007ffcd0a86000 	C:\WINDOWS\System32\fwpuclnt.dll
0x00007ffcb6b00000 - 0x00007ffcb6b09000 	C:\Users\jmmo0722\.gradle\jdks\eclipse_adoptium-21-amd64-windows.2\bin\extnet.dll
0x00007ffcb6af0000 - 0x00007ffcb6afa000 	C:\Users\jmmo0722\.gradle\jdks\eclipse_adoptium-21-amd64-windows.2\bin\management.dll
0x00007ffcb6ac0000 - 0x00007ffcb6acc000 	C:\Users\jmmo0722\.gradle\jdks\eclipse_adoptium-21-amd64-windows.2\bin\management_ext.dll
0x00007ffcd67f0000 - 0x00007ffcd67f8000 	C:\WINDOWS\System32\PSAPI.DLL
0x00007ffcd37e0000 - 0x00007ffcd37fb000 	C:\WINDOWS\SYSTEM32\CRYPTSP.dll
0x00007ffcd2d80000 - 0x00007ffcd2db9000 	C:\WINDOWS\system32\rsaenh.dll
0x00007ffcd3470000 - 0x00007ffcd34a2000 	C:\WINDOWS\SYSTEM32\USERENV.dll
0x00007ffcd4070000 - 0x00007ffcd409a000 	C:\WINDOWS\SYSTEM32\bcrypt.dll
0x00007ffcd37b0000 - 0x00007ffcd37bc000 	C:\WINDOWS\SYSTEM32\CRYPTBASE.dll
0x00007ffcb52e0000 - 0x00007ffcb52f8000 	C:\WINDOWS\system32\napinsp.dll
0x00007ffcb5240000 - 0x00007ffcb5253000 	C:\WINDOWS\System32\winrnr.dll
0x00007ffcb5210000 - 0x00007ffcb5232000 	C:\WINDOWS\system32\nlansp_c.dll
0x00007ffcb52a0000 - 0x00007ffcb52b6000 	C:\WINDOWS\system32\wshbth.dll
0x00007ffcba540000 - 0x00007ffcba598000 	C:\WINDOWS\SYSTEM32\pdh.dll
0x00007ffcd0420000 - 0x00007ffcd0432000 	C:\WINDOWS\System32\perfproc.dll
0x00007ffccf5d0000 - 0x00007ffccf5e1000 	C:\WINDOWS\System32\perfos.dll
0x00007ffcd24a0000 - 0x00007ffcd24b2000 	C:\WINDOWS\SYSTEM32\pfclient.dll
0x00007ffcb6ab0000 - 0x00007ffcb6abe000 	C:\Users\jmmo0722\.gradle\jdks\eclipse_adoptium-21-amd64-windows.2\bin\sunmscapi.dll
0x00007ffcd4b10000 - 0x00007ffcd4c88000 	C:\WINDOWS\System32\CRYPT32.dll
0x00007ffcd3950000 - 0x00007ffcd3980000 	C:\WINDOWS\SYSTEM32\ncrypt.dll
0x00007ffcd3900000 - 0x00007ffcd393f000 	C:\WINDOWS\SYSTEM32\NTASN1.dll
0x00007ffcd0840000 - 0x00007ffcd085d000 	C:\WINDOWS\SYSTEM32\dhcpcsvc6.DLL
0x00007ffcd07b0000 - 0x00007ffcd07d5000 	C:\WINDOWS\SYSTEM32\dhcpcsvc.DLL
0x00007ffcafc30000 - 0x00007ffcafc38000 	C:\WINDOWS\system32\wshunix.dll

JVMTI agents:
C:\Program Files\JetBrains\IntelliJ IDEA 2025.1.3\lib\idea_rt.jar path:C:\Users\jmmo0722\.gradle\jdks\eclipse_adoptium-21-amd64-windows.2\bin\instrument.dll, loaded, initialized, instrumentlib options:4374

dbghelp: loaded successfully - version: 4.0.5 - missing functions: none
symbol engine: initialized successfully - sym options: 0x614 - pdb path: .;C:\Users\jmmo0722\.gradle\jdks\eclipse_adoptium-21-amd64-windows.2\bin;C:\WINDOWS\SYSTEM32;C:\WINDOWS\WinSxS\amd64_microsoft.windows.common-controls_6595b64144ccf1df_6.0.26100.8875_none_3e0d5d42e32fe9dd;C:\Users\jmmo0722\.gradle\jdks\eclipse_adoptium-21-amd64-windows.2\bin\server

VM Arguments:
jvm_args: -XX:TieredStopAtLevel=1 -Dspring.output.ansi.enabled=always -Dcom.sun.management.jmxremote -Dspring.jmx.enabled=true -Dspring.liveBeansView.mbeanDomain -Dspring.application.admin.enabled=true -Dmanagement.endpoints.jmx.exposure.include=* -javaagent:C:\Program Files\JetBrains\IntelliJ IDEA 2025.1.3\lib\idea_rt.jar=4374 -Dfile.encoding=UTF-8 -Dsun.stdout.encoding=UTF-8 -Dsun.stderr.encoding=UTF-8 
java_command: com.project.picngo.PicngoApplication
java_class_path (initial): C:\Users\jmmo0722\Desktop\project\PNG_backend\build\classes\java\main;C:\Users\jmmo0722\Desktop\project\PNG_backend\build\resources\main;C:\Users\jmmo0722\.gradle\caches\modules-2\files-2.1\org.projectlombok\lombok\1.18.46\a5cfe99fdf320e84955ef653f2ce1bf789d11385\lombok-1.18.46.jar;C:\Users\jmmo0722\.gradle\caches\modules-2\files-2.1\org.springframework.boot\spring-boot-starter-data-jpa\4.0.6\7ae183d29edb5b8583685ea71021105eafc99ad9\spring-boot-starter-data-jpa-4.0.6.jar;C:\Users\jmmo0722\.gradle\caches\modules-2\files-2.1\org.springframework.boot\spring-boot-starter-data-redis\4.0.6\347f6b1eea40662ac1e1ec58495905deb8460438\spring-boot-starter-data-redis-4.0.6.jar;C:\Users\jmmo0722\.gradle\caches\modules-2\files-2.1\org.springframework.boot\spring-boot-starter-amqp\4.0.6\b38ca109ad04a13f54d8af44146c499b7c9ccd15\spring-boot-starter-amqp-4.0.6.jar;C:\Users\jmmo0722\.gradle\caches\modules-2\files-2.1\org.springframework.boot\spring-boot-starter-security-oauth2-client\4.0.6\225a6710778182046cf0bd46059f3170d642eb6d\spring-boot-starter-security-oauth2-client-4.0.6.jar;C:\Users\jmmo0722\.gradle\caches\modules-2\files-2.1\org.springframework.boot\spring-boot-starter-security\4.0.6\91ca1c3f8bd520a21d1c0f76d4dfc00f063cf341\spring-boot-starter-security-4.0.6.jar;C:\Users\jmmo0722\.gradle\caches\modules-2\files-2.1\org.springframework.boot\spring-boot-starter-validation\4.0.6\1073fb7a768fe557bd5cc7bd26a2ed3ef08cc701\spring-boot-starter-validation-4.0.6.jar;C:\Users\jmmo0722\.gradle\caches\modules-2\files-2.1\org.springframework.boot\spring-boot-starter-websocket\4.0.6\112faa3d8e866277472263d739c267214d316a4c\spring-boot-starter-websocket-4.0.6.jar;C:\Users\jmmo0722\.gradle\caches\modules-2\files-2.1\org.springframework.boot\spring-boot-starter-webmvc\4.0.6\a7ac55e4eb7cf4d2931557135f90870003641290\spring-boot-starter-webmvc-4.0.6.jar;C:\Users\jmmo0722\.gradle\caches\modules-2\files-2.1\org.springframework.boot\spring-boot-starter-actuator\4.0.6\a225366838915974c39449e201de012d4d88a609\spring-boot-starter-actuator-4.0.6.jar;C:\Users\jmmo0722\.gradle\caches\modules-2\files-2.1\io.micrometer\micrometer-registry-prometheus\1.16.5\cde72d1c305727e20397170a8c46c2fa88c12e9e\micrometer-registry-prometheus-1.16.5.jar;C:\Users\jmmo0722\.gradle\caches\modules-2\files-2.1\org.springframework.boot\spring-boot-starter-webflux\4.0.6\df4370b1c7ded21522f3f4c0f4196e0cc5a7ac84\spring-boot-starter-webflux-4.0.6.jar;C:\Users\jmmo0722\.gradle\caches\modules-2\files-2.1\io.github.resilience4j\resilience4j-circuitbreaker\2.3.0\995e75097efdd303cf4b2403841fe27a32d9e939\resilience4j-circuitbreaker-2.3.0.jar;C:\Users\jmmo0722\.gradle\caches\modules-2\files-2.1\org.springdoc\springdoc-openapi-starter-webmvc-ui\3.0.3\7445824e3ce2baaf413ef2c8d2e95eafc894ab75\springdoc-openapi-starter-webmvc-ui-3.0.3.jar;C:\Users\jmmo0722\.gradle\caches\modules-2\files-2.1\org.springframework.boot\spring-boot-starter-mail\4.0.6\4fe4bd5d867be3e3b29d6ccb5ccbcdc2b76170a3\spring-boot-starter-mail-4.0.6.jar;C:\Users\jmmo0722\.gradle\caches\modules-2\files-2.1\io.jsonwebtoken\jjwt-api\0.12.6\478886a888f6add04937baf0361144504a024967\jjwt-api-0.12.6.jar;C:\Users\jmmo0722\.gradle\caches\modules-2\files-2.1\com.google.firebase\firebase-admin\9.2.0\92f5b2f4da778efcd82c9421a0eccae70b11030c\firebase-admin-9.2.0.jar;C:\Users\jmmo0722\.gradle\caches\modules-2\files-2.1\org.yaml\snakeyaml\2.5\2d53ddec134280cb384c1e35d094e5f71c1f2316\snakeyaml-2.5.jar;C:\Users\jmmo0722\.gradle\caches\modules-2\files-2.1\com.drewnoakes\metadata-extractor\2.19.0\4d3ab42dd9965b8f2b8bd1b7572e028d6f90a34f\metadata-extractor-2.19.0.jar;C:\Users\jmmo0722\.gradle\caches\modules-2\files-2.1\software.amazon.awssdk\s3\2.25.70\8d53e7444449f1d111a48c39012bddba9f646ce5\s3-2.25.70.jar;C:\Users\jmmo0722\.gradle\caches\modules-2\files-2.1\software.amazon.awssdk\auth\2.25.70\d871c8ef6346437ce23dfa7724bbbce7c47cd01d\auth-2.25.70.jar;C:\Users\jmmo0722\.gradle\caches\modules-2\files-2.1\org.springframework.boot\spring-boot-starter-jdbc\4.0.6\134232052dcbf089ff52e37aea3ae81c9448c746\spring-boot-starter-jdbc-4.0.6.jar;C:\Users\jmmo0722\.gradle\caches\modules-2\files-2.1\org.springframework.boot\spring-boot-starter\4.0.6\589f058443a5ca53cf38253fa05aa69dd0e87e0e\spring-boot-starter-4.0.6.jar;C:\Users\jmmo0722\.gradle\caches\modules-2\files-2.1\org.springframework.boot\spring-boot-data-jpa\4.0.6\e4f73ed89d180378acdad704b1b88d8cfd191862\spring-boot-data-jpa-4.0.6.jar;C:\Users\jmmo0722\.gradle\caches\modules-2\files-2.1\org.springframework.boot\spring-boot-jdbc\4.0.6\fd649f51a6cef57b011167676f67ccfd51901932\spring-boot-jdbc-4.0.6.jar;C:\Users\jmmo0722\.gradle\caches\modules-2\files-2.1\org.springframework.boot\spring-boot-data-redis\4.0.6\968e70ff33ea837a40850e5c038ca2a6d35f2950\spring-boot-data-redis-4.0.6.jar;C:\Users\jmmo0722\.gradle\caches\modules-2\files-2.1\org.springframework.boot\spring-boot-amqp\4.0.6\87047c7d35228361223555e438fce1f18dbe3a07\spring-boot-amqp-4.0.6.jar;C:\Users\jmmo0722\.gradle\caches\modules-2\files-2.1\org.springframework.boot\spring-boot-security-oauth2-client\4.0.6\12b255a21c078428cfa05e002cfc8401605cb1c1\spring-boot-security-oauth2-client-4.0.6.jar;C:\Users\jmmo0722\.gradle\caches\modules-2\files-2.1\org.springframework.security\spring-security-oauth2-jose\7.0.5\77f62f6b557a4d31d45701bbe185945bd78259ed\spring-security-oauth2-jose-7.0.5.jar;C:\Users\jmmo0722\.gradle\caches\modules-2\files-2.1\org.springframework.boot\spring-boot-security\4.0.6\4e2146079f700242c9ded2e149ccd9ab771eb83a\spring-boot-security-4.0.6.jar;C:\Users\jmmo0722\.gradle\caches\modules-2\files-2.1\org.springframework\spring-aop\7.0.7\21045648cc638653fb872da3b3fdd50b1cb7b370\spring-aop-7.0.7.jar;C:\Users\jmmo0722\.gradle\caches\modules-2\files-2.1\org.springframework.boot\spring-boot-validation\4.0.6\51358336fd67ff8db81cf53d1f3cdc86206889bb\spring-boot-validation-4.0.6.jar;C:\Users\jmmo0722\.gradle\caches\modules-2\files-2.1\org.springframework.boot\spring-boot-websocket\4.0.6\61b53c63d89880e8f5f5579bc47980a5cfba027b\spring-boot-websocket-4.0.6.jar;C:\Users\jmmo0722\.gradle\caches\modules-2\files-2.1\org.springframework.boot\spring-boot-starter-jackson\4.0.6\38895733cded8ac4007d7ee028e3bf1f718514f1\spring-boot-starter-jackson-4.0.6.jar;C:\Users\jmmo0722\.gradle\caches\modules-2\files-2.1\org.springframework.boot\spring-boot-starter-tomcat\4.0.6\b646e4b063dacdf5079efcfa685c4a8803ff4ac1\spring-boot-starter-tomcat-4.0.6.jar;C:\Users\jmmo0722\.gradle\caches\modules-2\files-2.1\org.springframework.boot\spring-boot-webmvc\4.0.6\2a5877540d8f8bd4df5071d1848fc0a30384117b\spring-boot-webmvc-4.0.6.jar;C:\Users\jmmo0722\.gradle\caches\modules-2\files-2.1\org.springframework.boot\spring-boot-http-converter\4.0.6\2e880be042b7543e6767d99a8f5777d41e92be93\spring-boot-http-converter-4.0.6.jar;C:\Users\jmmo0722\.gradle\caches\modules-2\files-2.1\org.springframework.boot\spring-boot-starter-micrometer-metrics\4.0.6\fb1dcfc7713f6279ce3919c5a81008632d901594\spring-boot-starter-micrometer-metrics-4.0.6.jar;C:\Users\jmmo0722\.gradle\caches\modules-2\files-2.1\org.springframework.boot\spring-boot-health\4.0.6\992fd269677bb02b751ef1f58621abcff3855ea0\spring-boot-health-4.0.6.jar;C:\Users\jmmo0722\.gradle\caches\modules-2\files-2.1\org.springframework.boot\spring-boot-actuator-autoconfigure\4.0.6\bdd2d4f29031aa35993dbe6425b1092913aac531\spring-boot-actuator-autoconfigure-4.0.6.jar;C:\Users\jmmo0722\.gradle\caches\modules-2\files-2.1\io.micrometer\micrometer-jakarta9\1.16.5\2e98cb69f333a3d2eb78f338c99cb7f11d9c533a\micrometer-jakarta9-1.16.5.jar;C:\Users\jmmo0722\.gradle\caches\modules-2\files-2.1\io.micrometer\micrometer-observation\1.16.5\9dff48a7a9dd84d9083e30a36855bb21a7d6836e\micrometer-observation-1.16.5.jar;C:\Users\jmmo0722\.gradle\caches\modules-2\files-2.1\io.micrometer\micrometer-core\1.16.5\eed1add84bba09a75ac35733cb0ed6bf5a1d3cb7\micrometer-core-1.16.5.jar;C:\Users\jmmo0722\.gradle\caches\modules-2\files-2.1\org.jspecify\jspecify\1.0.0\7425a601c1c7ec76645a78d22b8c6a627edee507\jspecify-1.0.0.jar;C:\Users\jmmo0722\.gradle\caches\modules-2\files-2.1\io.prometheus\prometheus-metrics-core\1.4.3\1f00dc12e0bef05dff593a9abd7a4d626b675b0b\prometheus-metrics-core-1.4.3.jar;C:\Users\jmmo0722\.gradle\caches\modules-2\files-2.1\io.prometheus\prometheus-metrics-tracer-common\1.4.3\67af5fc22c23e695d986a6301e61964efe9c9f80\prometheus-metrics-tracer-common-1.4.3.jar;C:\Users\jmmo0722\.gradle\caches\modules-2\files-2.1\org.springframework.boot\spring-boot-starter-reactor-netty\4.0.6\dbe5c0c7a8156c92eb81a8b60526671dfa0b4ca9\spring-boot-starter-reactor-netty-4.0.6.jar;C:\Users\jmmo0722\.gradle\caches\modules-2\files-2.1\org.springframework.boot\spring-boot-reactor\4.0.6\506c4920d9e7db6d6e7fd8bdcc92a533cad57a31\spring-boot-reactor-4.0.6.jar;C:\Users\jmmo0722\.gradle\caches\modules-2\files-2.1\org.springframework.boot\spring-boot-webflux\4.0.6\f05041dc9e89d92b6e7974914d4e439a675a3066\spring-boot-webflux-4.0.6.jar;C:\Users\jmmo0722\.gradle\caches\modules-2\files-2.1\io.github.resilience4j\resilience4j-core\2.3.0\4df5e76f2e2b15db6971d5102ffa9b494e38cfe\resilience4j-core-2.3.0.jar;C:\Users\jmmo0722\.gradle\caches\modules-2\files-2.1\org.springdoc\springdoc-openapi-starter-webmvc-api\3.0.3\771990e842f24aca1a949bce86b3645d7bd8edc1\springdoc-openapi-starter-webmvc-api-3.0.3.jar;C:\Users\jmmo0722\.gradle\caches\modules-2\files-2.1\org.webjars\webjars-locator-lite\1.1.3\217ce590453251b39b72c4a9af3986998f6fdbd9\webjars-locator-lite-1.1.3.jar;C:\Users\jmmo0722\.gradle\caches\modules-2\files-2.1\org.webjars\swagger-ui\5.32.2\7ab64d00ba57cf2bbca5b64588f5fd540422351c\swagger-ui-5.32.2.jar;C:\Users\jmmo0722\.gradle\caches\modules-2\files-2.1\org.springframework.boot\spring-boot-mail\4.0.6\66e859dd1827de6def1c54c30012b4ae30801f24\spring-boot-mail-4.0.6.jar;C:\Users\jmmo0722\.gradle\caches\modules-2\files-2.1\com.google.cloud\google-cloud-storage\2.22.4\16f67e591ead00bdc67638899ffec91b12eb08e5\google-cloud-storage-2.22.4.jar;C:\Users\jmmo0722\.gradle\caches\modules-2\files-2.1\com.google.api-client\google-api-client-gson\2.2.0\319d792c7df5164ba33f5741b642071915d8c046\google-api-client-gson-2.2.0.jar;C:\Users\jmmo0722\.gradle\caches\modules-2\files-2.1\com.google.api-client\google-api-client\2.2.0\10e53fd4d987e37190432e896bdaa62e8ea2c628\google-api-client-2.2.0.jar;C:\Users\jmmo0722\.gradle\caches\modules-2\files-2.1\com.google.cloud\google-cloud-firestore\3.13.0\c013a2093a5d3289046a1bb1bf6a998aa99520c1\google-cloud-firestore-3.13.0.jar;C:\Users\jmmo0722\.gradle\caches\modules-2\files-2.1\com.google.auth\google-auth-library-oauth2-http\1.17.0\e35ec917193f59d33c51c87c96b04b55cbd87fb7\google-auth-library-oauth2-http-1.17.0.jar;C:\Users\jmmo0722\.gradle\caches\modules-2\files-2.1\com.google.http-client\google-http-client\1.43.1\2ef9413e65319ac448534b424522a2c48087d884\google-http-client-1.43.1.jar;C:\Users\jmmo0722\.gradle\caches\modules-2\files-2.1\com.google.api\api-common\2.12.0\6022f93e9ab205e5804b8e1f6208cf7cce140a87\api-common-2.12.0.jar;C:\Users\jmmo0722\.gradle\caches\modules-2\files-2.1\com.google.guava\guava\31.1-jre\60458f877d055d0c9114d9e1a2efb737b4bc282c\guava-31.1-jre.jar;C:\Users\jmmo0722\.gradle\caches\modules-2\files-2.1\org.slf4j\slf4j-api\2.0.17\d9e58ac9c7779ba3bf8142aff6c830617a7fe60f\slf4j-api-2.0.17.jar;C:\Users\jmmo0722\.gradle\caches\modules-2\files-2.1\io.netty\netty-codec-http\4.2.12.Final\8dbaa045acc60abf333d428dca4339ce36423bd0\netty-codec-http-4.2.12.Final.jar;C:\Users\jmmo0722\.gradle\caches\modules-2\files-2.1\io.netty\netty-handler\4.2.12.Final\1ccb2b1eed54ce049b3ff39fde225014526ab6a0\netty-handler-4.2.12.Final.jar;C:\Users\jmmo0722\.gradle\caches\modules-2\files-2.1\io.netty\netty-transport\4.2.12.Final\e9d42074c3d96cf31ce57cc58f6de6f31959b7a8\netty-transport-4.2.12.Final.jar;C:\Users\jmmo0722\.gradle\caches\modules-2\files-2.1\com.adobe.xmp\xmpcore\6.1.11\852f14101381e527e6d43339d7db1698c970436c\xmpcore-6.1.11.jar;C:\Users\jmmo0722\.gradle\caches\modules-2\files-2.1\software.amazon.awssdk\aws-xml-protocol\2.25.70\300c2c1dd8675e152ae5c06c23d837a1a46da62e\aws-xml-protocol-2.25.70.jar;C:\Users\jmmo0722\.gradle\caches\modules-2\files-2.1\software.amazon.awssdk\aws-core\2.25.70\aa1d3662c4fc7962b8d74f27207cc4b0dcf99a0a\aws-core-2.25.70.jar;C:\Users\jmmo0722\.gradle\caches\modules-2\files-2.1\software.amazon.awssdk\regions\2.25.70\233b1e17203fe28ec109a85a63afd0124060956c\regions-2.25.70.jar;C:\Users\jmmo0722\.gradle\caches\modules-2\files-2.1\software.amazon.awssdk\protocol-core\2.25.70\20e4d8c442175d8e9d486bcac79b7c0b2872b57f\protocol-core-2.25.70.jar;C:\Users\jmmo0722\.gradle\caches\modules-2\files-2.1\software.amazon.awssdk\sdk-core\2.25.70\ce87a4569a2a3a5ace836044bad670f906ef77b\sdk-core-2.25.70.jar;C:\Users\jmmo0722\.gradle\caches\modules-2\files-2.1\software.amazon.awssdk\http-auth-aws\2.25.70\7f20d5007a95bbb106f915f77c66d4eaa4ac4ca3\http-auth-aws-2.25.70.jar;C:\Users\jmmo0722\.gradle\caches\modules-2\files-2.1\software.amazon.awssdk\http-auth\2.25.70\91f836f268143c992b958824ad3af31dd6aed60e\http-auth-2.25.70.jar;C:\Users\jmmo0722\.gradle\caches\modules-2\files-2.1\software.amazon.awssdk\http-auth-spi\2.25.70\cb799354c363034e2a12c2d580b72326e908a1f8\http-auth-spi-2.25.70.jar;C:\Users\jmmo0722\.gradle\caches\modules-2\files-2.1\software.amazon.awssdk\identity-spi\2.25.70\623f4d1c992cab5422e704414e6b7ed691c436cd\identity-spi-2.25.70.jar;C:\Users\jmmo0722\.gradle\caches\modules-2\files-2.1\software.amazon.awssdk\profiles\2.25.70\4f46ba546883684f64af3b248334622274a8881\profiles-2.25.70.jar;C:\Users\jmmo0722\.gradle\caches\modules-2\files-2.1\software.amazon.awssdk\http-client-spi\2.25.70\5ba2695b02105f39f4e19136ad829a5e51f0db84\http-client-spi-2.25.70.jar;C:\Users\jmmo0722\.gradle\caches\modules-2\files-2.1\software.amazon.awssdk\json-utils\2.25.70\c9d0410038f8f7479eead3b3644720c0ac66d518\json-utils-2.25.70.jar;C:\Users\jmmo0722\.gradle\caches\modules-2\files-2.1\software.amazon.awssdk\crt-core\2.25.70\48e4d5dc9394d4e0d40ba44703f4ee4dad3bad14\crt-core-2.25.70.jar;C:\Users\jmmo0722\.gradle\caches\modules-2\files-2.1\software.amazon.awssdk\arns\2.25.70\dd5404f04ef659f94362dc9cceab9fcbb99ccf2c\arns-2.25.70.jar;C:\Users\jmmo0722\.gradle\caches\modules-2\files-2.1\software.amazon.awssdk\metrics-spi\2.25.70\65af2efe4d4f1e4bb443cfe1552f065b0fd0a8dd\metrics-spi-2.25.70.jar;C:\Users\jmmo0722\.gradle\caches\modules-2\files-2.1\software.amazon.awssdk\utils\2.25.70\383a1f8a10209bc6d2a2921b801072cf8ab577ce\utils-2.25.70.jar;C:\Users\jmmo0722\.gradle\caches\modules-2\files-2.1\software.amazon.awssdk\checksums\2.25.70\e26d170f12c42ce5bd5ee7bb01882abb00c0e13a\checksums-2.25.70.jar;C:\Users\jmmo0722\.gradle\caches\modules-2\files-2.1\software.amazon.awssdk\checksums-spi\2.25.70\1e79485aed6aafaae6b459bbc8569474d5d95df1\checksums-spi-2.25.70.jar;C:\Users\jmmo0722\.gradle\caches\modules-2\files-2.1\software.amazon.awssdk\endpoints-spi\2.25.70\110730d5e2aa7936edbc36ae513ed67d3b0d624c\endpoints-spi-2.25.70.jar;C:\Users\jmmo0722\.gradle\caches\modules-2\files-2.1\software.amazon.awssdk\annotations\2.25.70\d9717be2cb099da15425cd0db1519aad4df04375\annotations-2.25.70.jar;C:\Users\jmmo0722\.gradle\caches\modules-2\files-2.1\software.amazon.eventstream\eventstream\1.0.1\6ff8649dffc5190366ada897ba8525a836297784\eventstream-1.0.1.jar;C:\Users\jmmo0722\.gradle\caches\modules-2\files-2.1\com.zaxxer\HikariCP\7.0.2\c2b43c946b86a14a96342379e22b004c56c6166d\HikariCP-7.0.2.jar;C:\Users\jmmo0722\.gradle\caches\modules-2\files-2.1\org.springframework.boot\spring-boot-autoconfigure\4.0.6\95db07bd446a6bc10e791a1502a0c542a81872d1\spring-boot-autoconfigure-4.0.6.jar;C:\Users\jmmo0722\.gradle\caches\modules-2\files-2.1\org.springframework.boot\spring-boot-starter-logging\4.0.6\eb85ce7bf1c9bdc660a267d9cb481470609bac30\spring-boot-starter-logging-4.0.6.jar;C:\Users\jmmo0722\.gradle\caches\modules-2\files-2.1\jakarta.annotation\jakarta.annotation-api\3.0.0\54f928fadec906a99d558536756d171917b9d936\jakarta.annotation-api-3.0.0.jar;C:\Users\jmmo0722\.gradle\caches\modules-2\files-2.1\org.springframework.boot\spring-boot-hibernate\4.0.6\1583369af62ba1e587e6f82c8c95dff5694e63b\spring-boot-hibernate-4.0.6.jar;C:\Users\jmmo0722\.gradle\caches\modules-2\files-2.1\org.springframework.data\spring-data-jpa\4.0.5\fbb375863a4deb4df21b803756b97b767e18559a\spring-data-jpa-4.0.5.jar;C:\Users\jmmo0722\.gradle\caches\modules-2\files-2.1\org.springframework.boot\spring-boot-data-commons\4.0.6\4702c0e63d5164330fbaef7a5e55d0d173cc3ab9\spring-boot-data-commons-4.0.6.jar;C:\Users\jmmo0722\.gradle\caches\modules-2\files-2.1\org.springframework\spring-aspects\7.0.7\e507bc50ddca9ee54c37191f9c96e5f491459d3c\spring-aspects-7.0.7.jar;C:\Users\jmmo0722\.gradle\caches\modules-2\files-2.1\org.springframework.boot\spring-boot-sql\4.0.6\2526bc5a53f0ca3c029a4c02a1360a25c9e226d4\spring-boot-sql-4.0.6.jar;C:\Users\jmmo0722\.gradle\caches\modules-2\files-2.1\org.springframework.boot\spring-boot-transaction\4.0.6\c7ebf15df555b5e8895e936609b1afa0ba2c1264\spring-boot-transaction-4.0.6.jar;C:\Users\jmmo0722\.gradle\caches\modules-2\files-2.1\org.springframework.boot\spring-boot\4.0.6\5bcc4d77a2ff7d18274f2394b5eea1d658e46305\spring-boot-4.0.6.jar;C:\Users\jmmo0722\.gradle\caches\modules-2\files-2.1\org.springframework\spring-jdbc\7.0.7\7369c7cc321b649f291c6222e5982d75878845c5\spring-jdbc-7.0.7.jar;C:\Users\jmmo0722\.gradle\caches\modules-2\files-2.1\org.springframework.data\spring-data-redis\4.0.5\3241888dcd76f1542f9b1049f8c4603628a7ce3a\spring-data-redis-4.0.5.jar;C:\Users\jmmo0722\.gradle\caches\modules-2\files-2.1\io.lettuce\lettuce-core\6.8.2.RELEASE\a9dfbcd214fa6914220013de76da2657d47f8aa5\lettuce-core-6.8.2.RELEASE.jar;C:\Users\jmmo0722\.gradle\caches\modules-2\files-2.1\org.springframework.amqp\spring-rabbit\4.0.3\cbb0b68f91f23472cfb7be333529b3de7cfb49b7\spring-rabbit-4.0.3.jar;C:\Users\jmmo0722\.gradle\caches\modules-2\files-2.1\org.springframework\spring-messaging\7.0.7\5c053835a5c1e561fc3af7a680dbb0ad006be225\spring-messaging-7.0.7.jar;C:\Users\jmmo0722\.gradle\caches\modules-2\files-2.1\org.springframework.security\spring-security-oauth2-client\7.0.5\39a0c597e75bda21150bdad3174f4e46fc0269b4\spring-security-oauth2-client-7.0.5.jar;C:\Users\jmmo0722\.gradle\caches\modules-2\files-2.1\org.springframework.security\spring-security-oauth2-core\7.0.5\11eae201564bf4f23109040ff2ab0d16413c2dcb\spring-security-oauth2-core-7.0.5.jar;C:\Users\jmmo0722\.gradle\caches\modules-2\files-2.1\org.springframework.security\spring-security-core\7.0.5\9d331a891df2aa811eb91ffad056bb5077e471e8\spring-security-core-7.0.5.jar;C:\Users\jmmo0722\.gradle\caches\modules-2\files-2.1\org.springframework\spring-core\7.0.7\4f85340fd463031cd93a0629a0323bb467ae51aa\spring-core-7.0.7.jar;C:\Users\jmmo0722\.gradle\caches\modules-2\files-2.1\com.nimbusds\nimbus-jose-jwt\10.4\ca983d3f13080567e36ea554a15af38f31a0cb4\nimbus-jose-jwt-10.4.jar;C:\Users\jmmo0722\.gradle\caches\modules-2\files-2.1\org.springframework.security\spring-security-config\7.0.5\9d6b471cfcc8fc30bcc139e04f3781242bd5b001\spring-security-config-7.0.5.jar;C:\Users\jmmo0722\.gradle\caches\modules-2\files-2.1\org.springframework.security\spring-security-web\7.0.5\e78938fc30d0cbf40996f7e7d5d955b15bacfe01\spring-security-web-7.0.5.jar;C:\Users\jmmo0722\.gradle\caches\modules-2\files-2.1\org.springframework\spring-beans\7.0.7\1278f23233223c480880b62234c96fb3545ba104\spring-beans-7.0.7.jar;C:\Users\jmmo0722\.gradle\caches\modules-2\files-2.1\org.apache.tomcat.embed\tomcat-embed-el\11.0.21\ab5200daf4fac467fa0e73598cdc10de6ce1c139\tomcat-embed-el-11.0.21.jar;C:\Users\jmmo0722\.gradle\caches\modules-2\files-2.1\org.hibernate.validator\hibernate-validator\9.0.1.Final\28c0e41ecc84d1f0b8b6d81d16e0784e63364e68\hibernate-validator-9.0.1.Final.jar;C:\Users\jmmo0722\.gradle\caches\modules-2\files-2.1\org.springframework\spring-websocket\7.0.7\b22df7ec1d134cf00ba42fca957e92df8a390c93\spring-websocket-7.0.7.jar;C:\Users\jmmo0722\.gradle\caches\modules-2\files-2.1\org.springframework.boot\spring-boot-jackson\4.0.6\506bcf91451a44789dd5d9ef1855d524069140ef\spring-boot-jackson-4.0.6.jar;C:\Users\jmmo0722\.gradle\caches\modules-2\files-2.1\org.springframework.boot\spring-boot-starter-tomcat-runtime\4.0.6\93cb616795ce25f7fd58ef3d1dcc8c3ed2d82578\spring-boot-starter-tomcat-runtime-4.0.6.jar;C:\Users\jmmo0722\.gradle\caches\modules-2\files-2.1\org.springframework.boot\spring-boot-tomcat\4.0.6\46bcbbdd2bddd2a6932bbdcf9ac2d943a83f0629\spring-boot-tomcat-4.0.6.jar;C:\Users\jmmo0722\.gradle\caches\modules-2\files-2.1\org.springframework\spring-webmvc\7.0.7\5d7758ed288cda1eacae4b96defb9eed3a7e561d\spring-webmvc-7.0.7.jar;C:\Users\jmmo0722\.gradle\caches\modules-2\files-2.1\org.springframework.boot\spring-boot-servlet\4.0.6\8a1d703662d560a7826c61a908f5307e795cb370\spring-boot-servlet-4.0.6.jar;C:\Users\jmmo0722\.gradle\caches\modules-2\files-2.1\org.springframework\spring-web\7.0.7\8c6ba7dd1ef6a3d9246b08885185806426daa7ec\spring-web-7.0.7.jar;C:\Users\jmmo0722\.gradle\caches\modules-2\files-2.1\org.springframework.boot\spring-boot-micrometer-metrics\4.0.6\96dbcd4eab73a4fcb2e277c6416d2c0758132689\spring-boot-micrometer-metrics-4.0.6.jar;C:\Users\jmmo0722\.gradle\caches\modules-2\files-2.1\org.springframework.boot\spring-boot-actuator\4.0.6\e5470926718d2c85f574eff0f0f1f264a605a7f\spring-boot-actuator-4.0.6.jar;C:\Users\jmmo0722\.gradle\caches\modules-2\files-2.1\io.micrometer\micrometer-commons\1.16.5\f8c25a4e35d5049d41d8446b111b9891ae407881\micrometer-commons-1.16.5.jar;C:\Users\jmmo0722\.gradle\caches\modules-2\files-2.1\io.prometheus\prometheus-metrics-model\1.4.3\b18da634ccdc033468c0a17e56996de09b4e6b36\prometheus-metrics-model-1.4.3.jar;C:\Users\jmmo0722\.gradle\caches\modules-2\files-2.1\io.prometheus\prometheus-metrics-config\1.4.3\785bf741491702f0e755a6a5c9c58a8127db0683\prometheus-metrics-config-1.4.3.jar;C:\Users\jmmo0722\.gradle\caches\modules-2\files-2.1\org.springframework.boot\spring-boot-reactor-netty\4.0.6\33a44436fe45d3bb6f1e08d7534b67b46155f0ce\spring-boot-reactor-netty-4.0.6.jar;C:\Users\jmmo0722\.gradle\caches\modules-2\files-2.1\io.projectreactor\reactor-core\3.8.5\e3afac59d35d67364b64389e2ed7cd274829df71\reactor-core-3.8.5.jar;C:\Users\jmmo0722\.gradle\caches\modules-2\files-2.1\org.springframework.boot\spring-boot-http-codec\4.0.6\dafce2efbd97d114798d8ce9430f2de3e1954f52\spring-boot-http-codec-4.0.6.jar;C:\Users\jmmo0722\.gradle\caches\modules-2\files-2.1\org.springframework\spring-webflux\7.0.7\82c4539a4db9b3a6b50b181453b4107d86e4282e\spring-webflux-7.0.7.jar;C:\Users\jmmo0722\.gradle\caches\modules-2\files-2.1\org.jetbrains.kotlin\kotlin-stdlib-jdk8\2.2.21\b918b7be03d769ff9b0a3567aaa930e7b8b8a0a6\kotlin-stdlib-jdk8-2.2.21.jar;C:\Users\jmmo0722\.gradle\caches\modules-2\files-2.1\org.springdoc\springdoc-openapi-starter-common\3.0.3\92c4dfa417bf276079bfe9de72ebf0961c72a2cf\springdoc-openapi-starter-common-3.0.3.jar;C:\Users\jmmo0722\.gradle\caches\modules-2\files-2.1\org.springframework.boot\spring-boot-web-server\4.0.6\8a087bc97418b3082fe402b3241260180fa7133e\spring-boot-web-server-4.0.6.jar;C:\Users\jmmo0722\.gradle\caches\modules-2\files-2.1\org.springframework\spring-context-support\7.0.7\22df8ea5093b7e040848616eff0ca557ee7da8e6\spring-context-support-7.0.7.jar;C:\Users\jmmo0722\.gradle\caches\modules-2\files-2.1\jakarta.mail\jakarta.mail-api\2.1.5\be9b3b677ed6083f575c437ebc442a6a4bd2b931\jakarta.mail-api-2.1.5.jar;C:\Users\jmmo0722\.gradle\caches\modules-2\files-2.1\com.fasterxml.jackson.core\jackson-core\2.21.2\7d11eac823392f28d8ee7bda77eaadfccbab83e5\jackson-core-2.21.2.jar;C:\Users\jmmo0722\.gradle\caches\modules-2\files-2.1\com.google.oauth-client\google-oauth-client\1.34.1\4a4f88c5e13143f882268c98239fb85c3b2c6cb2\google-oauth-client-1.34.1.jar;C:\Users\jmmo0722\.gradle\caches\modules-2\files-2.1\com.google.http-client\google-http-client-gson\1.43.1\6f000784f9813ee33f976e42822d98ffacf3dbd\google-http-client-gson-1.43.1.jar;C:\Users\jmmo0722\.gradle\caches\modules-2\files-2.1\com.google.http-client\google-http-client-apache-v2\1.43.1\de73ac2958a45ca67651ce30f47eefa1f7497a6d\google-http-client-apache-v2-1.43.1.jar;C:\Users\jmmo0722\.gradle\caches\modules-2\files-2.1\io.opencensus\opencensus-contrib-http-util\0.31.1\3c13fc5715231fadb16a9b74a44d9d59c460cfa8\opencensus-contrib-http-util-0.31.1.jar;C:\Users\jmmo0722\.gradle\caches\modules-2\files-2.1\commons-codec\commons-codec\1.19.0\8c0dbe3ae883fceda9b50a6c76e745e548073388\commons-codec-1.19.0.jar;C:\Users\jmmo0722\.gradle\caches\modules-2\files-2.1\com.google.code.findbugs\jsr305\3.0.2\25ea2e8b0c338a877313bd4672d3fe056ea78f0d\jsr305-3.0.2.jar;C:\Users\jmmo0722\.gradle\caches\modules-2\files-2.1\com.google.code.gson\gson\2.13.2\48b8230771e573b54ce6e867a9001e75977fe78e\gson-2.13.2.jar;C:\Users\jmmo0722\.gradle\caches\modules-2\files-2.1\com.google.errorprone\error_prone_annotations\2.41.0\4381275efdef6ddfae38f002c31e84cd001c97f0\error_prone_annotations-2.41.0.jar;C:\Users\jmmo0722\.gradle\caches\modules-2\files-2.1\com.google.j2objc\j2objc-annotations\1.3\ba035118bc8bac37d7eff77700720999acd9986d\j2objc-annotations-1.3.jar;C:\Users\jmmo0722\.gradle\caches\modules-2\files-2.1\io.opencensus\opencensus-api\0.31.1\66a60c7201c2b8b20ce495f0295b32bb0ccbbc57\opencensus-api-0.31.1.jar;C:\Users\jmmo0722\.gradle\caches\modules-2\files-2.1\com.google.auto.value\auto-value-annotations\1.10.1\9e5162c15f6033c524134cba05a5e93dc1d37c4b\auto-value-annotations-1.10.1.jar;C:\Users\jmmo0722\.gradle\caches\modules-2\files-2.1\javax.annotation\javax.annotation-api\1.3.2\934c04d3cfef185a8008e7bf34331b79730a9d43\javax.annotation-api-1.3.2.jar;C:\Users\jmmo0722\.gradle\caches\modules-2\files-2.1\com.google.auth\google-auth-library-credentials\1.17.0\d16020e45fc97741407a4dccf76a9d3f62b72964\google-auth-library-credentials-1.17.0.jar;C:\Users\jmmo0722\.gradle\caches\modules-2\files-2.1\com.google.guava\failureaccess\1.0.1\1dcf1de382a0bf95a3d8b0849546c88bac1292c9\failureaccess-1.0.1.jar;C:\Users\jmmo0722\.gradle\caches\modules-2\files-2.1\com.google.guava\listenablefuture\9999.0-empty-to-avoid-conflict-with-guava\b421526c5f297295adef1c886e5246c39d4ac629\listenablefuture-9999.0-empty-to-avoid-conflict-with-guava.jar;C:\Users\jmmo0722\.gradle\caches\modules-2\files-2.1\com.google.http-client\google-http-client-jackson2\1.43.1\995fbf865361d905218e486eb19313d4408ccfd9\google-http-client-jackson2-1.43.1.jar;C:\Users\jmmo0722\.gradle\caches\modules-2\files-2.1\com.google.apis\google-api-services-storage\v1-rev20230301-2.0.0\c9960d48021675f902c2a281af0aa1f1f247d4fd\google-api-services-storage-v1-rev20230301-2.0.0.jar;C:\Users\jmmo0722\.gradle\caches\modules-2\files-2.1\com.google.cloud\google-cloud-core\2.19.0\38bb9bb69f3cb2b32df008840b1d3a2ad2a72594\google-cloud-core-2.19.0.jar;C:\Users\jmmo0722\.gradle\caches\modules-2\files-2.1\com.google.cloud\google-cloud-core-http\2.19.0\1fb3af1a56a219a5c5e11abfbcc088f757109670\google-cloud-core-http-2.19.0.jar;C:\Users\jmmo0722\.gradle\caches\modules-2\files-2.1\com.google.http-client\google-http-client-appengine\1.43.1\c408b784269b46028c133768a439c266f8cbf553\google-http-client-appengine-1.43.1.jar;C:\Users\jmmo0722\.gradle\caches\modules-2\files-2.1\com.google.api\gax-httpjson\0.114.0\e36b3a16155c34d9aca61951b9fb4187d0e8b4f3\gax-httpjson-0.114.0.jar;C:\Users\jmmo0722\.gradle\caches\modules-2\files-2.1\com.google.cloud\google-cloud-core-grpc\2.19.0\3b1f6f7edf66ae3eae2a37aace4af47c55107364\google-cloud-core-grpc-2.19.0.jar;C:\Users\jmmo0722\.gradle\caches\modules-2\files-2.1\com.google.api\gax\2.29.0\90ac2feab769fe45cebf78170ebfcc95edf61e3d\gax-2.29.0.jar;C:\Users\jmmo0722\.gradle\caches\modules-2\files-2.1\com.google.api\gax-grpc\2.29.0\12b1972deeda8a4565fcde39fad46edea9004478\gax-grpc-2.29.0.jar;C:\Users\jmmo0722\.gradle\caches\modules-2\files-2.1\io.grpc\grpc-alts\1.55.1\c7aa82578978402698b884dabfeb6f7922891603\grpc-alts-1.55.1.jar;C:\Users\jmmo0722\.gradle\caches\modules-2\files-2.1\io.grpc\grpc-grpclb\1.55.1\a2b178dedbeb275d8ad3b2b7053aca9ecd97dcc2\grpc-grpclb-1.55.1.jar;C:\Users\jmmo0722\.gradle\caches\modules-2\files-2.1\org.conscrypt\conscrypt-openjdk-uber\2.5.2\d858f142ea189c62771c505a6548d8606ac098fe\conscrypt-openjdk-uber-2.5.2.jar;C:\Users\jmmo0722\.gradle\caches\modules-2\files-2.1\io.grpc\grpc-auth\1.55.1\c420d4e6aaa5fb29cc317c839d776c38aa5d1268\grpc-auth-1.55.1.jar;C:\Users\jmmo0722\.gradle\caches\modules-2\files-2.1\io.grpc\grpc-protobuf\1.55.1\c05c351e1b8ece707119a6ffacc6644e15cc4dfa\grpc-protobuf-1.55.1.jar;C:\Users\jmmo0722\.gradle\caches\modules-2\files-2.1\io.grpc\grpc-protobuf-lite\1.55.1\1b3ff97f1b049153a7b4b15c9664a3c0f2d0aef1\grpc-protobuf-lite-1.55.1.jar;C:\Users\jmmo0722\.gradle\caches\modules-2\files-2.1\io.grpc\grpc-context\1.55.1\12fcb72c22ec83adfc959e74564cf2e4a8d3e8a3\grpc-context-1.55.1.jar;C:\Users\jmmo0722\.gradle\caches\modules-2\files-2.1\com.google.api.grpc\proto-google-iam-v1\1.15.0\62a997565bfe0cc61de5417f551c759960e96bbc\proto-google-iam-v1-1.15.0.jar;C:\Users\jmmo0722\.gradle\caches\modules-2\files-2.1\com.google.protobuf\protobuf-java\3.23.2\f658ef60596ce70251ff9bc118436d5dadc3bd2a\protobuf-java-3.23.2.jar;C:\Users\jmmo0722\.gradle\caches\modules-2\files-2.1\com.google.protobuf\protobuf-java-util\3.23.2\645a4c458c87399503a7a8e3d1dfbe043c94ea4d\protobuf-java-util-3.23.2.jar;C:\Users\jmmo0722\.gradle\caches\modules-2\files-2.1\com.google.api.grpc\proto-google-common-protos\2.20.0\30b43864217dba8c288d6d682352104f50e74c80\proto-google-common-protos-2.20.0.jar;C:\Users\jmmo0722\.gradle\caches\modules-2\files-2.1\org.threeten\threetenbp\1.6.8\4c65b7b43f3fe31350f74cb7d0b2461e111e8dd0\threetenbp-1.6.8.jar;C:\Users\jmmo0722\.gradle\caches\modules-2\files-2.1\com.google.api.grpc\proto-google-cloud-storage-v2\2.22.4-alpha\363e82e6ca6e480ec4e21c56758fa63c5747ef47\proto-google-cloud-storage-v2-2.22.4-alpha.jar;C:\Users\jmmo0722\.gradle\caches\modules-2\files-2.1\com.google.api.grpc\grpc-google-cloud-storage-v2\2.22.4-alpha\6d86724d66d14bad9d3e73c44fee60e9cc0721de\grpc-google-cloud-storage-v2-2.22.4-alpha.jar;C:\Users\jmmo0722\.gradle\caches\modules-2\files-2.1\com.google.api.grpc\gapic-google-cloud-storage-v2\2.22.4-alpha\53b159304866b223ee30731bb6dfdfd5aeb436f0\gapic-google-cloud-storage-v2-2.22.4-alpha.jar;C:\Users\jmmo0722\.gradle\caches\modules-2\files-2.1\io.grpc\grpc-api\1.55.1\1461a75a1550a0d7a2919c33f8638259ef3b255c\grpc-api-1.55.1.jar;C:\Users\jmmo0722\.gradle\caches\modules-2\files-2.1\io.grpc\grpc-stub\1.55.1\2cc81e34b8e1bc4f680a095433a67bb9edc9921\grpc-stub-1.55.1.jar;C:\Users\jmmo0722\.gradle\caches\modules-2\files-2.1\org.checkerframework\checker-qual\3.32.0\54ebd61f46b58b862c779e034073a93489ab3faf\checker-qual-3.32.0.jar;C:\Users\jmmo0722\.gradle\caches\modules-2\files-2.1\org.apache.httpcomponents\httpclient\4.5.14\1194890e6f56ec29177673f2f12d0b8e627dec98\httpclient-4.5.14.jar;C:\Users\jmmo0722\.gradle\caches\modules-2\files-2.1\org.apache.httpcomponents\httpcore\4.4.16\51cf043c87253c9f58b539c9f7e44c8894223850\httpcore-4.4.16.jar;C:\Users\jmmo0722\.gradle\caches\modules-2\files-2.1\com.google.cloud\proto-google-cloud-firestore-bundle-v1\3.13.0\f0373e042c43ba0e23200b651d86b51c2674c9b3\proto-google-cloud-firestore-bundle-v1-3.13.0.jar;C:\Users\jmmo0722\.gradle\caches\modules-2\files-2.1\com.google.api.grpc\proto-google-cloud-firestore-v1\3.13.0\f83a75f59626de2efdf8101a44bbd6f00fff3f62\proto-google-cloud-firestore-v1-3.13.0.jar;C:\Users\jmmo0722\.gradle\caches\modules-2\files-2.1\commons-logging\commons-logging\1.3.6\63e78ca6cd446c0ad166d14f03ed99e7efb3896d\commons-logging-1.3.6.jar;C:\Users\jmmo0722\.gradle\caches\modules-2\files-2.1\io.opencensus\opencensus-contrib-grpc-util\0.31.1\89b1d2f8f64749256983446cbdfae25da5450de7\opencensus-contrib-grpc-util-0.31.1.jar;C:\Users\jmmo0722\.gradle\caches\modules-2\files-2.1\io.grpc\grpc-core\1.55.1\22f7c8a91d325072a2bd4921fbe37145e785c231\grpc-core-1.55.1.jar;C:\Users\jmmo0722\.gradle\caches\modules-2\files-2.1\io.grpc\grpc-netty-shaded\1.55.1\6c7eba2b4ac84024d080e9d410a810548efff419\grpc-netty-shaded-1.55.1.jar;C:\Users\jmmo0722\.gradle\caches\modules-2\files-2.1\io.netty\netty-codec-compression\4.2.12.Final\aa0849118167bc727a8dbdaeccc45d56c1f1e8fb\netty-codec-compression-4.2.12.Final.jar;C:\Users\jmmo0722\.gradle\caches\modules-2\files-2.1\io.netty\netty-codec-base\4.2.12.Final\381b47a0cdd126010a7df1c25d25d7bf55c4fddb\netty-codec-base-4.2.12.Final.jar;C:\Users\jmmo0722\.gradle\caches\modules-2\files-2.1\io.netty\netty-buffer\4.2.12.Final\a1b3a6a4ebaf546860eb119d4e462cd300976ae3\netty-buffer-4.2.12.Final.jar;C:\Users\jmmo0722\.gradle\caches\modules-2\files-2.1\io.netty\netty-common\4.2.12.Final\d35ffb9bf5cc0e05ae7408cf6a682b62dceceafc\netty-common-4.2.12.Final.jar;C:\Users\jmmo0722\.gradle\caches\modules-2\files-2.1\io.netty\netty-transport-native-unix-common\4.2.12.Final\8f8e5e39fcf6bebc8ec4c1d855f4f1335756c50e\netty-transport-native-unix-common-4.2.12.Final.jar;C:\Users\jmmo0722\.gradle\caches\modules-2\files-2.1\io.netty\netty-resolver\4.2.12.Final\c59aa586a12e62d80207a00f9cf18eedf69d1012\netty-resolver-4.2.12.Final.jar;C:\Users\jmmo0722\.gradle\caches\modules-2\files-2.1\software.amazon.awssdk\aws-query-protocol\2.25.70\12e36afc3b1122e3798df7f9950bb6667847e945\aws-query-protocol-2.25.70.jar;C:\Users\jmmo0722\.gradle\caches\modules-2\files-2.1\org.reactivestreams\reactive-streams\1.0.4\3864a1320d97d7b045f729a326e1e077661f31b7\reactive-streams-1.0.4.jar;C:\Users\jmmo0722\.gradle\caches\modules-2\files-2.1\software.amazon.awssdk\third-party-jackson-core\2.25.70\96044f8f0117acb4d34c27dd4624b2f999585a15\third-party-jackson-core-2.25.70.jar;C:\Users\jmmo0722\.gradle\caches\modules-2\files-2.1\org.apache.logging.log4j\log4j-to-slf4j\2.25.4\68df56640a5d245192e91bd2ac89e504b477cc10\log4j-to-slf4j-2.25.4.jar;C:\Users\jmmo0722\.gradle\caches\modules-2\files-2.1\ch.qos.logback\logback-classic\1.5.32\2b1042c50f508f2eb402bd4d22ccbdf94cc37d2e\logback-classic-1.5.32.jar;C:\Users\jmmo0722\.gradle\caches\modules-2\files-2.1\org.slf4j\jul-to-slf4j\2.0.17\524cb6ccc2b68a57604750e1ab8b13b5a786a6aa\jul-to-slf4j-2.0.17.jar;C:\Users\jmmo0722\.gradle\caches\modules-2\files-2.1\org.springframework.boot\spring-boot-jpa\4.0.6\2298c83f9e4473998fe1c695d42f3fcc161f6eb3\spring-boot-jpa-4.0.6.jar;C:\Users\jmmo0722\.gradle\caches\modules-2\files-2.1\org.springframework\spring-orm\7.0.7\c5f883ce3bf4407a8c86751e3fa3a2fac4482626\spring-orm-7.0.7.jar;C:\Users\jmmo0722\.gradle\caches\modules-2\files-2.1\org.hibernate.orm\hibernate-core\7.2.12.Final\9e10d41a4cd7fbb045cb978676dffe23a0adf1e0\hibernate-core-7.2.12.Final.jar;C:\Users\jmmo0722\.gradle\caches\modules-2\files-2.1\org.springframework\spring-context\7.0.7\bd71294ceaa815abcdbbf5e116c9382103845139\spring-context-7.0.7.jar;C:\Users\jmmo0722\.gradle\caches\modules-2\files-2.1\org.springframework.data\spring-data-commons\4.0.5\eed2c7272ba1b13456124949a2bdcbd035ab1154\spring-data-commons-4.0.5.jar;C:\Users\jmmo0722\.gradle\caches\modules-2\files-2.1\org.springframework\spring-tx\7.0.7\c398a2ab7706e16c90be33ff9eaafcb2872d73bf\spring-tx-7.0.7.jar;C:\Users\jmmo0722\.gradle\caches\modules-2\files-2.1\org.antlr\antlr4-runtime\4.13.2\fc3db6d844df652a3d5db31c87fa12757f13691d\antlr4-runtime-4.13.2.jar;C:\Users\jmmo0722\.gradle\caches\modules-2\files-2.1\org.springframework.boot\spring-boot-persistence\4.0.6\43caab2de2aeaf4a7ae9aa5c5e049722697c06a2\spring-boot-persistence-4.0.6.jar;C:\Users\jmmo0722\.gradle\caches\modules-2\files-2.1\org.aspectj\aspectjweaver\1.9.25.1\a713c790da4d794c7dfb542b550d4e44898d5e23\aspectjweaver-1.9.25.1.jar;C:\Users\jmmo0722\.gradle\caches\modules-2\files-2.1\org.springframework.data\spring-data-keyvalue\4.0.5\dd5d28b67256b37c081323b90c2b5376dafb2e15\spring-data-keyvalue-4.0.5.jar;C:\Users\jmmo0722\.gradle\caches\modules-2\files-2.1\org.springframework\spring-oxm\7.0.7\82cd816c1e687fe1e600f162654fc853292cfa3b\spring-oxm-7.0.7.jar;C:\Users\jmmo0722\.gradle\caches\modules-2\files-2.1\redis.clients.authentication\redis-authx-core\0.1.1-beta2\4037345ff29fb22c737bab2ed116a34262718ae5\redis-authx-core-0.1.1-beta2.jar;C:\Users\jmmo0722\.gradle\caches\modules-2\files-2.1\io.netty\netty-resolver-dns\4.2.12.Final\c7eeea93db8a94947732e318423e5c0d8746e6a9\netty-resolver-dns-4.2.12.Final.jar;C:\Users\jmmo0722\.gradle\caches\modules-2\files-2.1\org.springframework.amqp\spring-amqp\4.0.3\119fe27e4efbd488141a792f92d18ed118054ada\spring-amqp-4.0.3.jar;C:\Users\jmmo0722\.gradle\caches\modules-2\files-2.1\com.rabbitmq\amqp-client\5.27.1\cce50ddb894224c3ef72cf857b544240c100ce76\amqp-client-5.27.1.jar;C:\Users\jmmo0722\.gradle\caches\modules-2\files-2.1\com.nimbusds\oauth2-oidc-sdk\11.26.1\fe01570e55df6e4d56ecc0a481d5ccf95ae1363\oauth2-oidc-sdk-11.26.1.jar;C:\Users\jmmo0722\.gradle\caches\modules-2\files-2.1\org.springframework\spring-expression\7.0.7\90c3dc3174244786c33eb3a2be8c5006cfc7389b\spring-expression-7.0.7.jar;C:\Users\jmmo0722\.gradle\caches\modules-2\files-2.1\org.springframework.security\spring-security-crypto\7.0.5\e18e190fe0b55b0e28ae4a64c59bb2efe5406466\spring-security-crypto-7.0.5.jar;C:\Users\jmmo0722\.gradle\caches\modules-2\files-2.1\jakarta.validation\jakarta.validation-api\3.1.1\ec8622148afc5564235d17af80ea80288d0e7f92\jakarta.validation-api-3.1.1.jar;C:\Users\jmmo0722\.gradle\caches\modules-2\files-2.1\org.jboss.logging\jboss-logging\3.6.3.Final\1cc9f976725720bb4a66f80af3e3aa6b9890d969\jboss-logging-3.6.3.Final.jar;C:\Users\jmmo0722\.gradle\caches\modules-2\files-2.1\com.fasterxml\classmate\1.7.3\f61c7e7b81e9249b0f6a05914eff9d54fb09f4a0\classmate-1.7.3.jar;C:\Users\jmmo0722\.gradle\caches\modules-2\files-2.1\tools.jackson.core\jackson-databind\3.1.2\2550e04829fc14566ddab7b9564ba886a9c6a532\jackson-databind-3.1.2.jar;C:\Users\jmmo0722\.gradle\caches\modules-2\files-2.1\org.apache.tomcat.embed\tomcat-embed-websocket\11.0.21\abed2f9a4a8d7e8b8dfe492b1c6e58ea73825db\tomcat-embed-websocket-11.0.21.jar;C:\Users\jmmo0722\.gradle\caches\modules-2\files-2.1\org.apache.tomcat.embed\tomcat-embed-core\11.0.21\6d53989fe9f9416eb1295a9c53c7b6fb8e3c04bb\tomcat-embed-core-11.0.21.jar;C:\Users\jmmo0722\.gradle\caches\modules-2\files-2.1\org.springframework.boot\spring-boot-micrometer-observation\4.0.6\ab486802d7623d00f02ee9838d94af66636b440c\spring-boot-micrometer-observation-4.0.6.jar;C:\Users\jmmo0722\.gradle\caches\modules-2\files-2.1\io.projectreactor.netty\reactor-netty-http\1.3.5\dd693f3211b1c92619fabaf88bb4c5dd13a2d57\reactor-netty-http-1.3.5.jar;C:\Users\jmmo0722\.gradle\caches\modules-2\files-2.1\org.jetbrains.kotlin\kotlin-stdlib-jdk7\2.2.21\e328a92364cf922b413ad28b70861e373aa6339c\kotlin-stdlib-jdk7-2.2.21.jar;C:\Users\jmmo0722\.gradle\caches\modules-2\files-2.1\org.jetbrains.kotlin\kotlin-stdlib\2.2.21\fa374a986e128314c3db00a20aae55f72a258511\kotlin-stdlib-2.2.21.jar;C:\Users\jmmo0722\.gradle\caches\modules-2\files-2.1\io.swagger.core.v3\swagger-core-jakarta\2.2.47\dfc9823d4661ab1caa06f55977e15af795d3328e\swagger-core-jakarta-2.2.47.jar;C:\Users\jmmo0722\.gradle\caches\modules-2\files-2.1\jakarta.activation\jakarta.activation-api\2.1.4\9e5c2a0d75dde71a0bedc4dbdbe47b78a5dc50f8\jakarta.activation-api-2.1.4.jar;C:\Users\jmmo0722\.gradle\caches\modules-2\files-2.1\org.apache.logging.log4j\log4j-api\2.25.4\89ff2217b193fb187b134aa6ebcbfa8a28b018a9\log4j-api-2.25.4.jar;C:\Users\jmmo0722\.gradle\caches\modules-2\files-2.1\biz.aQute.bnd\biz.aQute.bnd.annotation\7.1.0\2f2be18c936d08cf46ea6cfa0043f34afdf38705\biz.aQute.bnd.annotation-7.1.0.jar;C:\Users\jmmo0722\.gradle\caches\modules-2\files-2.1\org.osgi\org.osgi.annotation.bundle\2.0.0\f5c2cd6e670c3c5d440d3003efd5ef2ead5c68eb\org.osgi.annotation.bundle-2.0.0.jar;C:\Users\jmmo0722\.gradle\caches\modules-2\files-2.1\org.osgi\org.osgi.annotation.versioning\1.1.2\dc3cd4ec96c0b3c5459fe00694bd73a816ecf93e\org.osgi.annotation.versioning-1.1.2.jar;C:\Users\jmmo0722\.gradle\caches\modules-2\files-2.1\ch.qos.logback\logback-core\1.5.32\fdfb3ff9a842303d4a95207294a6c6bc64e2605d\logback-core-1.5.32.jar;C:\Users\jmmo0722\.gradle\caches\modules-2\files-2.1\jakarta.persistence\jakarta.persistence-api\3.2.0\bb75a113f3fa191c2c7ee7b206d8e674251b3129\jakarta.persistence-api-3.2.0.jar;C:\Users\jmmo0722\.gradle\caches\modules-2\files-2.1\jakarta.transaction\jakarta.transaction-api\2.0.1\51a520e3fae406abb84e2e1148e6746ce3f80a1a\jakarta.transaction-api-2.0.1.jar;C:\Users\jmmo0722\.gradle\caches\modules-2\files-2.1\io.netty\netty-codec-dns\4.2.12.Final\d65d2be0cd872c5bb08378b4090232ea3d50793c\netty-codec-dns-4.2.12.Final.jar;C:\Users\jmmo0722\.gradle\caches\modules-2\files-2.1\io.netty\netty-codec\4.2.12.Final\67b917da20425d325081eb056883b47e1671430\netty-codec-4.2.12.Final.jar;C:\Users\jmmo0722\.gradle\caches\modules-2\files-2.1\com.github.stephenc.jcip\jcip-annotations\1.0-1\ef31541dd28ae2cefdd17c7ebf352d93e9058c63\jcip-annotations-1.0-1.jar;C:\Users\jmmo0722\.gradle\caches\modules-2\files-2.1\com.nimbusds\content-type\2.3\e3aa0be212d7a42839a8f3f506f5b990bcce0222\content-type-2.3.jar;C:\Users\jmmo0722\.gradle\caches\modules-2\files-2.1\net.minidev\json-smart\2.6.0\5f858a43a325a8673da6869ab2bc787a1bcb2244\json-smart-2.6.0.jar;C:\Users\jmmo0722\.gradle\caches\modules-2\files-2.1\com.nimbusds\lang-tag\1.7\97c73ecd70bc7e8eefb26c5eea84f251a63f1031\lang-tag-1.7.jar;C:\Users\jmmo0722\.gradle\caches\modules-2\files-2.1\tools.jackson.core\jackson-core\3.1.2\d0da2e67ffb0b7cf5aba0436b315aa3eb3eb37ca\jackson-core-3.1.2.jar;C:\Users\jmmo0722\.gradle\caches\modules-2\files-2.1\com.fasterxml.jackson.core\jackson-annotations\2.21\b1bc1868bf02dc0bd6c7836257a036a331005309\jackson-annotations-2.21.jar;C:\Users\jmmo0722\.gradle\caches\modules-2\files-2.1\io.projectreactor.netty\reactor-netty-core\1.3.5\9cfa82dfe196206b61e55a053c82ad02af8a1d07\reactor-netty-core-1.3.5.jar;C:\Users\jmmo0722\.gradle\caches\modules-2\files-2.1\io.netty\netty-codec-http2\4.2.12.Final\383b786cfc2549978390a2881ff3c146cc22bb54\netty-codec-http2-4.2.12.Final.jar;C:\Users\jmmo0722\.gradle\caches\modules-2\files-2.1\io.netty\netty-codec-http3\4.2.12.Final\4c1d110b95a00688f288bc93d11acb6dba3466ca\netty-codec-http3-4.2.12.Final.jar;C:\Users\jmmo0722\.gradle\caches\modules-2\files-2.1\io.netty\netty-resolver-dns-native-macos\4.2.12.Final\bd83e728616629cb62b1dd6ee2366498139dea23\netty-resolver-dns-native-macos-4.2.12.Final-osx-x86_64.jar;C:\Users\jmmo0722\.gradle\caches\modules-2\files-2.1\io.netty\netty-transport-native-epoll\4.2.12.Final\d5e896a5de7e630a79cb3e02fc4de8a6e69ad4cd\netty-transport-native-epoll-4.2.12.Final-linux-x86_64.jar;C:\Users\jmmo0722\.gradle\caches\modules-2\files-2.1\org.jetbrains\annotations\13.0\919f0dfe192fb4e063e7dacadee7f8bb9a2672a9\annotations-13.0.jar;C:\Users\jmmo0722\.gradle\caches\modules-2\files-2.1\com.fasterxml.jackson.datatype\jackson-datatype-jsr310\2.21.2\65b0cef8d997561541b7db6bbb1f6d42913b60e0\jackson-datatype-jsr310-2.21.2.jar;C:\Users\jmmo0722\.gradle\caches\modules-2\files-2.1\com.fasterxml.jackson.core\jackson-databind\2.21.2\71ab8ff75b4fd74afdee0004173fdd15de1d6a28\jackson-databind-2.21.2.jar;C:\Users\jmmo0722\.gradle\caches\modules-2\files-2.1\com.fasterxml.jackson.dataformat\jackson-dataformat-yaml\2.21.2\61694c28cd9661c97cf160c9858ec9658360ae71\jackson-dataformat-yaml-2.21.2.jar;C:\Users\jmmo0722\.gradle\caches\modules-2\files-2.1\jakarta.xml.bind\jakarta.xml.bind-api\4.0.4\d6d2327f3817d9a33a3b6b8f2e15a96bc2e7afdc\jakarta.xml.bind-api-4.0.4.jar;C:\Users\jmmo0722\.gradle\caches\modules-2\files-2.1\io.swagger.core.v3\swagger-models-jakarta\2.2.47\2234b19a2a855f70e33310c4339d872fca7d88fc\swagger-models-jakarta-2.2.47.jar;C:\Users\jmmo0722\.gradle\caches\modules-2\files-2.1\org.apache.commons\commons-lang3\3.19.0\d6524b169a6574cd253760c472d419b47bfd37e6\commons-lang3-3.19.0.jar;C:\Users\jmmo0722\.gradle\caches\modules-2\files-2.1\io.swagger.core.v3\swagger-annotations-jakarta\2.2.47\a4e49cd45a337ad6b9111c5e12b2573d39790051\swagger-annotations-jakarta-2.2.47.jar;C:\Users\jmmo0722\.gradle\caches\modules-2\files-2.1\org.osgi\org.osgi.resource\1.0.0\343c88949132984b3f2d4175a72c40b77dc65619\org.osgi.resource-1.0.0.jar;C:\Users\jmmo0722\.gradle\caches\modules-2\files-2.1\org.osgi\org.osgi.service.serviceloader\1.0.0\3728ff37909c6a3c1870b3e851342d9f2bd3cc63\org.osgi.service.serviceloader-1.0.0.jar;C:\Users\jmmo0722\.gradle\caches\modules-2\files-2.1\io.netty\netty-codec-protobuf\4.2.12.Final\7e6fc323518e56cc57a5d0769e1d03140cf111d9\netty-codec-protobuf-4.2.12.Final.jar;C:\Users\jmmo0722\.gradle\caches\modules-2\files-2.1\io.netty\netty-codec-marshalling\4.2.12.Final\c05e35c4309627b3148104f9f14be7fd6cff690\netty-codec-marshalling-4.2.12.Final.jar;C:\Users\jmmo0722\.gradle\caches\modules-2\files-2.1\net.minidev\accessors-smart\2.6.0\2d96f1d9b6ab7f13261aa81b15703574185747a0\accessors-smart-2.6.0.jar;C:\Users\jmmo0722\.gradle\caches\modules-2\files-2.1\io.netty\netty-handler-proxy\4.2.12.Final\2304d930dcd2c2ba3537318395361944938e3d42\netty-handler-proxy-4.2.12.Final.jar;C:\Users\jmmo0722\.gradle\caches\modules-2\files-2.1\io.netty\netty-codec-classes-quic\4.2.12.Final\7b393e85c2017ad4f63ac5cc8700babd28934061\netty-codec-classes-quic-4.2.12.Final.jar;C:\Users\jmmo0722\.gradle\caches\modules-2\files-2.1\io.netty\netty-resolver-dns-classes-macos\4.2.12.Final\58388fa99f61a3e6874387e10107a809de16f561\netty-resolver-dns-classes-macos-4.2.12.Final.jar;C:\Users\jmmo0722\.gradle\caches\modules-2\files-2.1\io.netty\netty-transport-classes-epoll\4.2.12.Final\208f99e5eb334344c51eb921563cd04a3458df66\netty-transport-classes-epoll-4.2.12.Final.jar;C:\Users\jmmo0722\.gradle\caches\modules-2\files-2.1\org.ow2.asm\asm\9.7.1\f0ed132a49244b042cd0e15702ab9f2ce3cc8436\asm-9.7.1.jar;C:\Users\jmmo0722\.gradle\caches\modules-2\files-2.1\io.netty\netty-codec-socks\4.2.12.Final\e7114ff84cea11086b33367468f5cae16aa727a8\netty-codec-socks-4.2.12.Final.jar;C:\Users\jmmo0722\.gradle\caches\modules-2\files-2.1\org.springframework.boot\spring-boot-devtools\4.0.6\2f45ebafbfc961cf55d4aa4a49bc1637bd6d0d2\spring-boot-devtools-4.0.6.jar;C:\Users\jmmo0722\.gradle\caches\modules-2\files-2.1\io.jsonwebtoken\jjwt-impl\0.12.6\ac23673a84b6089e0369fb8ab2c69edd91cd6eb0\jjwt-impl-0.12.6.jar;C:\Users\jmmo0722\.gradle\caches\modules-2\files-2.1\io.jsonwebtoken\jjwt-jackson\0.12.6\f141e0c1136ba17f2632858238a31ae05642dbf8\jjwt-jackson-0.12.6.jar;C:\Users\jmmo0722\.gradle\caches\modules-2\files-2.1\com.mysql\mysql-connector-j\9.7.0\4e6e3e8765e4a9d0609744b3e8fe75afe1b98cba\mysql-connector-j-9.7.0.jar;C:\Users\jmmo0722\.gradle\caches\modules-2\files-2.1\io.prometheus\prometheus-metrics-exposition-formats\1.4.3\14eeb4e0a6a366d6b7562e4457e2a863b837b5bd\prometheus-metrics-exposition-formats-1.4.3.jar;C:\Users\jmmo0722\.gradle\caches\modules-2\files-2.1\software.amazon.awssdk\apache-client\2.25.70\92b50418f5702060545c9389c3263e9a16d90a22\apache-client-2.25.70.jar;C:\Users\jmmo0722\.gradle\caches\modules-2\files-2.1\software.amazon.awssdk\netty-nio-client\2.25.70\1d24aa441b1b620831fcbce425eaef38168479be\netty-nio-client-2.25.70.jar;C:\Users\jmmo0722\.gradle\caches\modules-2\files-2.1\com.google.protobuf\protobuf-java\4.31.1\1828b20315b63d5f71b3c61b094494a8f1acdc5a\protobuf-java-4.31.1.jar;C:\Users\jmmo0722\.gradle\caches\modules-2\files-2.1\org.springframework.boot\spring-boot-netty\4.0.6\3b4262348951f383dbe48b57628b6ea12fa4d0d7\spring-boot-netty-4.0.6.jar;C:\Users\jmmo0722\.gradle\caches\modules-2\files-2.1\org.hdrhistogram\HdrHistogram\2.2.2\7959933ebcc0f05b2eaa5af0a0c8689fa257b15c\HdrHistogram-2.2.2.jar;C:\Users\jmmo0722\.gradle\caches\modules-2\files-2.1\org.latencyutils\LatencyUtils\2.0.3\769c0b82cb2421c8256300e907298a9410a2a3d3\LatencyUtils-2.0.3.jar;C:\Users\jmmo0722\.gradle\caches\modules-2\files-2.1\io.prometheus\prometheus-metrics-exposition-textformats\1.4.3\3a4f58da44fdb1a26bbda60cf38930db62f2f887\prometheus-metrics-exposition-textformats-1.4.3.jar;C:\Users\jmmo0722\.gradle\caches\modules-2\files-2.1\org.eclipse.angus\angus-mail\2.0.5\427f6d52ec0782f7efaca0c0732042e347a6cb4f\angus-mail-2.0.5.jar;C:\Users\jmmo0722\.gradle\caches\modules-2\files-2.1\io.perfmark\perfmark-api\0.26.0\ef65452adaf20bf7d12ef55913aba24037b82738\perfmark-api-0.26.0.jar;C:\Users\jmmo0722\.gradle\caches\modules-2\files-2.1\com.google.android\annotations\4.1.1.4\a1678ba907bf92691d879fef34e1a187038f9259\annotations-4.1.1.4.jar;C:\Users\jmmo0722\.gradle\caches\modules-2\files-2.1\org.codehaus.mojo\animal-sniffer-annotations\1.23\3c0daebd5f0e1ce72cc50c818321ac957aeb5d70\animal-sniffer-annotations-1.23.jar;C:\Users\jmmo0722\.gradle\caches\modules-2\files-2.1\io.grpc\grpc-googleapis\1.55.1\99f15db2412900a28397ba223074639f6d21c7e8\grpc-googleapis-1.55.1.jar;C:\Users\jmmo0722\.gradle\caches\modules-2\files-2.1\io.grpc\grpc-xds\1.55.1\38229a134dbf67a40aaaa963afd2522ca03230bd\grpc-xds-1.55.1.jar;C:\Users\jmmo0722\.gradle\caches\modules-2\files-2.1\io.opencensus\opencensus-proto\0.2.0\c05b6b32b69d5d9144087ea0ebc6fab183fb9151\opencensus-proto-0.2.0.jar;C:\Users\jmmo0722\.gradle\caches\modules-2\files-2.1\io.grpc\grpc-services\1.55.1\979879a4c11160b20ec2f04b739ecb0048b1bc00\grpc-services-1.55.1.jar;C:\Users\jmmo0722\.gradle\caches\modules-2\files-2.1\com.google.re2j\re2j\1.6\a13e879fd7971738d06020fefeb108cc14e14169\re2j-1.6.jar;C:\Users\jmmo0722\.gradle\caches\modules-2\files-2.1\io.grpc\grpc-rls\1.55.1\450e56087cc69eec057d5a056fea5923d14b4e11\grpc-rls-1.55.1.jar;C:\Users\jmmo0722\.gradle\caches\modules-2\files-2.1\org.eclipse.angus\angus-activation\2.0.3\7f80607ea5014fef0b1779e6c33d63a88a45a563\angus-activation-2.0.3.jar;C:\Users\jmmo0722\.gradle\caches\modules-2\files-2.1\org.hibernate.models\hibernate-models\1.0.1\3158c5f9309494b905de62c72f6f02d108aea651\hibernate-models-1.0.1.jar;C:\Users\jmmo0722\.gradle\caches\modules-2\files-2.1\org.glassfish.jaxb\jaxb-runtime\4.0.6\fb95ebb62564657b2fedfe165b859789ef3a8711\jaxb-runtime-4.0.6.jar;C:\Users\jmmo0722\.gradle\caches\modules-2\files-2.1\net.bytebuddy\byte-buddy\1.17.8\af5735f63d00ca47a9375fae5c7471a36331c6ed\byte-buddy-1.17.8.jar;C:\Users\jmmo0722\.gradle\caches\modules-2\files-2.1\jakarta.inject\jakarta.inject-api\2.0.1\4c28afe1991a941d7702fe1362c365f0a8641d1e\jakarta.inject-api-2.0.1.jar;C:\Users\jmmo0722\.gradle\caches\modules-2\files-2.1\org.glassfish.jaxb\jaxb-core\4.0.6\8e61282303777fc98a00cc3affd0560d68748a75\jaxb-core-4.0.6.jar;C:\Users\jmmo0722\.gradle\caches\modules-2\files-2.1\io.netty\netty-codec-native-quic\4.2.12.Final\37988fd1ec666656915fd418aded37a01bc65941\netty-codec-native-quic-4.2.12.Final-linux-aarch_64.jar;C:\Users\jmmo0722\.gradle\caches\modules-2\files-2.1\io.netty\netty-codec-native-quic\4.2.12.Final\632cc4feab6a0583e5a879e05c59acb4bef5d8b0\netty-codec-native-quic-4.2.12.Final-linux-x86_64.jar;C:\Users\jmmo0722\.gradle\caches\modules-2\files-2.1\io.netty\netty-codec-native-quic\4.2.12.Final\ca327d4c0132005fc0bcbe33c110c500083c0740\netty-codec-native-quic-4.2.12.Final-osx-aarch_64.jar;C:\Users\jmmo0722\.gradle\caches\modules-2\files-2.1\io.netty\netty-codec-native-quic\4.2.12.Final\54a84890c0a4ef4b44e5c3919b09f67e229d6233\netty-codec-native-quic-4.2.12.Final-osx-x86_64.jar;C:\Users\jmmo0722\.gradle\caches\modules-2\files-2.1\io.netty\netty-codec-native-quic\4.2.12.Final\e794e36f597a26879225ed839c2ee4687a1f21b7\netty-codec-native-quic-4.2.12.Final-windows-x86_64.jar;C:\Users\jmmo0722\.gradle\caches\modules-2\files-2.1\org.glassfish.jaxb\txw2\4.0.6\4f4cd53b5ff9a2c5aa1211f15ed2569c57dfb044\txw2-4.0.6.jar;C:\Users\jmmo0722\.gradle\caches\modules-2\files-2.1\com.sun.istack\istack-commons-runtime\4.1.2\18ec117c85f3ba0ac65409136afa8e42bc74e739\istack-commons-runtime-4.1.2.jar
Launcher Type: SUN_STANDARD

[Global flags]
     intx CICompilerCount                          = 4                                         {product} {ergonomic}
     uint ConcGCThreads                            = 3                                         {product} {ergonomic}
     uint G1ConcRefinementThreads                  = 10                                        {product} {ergonomic}
   size_t G1HeapRegionSize                         = 2097152                                   {product} {ergonomic}
    uintx GCDrainStackTargetSize                   = 64                                        {product} {ergonomic}
   size_t InitialHeapSize                          = 232783872                                 {product} {ergonomic}
     bool ManagementServer                         = true                                      {product} {command line}
   size_t MarkStackSize                            = 4194304                                   {product} {ergonomic}
   size_t MaxHeapSize                              = 3716153344                                {product} {ergonomic}
   size_t MaxNewSize                               = 2229272576                                {product} {ergonomic}
   size_t MinHeapDeltaBytes                        = 2097152                                   {product} {ergonomic}
   size_t MinHeapSize                              = 8388608                                   {product} {ergonomic}
    uintx NonNMethodCodeHeapSize                   = 4096                                   {pd product} {ergonomic}
    uintx NonProfiledCodeHeapSize                  = 0                                      {pd product} {ergonomic}
     bool ProfileInterpreter                       = false                                  {pd product} {command line}
    uintx ProfiledCodeHeapSize                     = 0                                      {pd product} {ergonomic}
   size_t SoftMaxHeapSize                          = 3716153344                             {manageable} {ergonomic}
     intx TieredStopAtLevel                        = 1                                         {product} {command line}
     bool UseCompressedOops                        = true                           {product lp64_product} {ergonomic}
     bool UseG1GC                                  = true                                      {product} {ergonomic}
     bool UseLargePagesIndividualAllocation        = false                                  {pd product} {ergonomic}

Logging:
Log output configuration:
 #0: stdout all=warning uptime,level,tags foldmultilines=false
 #1: stderr all=off uptime,level,tags foldmultilines=false

Release file:
IMPLEMENTOR="Eclipse Adoptium" 
IMPLEMENTOR_VERSION="Temurin-21.0.9+10" 
JAVA_RUNTIME_VERSION="21.0.9+10-LTS" 
JAVA_VERSION="21.0.9" 
JAVA_VERSION_DATE="2025-10-21" 
LIBC="default" 
MODULES="java.base java.compiler java.datatransfer java.xml java.prefs java.desktop java.instrument java.logging java.management java.security.sasl java.naming java.rmi java.management.rmi java.net.http java.scripting java.security.jgss java.transaction.xa java.sql java.sql.rowset java.xml.crypto java.se java.smartcardio jdk.accessibility jdk.internal.jvmstat jdk.attach jdk.charsets jdk.internal.opt jdk.zipfs jdk.compiler jdk.crypto.ec jdk.crypto.cryptoki jdk.crypto.mscapi jdk.dynalink jdk.internal.ed jdk.editpad jdk.hotspot.agent jdk.httpserver jdk.incubator.vector jdk.internal.le jdk.internal.vm.ci jdk.internal.vm.compiler jdk.internal.vm.compiler.management jdk.jartool jdk.javadoc jdk.jcmd jdk.management jdk.management.agent jdk.jconsole jdk.jdeps jdk.jdwp.agent jdk.jdi jdk.jfr jdk.jlink jdk.jpackage jdk.jshell jdk.jsobject jdk.jstatd jdk.localedata jdk.management.jfr jdk.naming.dns jdk.naming.rmi jdk.net jdk.nio.mapmode jdk.random jdk.sctp jdk.security.auth jdk.security.jgss jdk.unsupported jdk.unsupported.desktop jdk.xml.dom" 
OS_ARCH="x86_64" 
OS_NAME="Windows" 
SOURCE=".:git:759062135b07" 
BUILD_SOURCE="git:839fa0b45d809157cffd3dc8515aad262a4a1776"
BUILD_SOURCE_REPO="https://github.com/adoptium/temurin-build.git"
SOURCE_REPO="https://github.com/adoptium/jdk21u.git"
FULL_VERSION="21.0.9+10-LTS"
SEMANTIC_VERSION="21.0.9+10"
BUILD_INFO="OS: Windows Server 2022 Version: 10.0"
JVM_VARIANT="Hotspot"
JVM_VERSION="21.0.9+10-LTS"
IMAGE_TYPE="JDK"

Environment Variables:
JAVA_HOME=C:/Program Files/Java/jdk-17
PATH=C:\Program Files\Common Files\Oracle\Java\javapath;C:\WINDOWS\system32;C:\WINDOWS;C:\WINDOWS\System32\Wbem;C:\WINDOWS\System32\WindowsPowerShell\v1.0\;C:\WINDOWS\System32\OpenSSH\;C:\Program Files\Bandizip\;C:\msys64\ucrt64\bin;C:\Program Files\Git\cmd;C:\Users\jmmo0722\Desktop\gradle-9.0.0\bin;C:\Users\jmmo0722\Desktop\gradle-9.0.0;C:\Program Files\Docker\Docker\resources\bin;C:\Program Files\dotnet\;%NVM_HOME%;%NVM_SYMLINK%;C:\Program Files\GitHub CLI\;C:\Program Files\k6\;C:\Users\jmmo0722\bin;C:\Program Files\MySQL\MySQL Shell 8.0\bin\;C:\Users\jmmo0722\AppData\Local\Microsoft\WindowsApps;C:\Program Files\JetBrains\IntelliJ IDEA Community Edition 2024.1.1\bin;C:\Users\jmmo0722\Desktop\flutter\bin;C:\Users\jmmo0722\AppData\Roaming\npm;C:\Users\jmmo0722\AppData\Local\Programs\Antigravity\bin;C:\Users\jmmo0722\AppData\Local\Android\Sdk\platform-tools;C:\Users\jmmo0722\AppData\Local\Programs\Microsoft VS Code\bin;C:\Users\jmmo0722\AppData\Local\nvm;C:\nvm4w\nodejs
USERNAME=jmmo0722
OS=Windows_NT
PROCESSOR_IDENTIFIER=AMD64 Family 25 Model 80 Stepping 0, AuthenticAMD
TMP=C:\Users\jmmo0722\AppData\Local\Temp
TEMP=C:\Users\jmmo0722\AppData\Local\Temp




Periodic native trim disabled

---------------  S Y S T E M  ---------------

OS:
 Windows 11 , 64 bit Build 26100 (10.0.26100.8875)
OS uptime: 27 days 8:00 hours
Hyper-V role detected

CPU: total 12 (initial active 12) (12 cores per cpu, 2 threads per core) family 25 model 80 stepping 0 microcode 0xa50000d, cx8, cmov, fxsr, ht, mmx, 3dnowpref, sse, sse2, sse3, ssse3, sse4a, sse4.1, sse4.2, popcnt, lzcnt, tsc, tscinvbit, avx, avx2, aes, erms, clmul, bmi1, bmi2, adx, sha, fma, vzeroupper, clflush, clflushopt, hv, rdtscp, rdpid, fsrm, f16c, cet_ss
Processor Information for the first 12 processors :
  Max Mhz: 2000, Current Mhz: 2000, Mhz Limit: 2000

Memory: 4k page, system-wide physical 14173M (463M free)
TotalPageFile size 44567M (AvailPageFile size 93M)
current process WorkingSet (physical memory assigned to process): 2279M, peak: 3865M
current process commit charge ("private bytes"): 3744M, peak: 3999M

vm_info: OpenJDK 64-Bit Server VM (21.0.9+10-LTS) for windows-amd64 JRE (21.0.9+10-LTS), built on 2025-10-21T00:00:00Z by "admin" with unknown MS VC++:1942

END.
